Workbook
Name HubLossOne: 'Hub'!$D$33:$D$93
Name HubLossTwo: 'Hub'!$E$33:$E$93
Name DelayMass: 'Delay'!$G$14:$G$35
Name DelayMid: 'Delay'!$H$14:$H$35
Name HubTail: 'Exact'!$B$33:$B$84
Name OrdersTail: 'Orders'!$B$20:$B$64
Name OrdersCount: 'Orders'!$D$20:$D$34
Name GenExactDist: 'HubGeneral'!$C$32:$C$92
Name GenExactLossOne: 'HubGeneral'!$D$32:$D$92
Name GenExactLossTwo: 'HubGeneral'!$E$32:$E$92
Name GenRecipeDist: 'HubGeneral'!$G$32:$G$92
Name GenRecipeLossOne: 'HubGeneral'!$H$32:$H$92
Name GenRecipeLossTwo: 'HubGeneral'!$I$32:$I$92
Name GenShortcutDist: 'HubGeneral'!$K$32:$K$92
Name GenShortcutLossOne: 'HubGeneral'!$L$32:$L$92
Name GenShortcutLossTwo: 'HubGeneral'!$M$32:$M$92
Name PassOneStoreDist: 'Iterate'!$C$49:$C$144
Name PassOneStoreLossOne: 'Iterate'!$D$49:$D$144
Name PassOneStoreLossTwo: 'Iterate'!$E$49:$E$144
Name PassOneHubDist: 'Iterate'!$G$49:$G$214
Name PassOneHubLossOne: 'Iterate'!$H$49:$H$214
Name PassOneHubLossTwo: 'Iterate'!$I$49:$I$214
Name PassTwoStoreDist: 'Iterate'!$C$245:$C$340
Name PassTwoStoreLossOne: 'Iterate'!$D$245:$D$340
Name PassTwoStoreLossTwo: 'Iterate'!$E$245:$E$340
Name PassTwoHubDist: 'Iterate'!$G$245:$G$410
Name PassTwoHubLossOne: 'Iterate'!$H$245:$H$410
Name PassTwoHubLossTwo: 'Iterate'!$I$245:$I$410
Name PassThreeStoreDist: 'Iterate'!$C$441:$C$536
Name PassThreeStoreLossOne: 'Iterate'!$D$441:$D$536
Name PassThreeStoreLossTwo: 'Iterate'!$E$441:$E$536
Name PassThreeHubDist: 'Iterate'!$G$441:$G$606
Name PassThreeHubLossOne: 'Iterate'!$H$441:$H$606
Name PassThreeHubLossTwo: 'Iterate'!$I$441:$I$606

Sheet Hub
A1: The hub, when the storerooms order one at a time
A2: @sec-batchedmultiechelon. Every storeroom demand becomes one request at the hub, so the hub is chapter 8's location.
A4: The item and the network
A5: demand per storeroom | B5: 1 | C5: units a week
A6: storerooms N | B6: 4 | C6: locations
A7: hub lead time L_0 | B7: 3 | C7: weeks
A8: transit O_j | B8: 1 | C8: weeks
A9: holding cost h | B9: 28.75 | C9: dollars a unit a year
A10: backorder cost b | B10: 287.5 | C10: dollars a unit a year
A11: weeks a year | B11: 52 | C11: weeks
A12: lambda_0 | B12: =B5*B6 | C12: units a week reaching the hub
A13: mean lead time demand | B13: =B12*B7 | C13: Poisson, lambda_0 L_0
A14: h per week | B14: =B9/B11 | C14: $/unit/yr x 1 yr/52 wk
A15: b per week | B15: =B10/B11
A17: The hub's policy
A18: reorder point r_0 | B18: 9 | C18: units
A19: order quantity Q_0 | B19: 8 | C19: units
A21: Its measures, averaged over the positions r_0+1 .. r_0+Q_0
A22: expected backorders | B22: =(INDEX(HubLossTwo,B18+1)-INDEX(HubLossTwo,B18+B19+1))/B19
A23: ready rate | B23: =1-(INDEX(HubLossOne,B18+1)-INDEX(HubLossOne,B18+B19+1))/B19
A24: expected on-hand | B24: =(B19+1)/2+B18-B13+B22
A25: E[B(B-1)] | B25: =2/B19*SUM(INDEX(HubLossTwo,B18+1+1):INDEX(HubLossTwo,B18+B19+1))
A26: Var[B] | B26: =B25+B22-B22^2
A27: mean wait, weeks | B27: =B22/B12 | C27: Little's law, over every request
A28: Var[W], weeks squared | B28: =(B26-B22)/B12^2 | C28: the distributional Little's law, in factorial moments
A31: Poisson at the mean lead time demand. G1 is closed form; G2 walks down from mu^2/2.
A32: x | B32: P(X = x) | C32: F(x) | D32: G1(x) | E32: G2(x)
A33: 0 | B33: =_xlfn.POISSON.DIST(A33,$B$13,FALSE) | C33: =_xlfn.POISSON.DIST(A33,$B$13,TRUE) | D33: =($B$13*(1-IF(A33<1,0,_xlfn.POISSON.DIST(A33-1,$B$13,TRUE)))-A33*(1-_xlfn.POISSON.DIST(A33,$B$13,TRUE))) | E33: =$B$13^2/2
A34: 1 | B34: =_xlfn.POISSON.DIST(A34,$B$13,FALSE) | C34: =_xlfn.POISSON.DIST(A34,$B$13,TRUE) | D34: =($B$13*(1-IF(A34<1,0,_xlfn.POISSON.DIST(A34-1,$B$13,TRUE)))-A34*(1-_xlfn.POISSON.DIST(A34,$B$13,TRUE))) | E34: =E33-D34
A35: 2 | B35: =_xlfn.POISSON.DIST(A35,$B$13,FALSE) | C35: =_xlfn.POISSON.DIST(A35,$B$13,TRUE) | D35: =($B$13*(1-IF(A35<1,0,_xlfn.POISSON.DIST(A35-1,$B$13,TRUE)))-A35*(1-_xlfn.POISSON.DIST(A35,$B$13,TRUE))) | E35: =E34-D35
A36: 3 | B36: =_xlfn.POISSON.DIST(A36,$B$13,FALSE) | C36: =_xlfn.POISSON.DIST(A36,$B$13,TRUE) | D36: =($B$13*(1-IF(A36<1,0,_xlfn.POISSON.DIST(A36-1,$B$13,TRUE)))-A36*(1-_xlfn.POISSON.DIST(A36,$B$13,TRUE))) | E36: =E35-D36
A37: 4 | B37: =_xlfn.POISSON.DIST(A37,$B$13,FALSE) | C37: =_xlfn.POISSON.DIST(A37,$B$13,TRUE) | D37: =($B$13*(1-IF(A37<1,0,_xlfn.POISSON.DIST(A37-1,$B$13,TRUE)))-A37*(1-_xlfn.POISSON.DIST(A37,$B$13,TRUE))) | E37: =E36-D37
A38: 5 | B38: =_xlfn.POISSON.DIST(A38,$B$13,FALSE) | C38: =_xlfn.POISSON.DIST(A38,$B$13,TRUE) | D38: =($B$13*(1-IF(A38<1,0,_xlfn.POISSON.DIST(A38-1,$B$13,TRUE)))-A38*(1-_xlfn.POISSON.DIST(A38,$B$13,TRUE))) | E38: =E37-D38
A39: 6 | B39: =_xlfn.POISSON.DIST(A39,$B$13,FALSE) | C39: =_xlfn.POISSON.DIST(A39,$B$13,TRUE) | D39: =($B$13*(1-IF(A39<1,0,_xlfn.POISSON.DIST(A39-1,$B$13,TRUE)))-A39*(1-_xlfn.POISSON.DIST(A39,$B$13,TRUE))) | E39: =E38-D39
A40: 7 | B40: =_xlfn.POISSON.DIST(A40,$B$13,FALSE) | C40: =_xlfn.POISSON.DIST(A40,$B$13,TRUE) | D40: =($B$13*(1-IF(A40<1,0,_xlfn.POISSON.DIST(A40-1,$B$13,TRUE)))-A40*(1-_xlfn.POISSON.DIST(A40,$B$13,TRUE))) | E40: =E39-D40
A41: 8 | B41: =_xlfn.POISSON.DIST(A41,$B$13,FALSE) | C41: =_xlfn.POISSON.DIST(A41,$B$13,TRUE) | D41: =($B$13*(1-IF(A41<1,0,_xlfn.POISSON.DIST(A41-1,$B$13,TRUE)))-A41*(1-_xlfn.POISSON.DIST(A41,$B$13,TRUE))) | E41: =E40-D41
A42: 9 | B42: =_xlfn.POISSON.DIST(A42,$B$13,FALSE) | C42: =_xlfn.POISSON.DIST(A42,$B$13,TRUE) | D42: =($B$13*(1-IF(A42<1,0,_xlfn.POISSON.DIST(A42-1,$B$13,TRUE)))-A42*(1-_xlfn.POISSON.DIST(A42,$B$13,TRUE))) | E42: =E41-D42
A43: 10 | B43: =_xlfn.POISSON.DIST(A43,$B$13,FALSE) | C43: =_xlfn.POISSON.DIST(A43,$B$13,TRUE) | D43: =($B$13*(1-IF(A43<1,0,_xlfn.POISSON.DIST(A43-1,$B$13,TRUE)))-A43*(1-_xlfn.POISSON.DIST(A43,$B$13,TRUE))) | E43: =E42-D43
A44: 11 | B44: =_xlfn.POISSON.DIST(A44,$B$13,FALSE) | C44: =_xlfn.POISSON.DIST(A44,$B$13,TRUE) | D44: =($B$13*(1-IF(A44<1,0,_xlfn.POISSON.DIST(A44-1,$B$13,TRUE)))-A44*(1-_xlfn.POISSON.DIST(A44,$B$13,TRUE))) | E44: =E43-D44
A45: 12 | B45: =_xlfn.POISSON.DIST(A45,$B$13,FALSE) | C45: =_xlfn.POISSON.DIST(A45,$B$13,TRUE) | D45: =($B$13*(1-IF(A45<1,0,_xlfn.POISSON.DIST(A45-1,$B$13,TRUE)))-A45*(1-_xlfn.POISSON.DIST(A45,$B$13,TRUE))) | E45: =E44-D45
... A93: 60 | B93: =_xlfn.POISSON.DIST(A93,$B$13,FALSE) | C93: =_xlfn.POISSON.DIST(A93,$B$13,TRUE) | D93: =($B$13*(1-IF(A93<1,0,_xlfn.POISSON.DIST(A93-1,$B$13,TRUE)))-A93*(1-_xlfn.POISSON.DIST(A93,$B$13,TRUE))) | E93: =E92-D93

Sheet Delay
A1: The wait a request suffers at the hub
A2: @sec-batchedmultiechelon. Waiting at most w is having stock at once with a lead time w shorter.
A4: Read from the Hub sheet
A5: lambda_0 | B5: =Hub!B12
A6: L_0 | B6: =Hub!B7
A7: r_0 | B7: =Hub!B18
A8: Q_0 | B8: =Hub!B19
A10: What the grid gives
A11: P(W = 0), the ready rate | B11: =F14
A12: mean wait, the grid | B12: =SUMPRODUCT(G14:G35,H14:H35)
A13: day k | B13: w, weeks | C13: mean over L_0 - w | D13: G1(r_0) | E13: G1(r_0+Q_0) | F13: P(W <= w) | G13: P(k-1 < W <= k) | H13: midpoint | I13: P(W > w)
A14: 0 | B14: =A14/7 | C14: =IF(B14<$B$6,$B$5*($B$6-B14),0) | D14: =IF(C14>0,(C14*(1-IF($B$7<1,0,_xlfn.POISSON.DIST($B$7-1,C14,TRUE)))-$B$7*(1-_xlfn.POISSON.DIST($B$7,C14,TRUE))),0) | E14: =IF(C14>0,(C14*(1-IF(($B$7+$B$8)<1,0,_xlfn.POISSON.DIST(($B$7+$B$8)-1,C14,TRUE)))-($B$7+$B$8)*(1-_xlfn.POISSON.DIST(($B$7+$B$8),C14,TRUE))),0) | F14: =IF(B14>=$B$6,1,1-(D14-E14)/$B$8) | G14: =F14 | H14: 0 | I14: =1-F14
A15: 1 | B15: =A15/7 | C15: =IF(B15<$B$6,$B$5*($B$6-B15),0) | D15: =IF(C15>0,(C15*(1-IF($B$7<1,0,_xlfn.POISSON.DIST($B$7-1,C15,TRUE)))-$B$7*(1-_xlfn.POISSON.DIST($B$7,C15,TRUE))),0) | E15: =IF(C15>0,(C15*(1-IF(($B$7+$B$8)<1,0,_xlfn.POISSON.DIST(($B$7+$B$8)-1,C15,TRUE)))-($B$7+$B$8)*(1-_xlfn.POISSON.DIST(($B$7+$B$8),C15,TRUE))),0) | F15: =IF(B15>=$B$6,1,1-(D15-E15)/$B$8) | G15: =F15-F14 | H15: =(B14+B15)/2 | I15: =1-F15
A16: 2 | B16: =A16/7 | C16: =IF(B16<$B$6,$B$5*($B$6-B16),0) | D16: =IF(C16>0,(C16*(1-IF($B$7<1,0,_xlfn.POISSON.DIST($B$7-1,C16,TRUE)))-$B$7*(1-_xlfn.POISSON.DIST($B$7,C16,TRUE))),0) | E16: =IF(C16>0,(C16*(1-IF(($B$7+$B$8)<1,0,_xlfn.POISSON.DIST(($B$7+$B$8)-1,C16,TRUE)))-($B$7+$B$8)*(1-_xlfn.POISSON.DIST(($B$7+$B$8),C16,TRUE))),0) | F16: =IF(B16>=$B$6,1,1-(D16-E16)/$B$8) | G16: =F16-F15 | H16: =(B15+B16)/2 | I16: =1-F16
A17: 3 | B17: =A17/7 | C17: =IF(B17<$B$6,$B$5*($B$6-B17),0) | D17: =IF(C17>0,(C17*(1-IF($B$7<1,0,_xlfn.POISSON.DIST($B$7-1,C17,TRUE)))-$B$7*(1-_xlfn.POISSON.DIST($B$7,C17,TRUE))),0) | E17: =IF(C17>0,(C17*(1-IF(($B$7+$B$8)<1,0,_xlfn.POISSON.DIST(($B$7+$B$8)-1,C17,TRUE)))-($B$7+$B$8)*(1-_xlfn.POISSON.DIST(($B$7+$B$8),C17,TRUE))),0) | F17: =IF(B17>=$B$6,1,1-(D17-E17)/$B$8) | G17: =F17-F16 | H17: =(B16+B17)/2 | I17: =1-F17
A18: 4 | B18: =A18/7 | C18: =IF(B18<$B$6,$B$5*($B$6-B18),0) | D18: =IF(C18>0,(C18*(1-IF($B$7<1,0,_xlfn.POISSON.DIST($B$7-1,C18,TRUE)))-$B$7*(1-_xlfn.POISSON.DIST($B$7,C18,TRUE))),0) | E18: =IF(C18>0,(C18*(1-IF(($B$7+$B$8)<1,0,_xlfn.POISSON.DIST(($B$7+$B$8)-1,C18,TRUE)))-($B$7+$B$8)*(1-_xlfn.POISSON.DIST(($B$7+$B$8),C18,TRUE))),0) | F18: =IF(B18>=$B$6,1,1-(D18-E18)/$B$8) | G18: =F18-F17 | H18: =(B17+B18)/2 | I18: =1-F18
A19: 5 | B19: =A19/7 | C19: =IF(B19<$B$6,$B$5*($B$6-B19),0) | D19: =IF(C19>0,(C19*(1-IF($B$7<1,0,_xlfn.POISSON.DIST($B$7-1,C19,TRUE)))-$B$7*(1-_xlfn.POISSON.DIST($B$7,C19,TRUE))),0) | E19: =IF(C19>0,(C19*(1-IF(($B$7+$B$8)<1,0,_xlfn.POISSON.DIST(($B$7+$B$8)-1,C19,TRUE)))-($B$7+$B$8)*(1-_xlfn.POISSON.DIST(($B$7+$B$8),C19,TRUE))),0) | F19: =IF(B19>=$B$6,1,1-(D19-E19)/$B$8) | G19: =F19-F18 | H19: =(B18+B19)/2 | I19: =1-F19
A20: 6 | B20: =A20/7 | C20: =IF(B20<$B$6,$B$5*($B$6-B20),0) | D20: =IF(C20>0,(C20*(1-IF($B$7<1,0,_xlfn.POISSON.DIST($B$7-1,C20,TRUE)))-$B$7*(1-_xlfn.POISSON.DIST($B$7,C20,TRUE))),0) | E20: =IF(C20>0,(C20*(1-IF(($B$7+$B$8)<1,0,_xlfn.POISSON.DIST(($B$7+$B$8)-1,C20,TRUE)))-($B$7+$B$8)*(1-_xlfn.POISSON.DIST(($B$7+$B$8),C20,TRUE))),0) | F20: =IF(B20>=$B$6,1,1-(D20-E20)/$B$8) | G20: =F20-F19 | H20: =(B19+B20)/2 | I20: =1-F20
A21: 7 | B21: =A21/7 | C21: =IF(B21<$B$6,$B$5*($B$6-B21),0) | D21: =IF(C21>0,(C21*(1-IF($B$7<1,0,_xlfn.POISSON.DIST($B$7-1,C21,TRUE)))-$B$7*(1-_xlfn.POISSON.DIST($B$7,C21,TRUE))),0) | E21: =IF(C21>0,(C21*(1-IF(($B$7+$B$8)<1,0,_xlfn.POISSON.DIST(($B$7+$B$8)-1,C21,TRUE)))-($B$7+$B$8)*(1-_xlfn.POISSON.DIST(($B$7+$B$8),C21,TRUE))),0) | F21: =IF(B21>=$B$6,1,1-(D21-E21)/$B$8) | G21: =F21-F20 | H21: =(B20+B21)/2 | I21: =1-F21
A22: 8 | B22: =A22/7 | C22: =IF(B22<$B$6,$B$5*($B$6-B22),0) | D22: =IF(C22>0,(C22*(1-IF($B$7<1,0,_xlfn.POISSON.DIST($B$7-1,C22,TRUE)))-$B$7*(1-_xlfn.POISSON.DIST($B$7,C22,TRUE))),0) | E22: =IF(C22>0,(C22*(1-IF(($B$7+$B$8)<1,0,_xlfn.POISSON.DIST(($B$7+$B$8)-1,C22,TRUE)))-($B$7+$B$8)*(1-_xlfn.POISSON.DIST(($B$7+$B$8),C22,TRUE))),0) | F22: =IF(B22>=$B$6,1,1-(D22-E22)/$B$8) | G22: =F22-F21 | H22: =(B21+B22)/2 | I22: =1-F22
A23: 9 | B23: =A23/7 | C23: =IF(B23<$B$6,$B$5*($B$6-B23),0) | D23: =IF(C23>0,(C23*(1-IF($B$7<1,0,_xlfn.POISSON.DIST($B$7-1,C23,TRUE)))-$B$7*(1-_xlfn.POISSON.DIST($B$7,C23,TRUE))),0) | E23: =IF(C23>0,(C23*(1-IF(($B$7+$B$8)<1,0,_xlfn.POISSON.DIST(($B$7+$B$8)-1,C23,TRUE)))-($B$7+$B$8)*(1-_xlfn.POISSON.DIST(($B$7+$B$8),C23,TRUE))),0) | F23: =IF(B23>=$B$6,1,1-(D23-E23)/$B$8) | G23: =F23-F22 | H23: =(B22+B23)/2 | I23: =1-F23
A24: 10 | B24: =A24/7 | C24: =IF(B24<$B$6,$B$5*($B$6-B24),0) | D24: =IF(C24>0,(C24*(1-IF($B$7<1,0,_xlfn.POISSON.DIST($B$7-1,C24,TRUE)))-$B$7*(1-_xlfn.POISSON.DIST($B$7,C24,TRUE))),0) | E24: =IF(C24>0,(C24*(1-IF(($B$7+$B$8)<1,0,_xlfn.POISSON.DIST(($B$7+$B$8)-1,C24,TRUE)))-($B$7+$B$8)*(1-_xlfn.POISSON.DIST(($B$7+$B$8),C24,TRUE))),0) | F24: =IF(B24>=$B$6,1,1-(D24-E24)/$B$8) | G24: =F24-F23 | H24: =(B23+B24)/2 | I24: =1-F24
A25: 11 | B25: =A25/7 | C25: =IF(B25<$B$6,$B$5*($B$6-B25),0) | D25: =IF(C25>0,(C25*(1-IF($B$7<1,0,_xlfn.POISSON.DIST($B$7-1,C25,TRUE)))-$B$7*(1-_xlfn.POISSON.DIST($B$7,C25,TRUE))),0) | E25: =IF(C25>0,(C25*(1-IF(($B$7+$B$8)<1,0,_xlfn.POISSON.DIST(($B$7+$B$8)-1,C25,TRUE)))-($B$7+$B$8)*(1-_xlfn.POISSON.DIST(($B$7+$B$8),C25,TRUE))),0) | F25: =IF(B25>=$B$6,1,1-(D25-E25)/$B$8) | G25: =F25-F24 | H25: =(B24+B25)/2 | I25: =1-F25
A26: 12 | B26: =A26/7 | C26: =IF(B26<$B$6,$B$5*($B$6-B26),0) | D26: =IF(C26>0,(C26*(1-IF($B$7<1,0,_xlfn.POISSON.DIST($B$7-1,C26,TRUE)))-$B$7*(1-_xlfn.POISSON.DIST($B$7,C26,TRUE))),0) | E26: =IF(C26>0,(C26*(1-IF(($B$7+$B$8)<1,0,_xlfn.POISSON.DIST(($B$7+$B$8)-1,C26,TRUE)))-($B$7+$B$8)*(1-_xlfn.POISSON.DIST(($B$7+$B$8),C26,TRUE))),0) | F26: =IF(B26>=$B$6,1,1-(D26-E26)/$B$8) | G26: =F26-F25 | H26: =(B25+B26)/2 | I26: =1-F26
... A35: 21 | B35: =A35/7 | C35: =IF(B35<$B$6,$B$5*($B$6-B35),0) | D35: =IF(C35>0,(C35*(1-IF($B$7<1,0,_xlfn.POISSON.DIST($B$7-1,C35,TRUE)))-$B$7*(1-_xlfn.POISSON.DIST($B$7,C35,TRUE))),0) | E35: =IF(C35>0,(C35*(1-IF(($B$7+$B$8)<1,0,_xlfn.POISSON.DIST(($B$7+$B$8)-1,C35,TRUE)))-($B$7+$B$8)*(1-_xlfn.POISSON.DIST(($B$7+$B$8),C35,TRUE))),0) | F35: =IF(B35>=$B$6,1,1-(D35-E35)/$B$8) | G35: =F35-F34 | H35: =(B34+B35)/2 | I35: =1-F35
A37: integral of P(W > w) | B37: =((I14+I15)/2+(I15+I16)/2+(I16+I17)/2+(I17+I18)/2+(I18+I19)/2+(I19+I20)/2+(I20+I21)/2+(I21+I22)/2+(I22+I23)/2+(I23+I24)/2+(I24+I25)/2+(I25+I26)/2+(I26+I27)/2+(I27+I28)/2+(I28+I29)/2+(I29+I30)/2+(I30+I31)/2+(I31+I32)/2+(I32+I33)/2+(I33+I34)/2+(I34+I35)/2)/7 | C37: trapezoids, a day wide
A38: Little's law, B_0/lambda_0 | B38: =Hub!B27
A39: difference | B39: =B37-B38
A40: The midpoint column places each day's probability in the middle of the day. At the end of the day it would overstate the mean wait by half a day.

Sheet Exact
A1: Exact costs, Axsater's recursion
A2: @sec-batchedmultiechelon. One-for-one costs C(S_0, S_j) by Axsater (1993), equations (A.1) to (A.13), averaged over the hub's positions by his equation (1).
A4: Read from the Hub sheet
A5: lambda_j | B5: =Hub!B5
A6: lambda_0 | B6: =Hub!B12
A7: L_0 | B7: =Hub!B7
A8: O_j | B8: =Hub!B8
A9: N | B9: =Hub!B6
A10: r_0 | B10: =Hub!B18
A11: Q_0 | B11: =Hub!B19
A12: storeroom stock S_j | B12: 3 | C12: units
A14: Two sets of cost rates, per week
B15: costs | C15: backorders only
A16: h_j | B16: =Hub!B14 | C16: 0
A17: h_0 | B17: =Hub!B14 | C17: 0
A18: beta | B18: =Hub!B15 | C18: 1
A19: Every term is linear in the three rates, so the right-hand column prices only the storerooms' backorders and returns their expected number.
A21: Equation (1): the cost at each S_j, averaged over S_0 = r_0+1 .. r_0+Q_0
A22: S_j | B22: 0 | C22: 1 | D22: 2 | E22: 3 | F22: 4 | G22: 5 | H22: 6
A23: cost per week | B23: =$B$6*(SUM(INDEX(F33:F83,51-($B$10+$B$11)):INDEX(F33:F83,51-($B$10+1)))+SUM(INDEX(E33:E83,51-($B$10+$B$11)):INDEX(E33:E83,51-($B$10+1))))/$B$11 | C23: =$B$6*(SUM(INDEX(G33:G83,51-($B$10+$B$11)):INDEX(G33:G83,51-($B$10+1)))+SUM(INDEX(E33:E83,51-($B$10+$B$11)):INDEX(E33:E83,51-($B$10+1))))/$B$11 | D23: =$B$6*(SUM(INDEX(H33:H83,51-($B$10+$B$11)):INDEX(H33:H83,51-($B$10+1)))+SUM(INDEX(E33:E83,51-($B$10+$B$11)):INDEX(E33:E83,51-($B$10+1))))/$B$11 | E23: =$B$6*(SUM(INDEX(I33:I83,51-($B$10+$B$11)):INDEX(I33:I83,51-($B$10+1)))+SUM(INDEX(E33:E83,51-($B$10+$B$11)):INDEX(E33:E83,51-($B$10+1))))/$B$11 | F23: =$B$6*(SUM(INDEX(J33:J83,51-($B$10+$B$11)):INDEX(J33:J83,51-($B$10+1)))+SUM(INDEX(E33:E83,51-($B$10+$B$11)):INDEX(E33:E83,51-($B$10+1))))/$B$11 | G23: =$B$6*(SUM(INDEX(K33:K83,51-($B$10+$B$11)):INDEX(K33:K83,51-($B$10+1)))+SUM(INDEX(E33:E83,51-($B$10+$B$11)):INDEX(E33:E83,51-($B$10+1))))/$B$11 | H23: =$B$6*(SUM(INDEX(L33:L83,51-($B$10+$B$11)):INDEX(L33:L83,51-($B$10+1)))+SUM(INDEX(E33:E83,51-($B$10+$B$11)):INDEX(E33:E83,51-($B$10+1))))/$B$11
A24: storeroom backorders | B24: =$B$6*(SUM(INDEX(O33:O83,51-($B$10+$B$11)):INDEX(O33:O83,51-($B$10+1)))+SUM(INDEX(N33:N83,51-($B$10+$B$11)):INDEX(N33:N83,51-($B$10+1))))/$B$11 | C24: =$B$6*(SUM(INDEX(P33:P83,51-($B$10+$B$11)):INDEX(P33:P83,51-($B$10+1)))+SUM(INDEX(N33:N83,51-($B$10+$B$11)):INDEX(N33:N83,51-($B$10+1))))/$B$11 | D24: =$B$6*(SUM(INDEX(Q33:Q83,51-($B$10+$B$11)):INDEX(Q33:Q83,51-($B$10+1)))+SUM(INDEX(N33:N83,51-($B$10+$B$11)):INDEX(N33:N83,51-($B$10+1))))/$B$11 | E24: =$B$6*(SUM(INDEX(R33:R83,51-($B$10+$B$11)):INDEX(R33:R83,51-($B$10+1)))+SUM(INDEX(N33:N83,51-($B$10+$B$11)):INDEX(N33:N83,51-($B$10+1))))/$B$11 | F24: =$B$6*(SUM(INDEX(S33:S83,51-($B$10+$B$11)):INDEX(S33:S83,51-($B$10+1)))+SUM(INDEX(N33:N83,51-($B$10+$B$11)):INDEX(N33:N83,51-($B$10+1))))/$B$11 | G24: =$B$6*(SUM(INDEX(T33:T83,51-($B$10+$B$11)):INDEX(T33:T83,51-($B$10+1)))+SUM(INDEX(N33:N83,51-($B$10+$B$11)):INDEX(N33:N83,51-($B$10+1))))/$B$11 | H24: =$B$6*(SUM(INDEX(U33:U83,51-($B$10+$B$11)):INDEX(U33:U83,51-($B$10+1)))+SUM(INDEX(N33:N83,51-($B$10+$B$11)):INDEX(N33:N83,51-($B$10+1))))/$B$11
A25: per storeroom | B25: =B24/$B$9 | C25: =C24/$B$9 | D25: =D24/$B$9 | E25: =E24/$B$9 | F25: =F24/$B$9 | G25: =G24/$B$9 | H25: =H24/$B$9
A27: At the storeroom stock above
A28: system cost per week | B28: =INDEX(B23:H23,B12+1)
A29: backorders per storeroom | B29: =INDEX(B25:H25,B12+1)
A31: G^n, the chance of n or more hub demands in L_0, (A.4). | D31: costs | M31: backorders only
A32: n | B32: G^n | D32: S_0 | E32: gamma(S_0) | F32: S_j=0 | G32: S_j=1 | H32: S_j=2 | I32: S_j=3 | J32: S_j=4 | K32: S_j=5 | L32: S_j=6 | M32: S_0 | N32: gamma(S_0) | O32: S_j=0 | P32: S_j=1 | Q32: S_j=2 | R32: S_j=3 | S32: S_j=4 | T32: S_j=5 | U32: S_j=6
A33: 0 | B33: 1 | D33: 50 | E33: =$B$17*50/$B$6*(1-INDEX(HubTail,52))-$B$17*$B$7*(1-INDEX(HubTail,51)) | F33: =INDEX(HubTail,51)*$B$18*$B$7-INDEX(HubTail,52)*$B$18*50/$B$6+$B$18*$B$8 | G33: =G85 | H33: =H85 | I33: =I85 | J33: =J85 | K33: =K85 | L33: =L85 | M33: 50 | N33: =$C$17*50/$B$6*(1-INDEX(HubTail,52))-$C$17*$B$7*(1-INDEX(HubTail,51)) | O33: =INDEX(HubTail,51)*$C$18*$B$7-INDEX(HubTail,52)*$C$18*50/$B$6+$C$18*$B$8 | P33: =P85 | Q33: =Q85 | R33: =R85 | S33: =S85 | T33: =T85 | U33: =U85
A34: 1 | B34: =1-_xlfn.POISSON.DIST(0,$B$6*$B$7,TRUE) | D34: 49 | E34: =$B$17*49/$B$6*(1-INDEX(HubTail,51))-$B$17*$B$7*(1-INDEX(HubTail,50)) | F34: =INDEX(HubTail,50)*$B$18*$B$7-INDEX(HubTail,51)*$B$18*49/$B$6+$B$18*$B$8 | G34: =$B$5/$B$6*F33+(1-$B$5/$B$6)*G33+$B$5/$B$6*(1-INDEX(HubTail,51))*($G$85-$F$85) | H34: =$B$5/$B$6*G33+(1-$B$5/$B$6)*H33+$B$5/$B$6*(1-INDEX(HubTail,51))*($H$85-$G$85) | I34: =$B$5/$B$6*H33+(1-$B$5/$B$6)*I33+$B$5/$B$6*(1-INDEX(HubTail,51))*($I$85-$H$85) | J34: =$B$5/$B$6*I33+(1-$B$5/$B$6)*J33+$B$5/$B$6*(1-INDEX(HubTail,51))*($J$85-$I$85) | K34: =$B$5/$B$6*J33+(1-$B$5/$B$6)*K33+$B$5/$B$6*(1-INDEX(HubTail,51))*($K$85-$J$85) | L34: =$B$5/$B$6*K33+(1-$B$5/$B$6)*L33+$B$5/$B$6*(1-INDEX(HubTail,51))*($L$85-$K$85) | M34: 49 | N34: =$C$17*49/$B$6*(1-INDEX(HubTail,51))-$C$17*$B$7*(1-INDEX(HubTail,50)) | O34: =INDEX(HubTail,50)*$C$18*$B$7-INDEX(HubTail,51)*$C$18*49/$B$6+$C$18*$B$8 | P34: =$B$5/$B$6*O33+(1-$B$5/$B$6)*P33+$B$5/$B$6*(1-INDEX(HubTail,51))*($P$85-$O$85) | Q34: =$B$5/$B$6*P33+(1-$B$5/$B$6)*Q33+$B$5/$B$6*(1-INDEX(HubTail,51))*($Q$85-$P$85) | R34: =$B$5/$B$6*Q33+(1-$B$5/$B$6)*R33+$B$5/$B$6*(1-INDEX(HubTail,51))*($R$85-$Q$85) | S34: =$B$5/$B$6*R33+(1-$B$5/$B$6)*S33+$B$5/$B$6*(1-INDEX(HubTail,51))*($S$85-$R$85) | T34: =$B$5/$B$6*S33+(1-$B$5/$B$6)*T33+$B$5/$B$6*(1-INDEX(HubTail,51))*($T$85-$S$85) | U34: =$B$5/$B$6*T33+(1-$B$5/$B$6)*U33+$B$5/$B$6*(1-INDEX(HubTail,51))*($U$85-$T$85)
A35: 2 | B35: =1-_xlfn.POISSON.DIST(1,$B$6*$B$7,TRUE) | D35: 48 | E35: =$B$17*48/$B$6*(1-INDEX(HubTail,50))-$B$17*$B$7*(1-INDEX(HubTail,49)) | F35: =INDEX(HubTail,49)*$B$18*$B$7-INDEX(HubTail,50)*$B$18*48/$B$6+$B$18*$B$8 | G35: =$B$5/$B$6*F34+(1-$B$5/$B$6)*G34+$B$5/$B$6*(1-INDEX(HubTail,50))*($G$85-$F$85) | H35: =$B$5/$B$6*G34+(1-$B$5/$B$6)*H34+$B$5/$B$6*(1-INDEX(HubTail,50))*($H$85-$G$85) | I35: =$B$5/$B$6*H34+(1-$B$5/$B$6)*I34+$B$5/$B$6*(1-INDEX(HubTail,50))*($I$85-$H$85) | J35: =$B$5/$B$6*I34+(1-$B$5/$B$6)*J34+$B$5/$B$6*(1-INDEX(HubTail,50))*($J$85-$I$85) | K35: =$B$5/$B$6*J34+(1-$B$5/$B$6)*K34+$B$5/$B$6*(1-INDEX(HubTail,50))*($K$85-$J$85) | L35: =$B$5/$B$6*K34+(1-$B$5/$B$6)*L34+$B$5/$B$6*(1-INDEX(HubTail,50))*($L$85-$K$85) | M35: 48 | N35: =$C$17*48/$B$6*(1-INDEX(HubTail,50))-$C$17*$B$7*(1-INDEX(HubTail,49)) | O35: =INDEX(HubTail,49)*$C$18*$B$7-INDEX(HubTail,50)*$C$18*48/$B$6+$C$18*$B$8 | P35: =$B$5/$B$6*O34+(1-$B$5/$B$6)*P34+$B$5/$B$6*(1-INDEX(HubTail,50))*($P$85-$O$85) | Q35: =$B$5/$B$6*P34+(1-$B$5/$B$6)*Q34+$B$5/$B$6*(1-INDEX(HubTail,50))*($Q$85-$P$85) | R35: =$B$5/$B$6*Q34+(1-$B$5/$B$6)*R34+$B$5/$B$6*(1-INDEX(HubTail,50))*($R$85-$Q$85) | S35: =$B$5/$B$6*R34+(1-$B$5/$B$6)*S34+$B$5/$B$6*(1-INDEX(HubTail,50))*($S$85-$R$85) | T35: =$B$5/$B$6*S34+(1-$B$5/$B$6)*T34+$B$5/$B$6*(1-INDEX(HubTail,50))*($T$85-$S$85) | U35: =$B$5/$B$6*T34+(1-$B$5/$B$6)*U34+$B$5/$B$6*(1-INDEX(HubTail,50))*($U$85-$T$85)
A36: 3 | B36: =1-_xlfn.POISSON.DIST(2,$B$6*$B$7,TRUE) | D36: 47 | E36: =$B$17*47/$B$6*(1-INDEX(HubTail,49))-$B$17*$B$7*(1-INDEX(HubTail,48)) | F36: =INDEX(HubTail,48)*$B$18*$B$7-INDEX(HubTail,49)*$B$18*47/$B$6+$B$18*$B$8 | G36: =$B$5/$B$6*F35+(1-$B$5/$B$6)*G35+$B$5/$B$6*(1-INDEX(HubTail,49))*($G$85-$F$85) | H36: =$B$5/$B$6*G35+(1-$B$5/$B$6)*H35+$B$5/$B$6*(1-INDEX(HubTail,49))*($H$85-$G$85) | I36: =$B$5/$B$6*H35+(1-$B$5/$B$6)*I35+$B$5/$B$6*(1-INDEX(HubTail,49))*($I$85-$H$85) | J36: =$B$5/$B$6*I35+(1-$B$5/$B$6)*J35+$B$5/$B$6*(1-INDEX(HubTail,49))*($J$85-$I$85) | K36: =$B$5/$B$6*J35+(1-$B$5/$B$6)*K35+$B$5/$B$6*(1-INDEX(HubTail,49))*($K$85-$J$85) | L36: =$B$5/$B$6*K35+(1-$B$5/$B$6)*L35+$B$5/$B$6*(1-INDEX(HubTail,49))*($L$85-$K$85) | M36: 47 | N36: =$C$17*47/$B$6*(1-INDEX(HubTail,49))-$C$17*$B$7*(1-INDEX(HubTail,48)) | O36: =INDEX(HubTail,48)*$C$18*$B$7-INDEX(HubTail,49)*$C$18*47/$B$6+$C$18*$B$8 | P36: =$B$5/$B$6*O35+(1-$B$5/$B$6)*P35+$B$5/$B$6*(1-INDEX(HubTail,49))*($P$85-$O$85) | Q36: =$B$5/$B$6*P35+(1-$B$5/$B$6)*Q35+$B$5/$B$6*(1-INDEX(HubTail,49))*($Q$85-$P$85) | R36: =$B$5/$B$6*Q35+(1-$B$5/$B$6)*R35+$B$5/$B$6*(1-INDEX(HubTail,49))*($R$85-$Q$85) | S36: =$B$5/$B$6*R35+(1-$B$5/$B$6)*S35+$B$5/$B$6*(1-INDEX(HubTail,49))*($S$85-$R$85) | T36: =$B$5/$B$6*S35+(1-$B$5/$B$6)*T35+$B$5/$B$6*(1-INDEX(HubTail,49))*($T$85-$S$85) | U36: =$B$5/$B$6*T35+(1-$B$5/$B$6)*U35+$B$5/$B$6*(1-INDEX(HubTail,49))*($U$85-$T$85)
A37: 4 | B37: =1-_xlfn.POISSON.DIST(3,$B$6*$B$7,TRUE) | D37: 46 | E37: =$B$17*46/$B$6*(1-INDEX(HubTail,48))-$B$17*$B$7*(1-INDEX(HubTail,47)) | F37: =INDEX(HubTail,47)*$B$18*$B$7-INDEX(HubTail,48)*$B$18*46/$B$6+$B$18*$B$8 | G37: =$B$5/$B$6*F36+(1-$B$5/$B$6)*G36+$B$5/$B$6*(1-INDEX(HubTail,48))*($G$85-$F$85) | H37: =$B$5/$B$6*G36+(1-$B$5/$B$6)*H36+$B$5/$B$6*(1-INDEX(HubTail,48))*($H$85-$G$85) | I37: =$B$5/$B$6*H36+(1-$B$5/$B$6)*I36+$B$5/$B$6*(1-INDEX(HubTail,48))*($I$85-$H$85) | J37: =$B$5/$B$6*I36+(1-$B$5/$B$6)*J36+$B$5/$B$6*(1-INDEX(HubTail,48))*($J$85-$I$85) | K37: =$B$5/$B$6*J36+(1-$B$5/$B$6)*K36+$B$5/$B$6*(1-INDEX(HubTail,48))*($K$85-$J$85) | L37: =$B$5/$B$6*K36+(1-$B$5/$B$6)*L36+$B$5/$B$6*(1-INDEX(HubTail,48))*($L$85-$K$85) | M37: 46 | N37: =$C$17*46/$B$6*(1-INDEX(HubTail,48))-$C$17*$B$7*(1-INDEX(HubTail,47)) | O37: =INDEX(HubTail,47)*$C$18*$B$7-INDEX(HubTail,48)*$C$18*46/$B$6+$C$18*$B$8 | P37: =$B$5/$B$6*O36+(1-$B$5/$B$6)*P36+$B$5/$B$6*(1-INDEX(HubTail,48))*($P$85-$O$85) | Q37: =$B$5/$B$6*P36+(1-$B$5/$B$6)*Q36+$B$5/$B$6*(1-INDEX(HubTail,48))*($Q$85-$P$85) | R37: =$B$5/$B$6*Q36+(1-$B$5/$B$6)*R36+$B$5/$B$6*(1-INDEX(HubTail,48))*($R$85-$Q$85) | S37: =$B$5/$B$6*R36+(1-$B$5/$B$6)*S36+$B$5/$B$6*(1-INDEX(HubTail,48))*($S$85-$R$85) | T37: =$B$5/$B$6*S36+(1-$B$5/$B$6)*T36+$B$5/$B$6*(1-INDEX(HubTail,48))*($T$85-$S$85) | U37: =$B$5/$B$6*T36+(1-$B$5/$B$6)*U36+$B$5/$B$6*(1-INDEX(HubTail,48))*($U$85-$T$85)
A38: 5 | B38: =1-_xlfn.POISSON.DIST(4,$B$6*$B$7,TRUE) | D38: 45 | E38: =$B$17*45/$B$6*(1-INDEX(HubTail,47))-$B$17*$B$7*(1-INDEX(HubTail,46)) | F38: =INDEX(HubTail,46)*$B$18*$B$7-INDEX(HubTail,47)*$B$18*45/$B$6+$B$18*$B$8 | G38: =$B$5/$B$6*F37+(1-$B$5/$B$6)*G37+$B$5/$B$6*(1-INDEX(HubTail,47))*($G$85-$F$85) | H38: =$B$5/$B$6*G37+(1-$B$5/$B$6)*H37+$B$5/$B$6*(1-INDEX(HubTail,47))*($H$85-$G$85) | I38: =$B$5/$B$6*H37+(1-$B$5/$B$6)*I37+$B$5/$B$6*(1-INDEX(HubTail,47))*($I$85-$H$85) | J38: =$B$5/$B$6*I37+(1-$B$5/$B$6)*J37+$B$5/$B$6*(1-INDEX(HubTail,47))*($J$85-$I$85) | K38: =$B$5/$B$6*J37+(1-$B$5/$B$6)*K37+$B$5/$B$6*(1-INDEX(HubTail,47))*($K$85-$J$85) | L38: =$B$5/$B$6*K37+(1-$B$5/$B$6)*L37+$B$5/$B$6*(1-INDEX(HubTail,47))*($L$85-$K$85) | M38: 45 | N38: =$C$17*45/$B$6*(1-INDEX(HubTail,47))-$C$17*$B$7*(1-INDEX(HubTail,46)) | O38: =INDEX(HubTail,46)*$C$18*$B$7-INDEX(HubTail,47)*$C$18*45/$B$6+$C$18*$B$8 | P38: =$B$5/$B$6*O37+(1-$B$5/$B$6)*P37+$B$5/$B$6*(1-INDEX(HubTail,47))*($P$85-$O$85) | Q38: =$B$5/$B$6*P37+(1-$B$5/$B$6)*Q37+$B$5/$B$6*(1-INDEX(HubTail,47))*($Q$85-$P$85) | R38: =$B$5/$B$6*Q37+(1-$B$5/$B$6)*R37+$B$5/$B$6*(1-INDEX(HubTail,47))*($R$85-$Q$85) | S38: =$B$5/$B$6*R37+(1-$B$5/$B$6)*S37+$B$5/$B$6*(1-INDEX(HubTail,47))*($S$85-$R$85) | T38: =$B$5/$B$6*S37+(1-$B$5/$B$6)*T37+$B$5/$B$6*(1-INDEX(HubTail,47))*($T$85-$S$85) | U38: =$B$5/$B$6*T37+(1-$B$5/$B$6)*U37+$B$5/$B$6*(1-INDEX(HubTail,47))*($U$85-$T$85)
A39: 6 | B39: =1-_xlfn.POISSON.DIST(5,$B$6*$B$7,TRUE) | D39: 44 | E39: =$B$17*44/$B$6*(1-INDEX(HubTail,46))-$B$17*$B$7*(1-INDEX(HubTail,45)) | F39: =INDEX(HubTail,45)*$B$18*$B$7-INDEX(HubTail,46)*$B$18*44/$B$6+$B$18*$B$8 | G39: =$B$5/$B$6*F38+(1-$B$5/$B$6)*G38+$B$5/$B$6*(1-INDEX(HubTail,46))*($G$85-$F$85) | H39: =$B$5/$B$6*G38+(1-$B$5/$B$6)*H38+$B$5/$B$6*(1-INDEX(HubTail,46))*($H$85-$G$85) | I39: =$B$5/$B$6*H38+(1-$B$5/$B$6)*I38+$B$5/$B$6*(1-INDEX(HubTail,46))*($I$85-$H$85) | J39: =$B$5/$B$6*I38+(1-$B$5/$B$6)*J38+$B$5/$B$6*(1-INDEX(HubTail,46))*($J$85-$I$85) | K39: =$B$5/$B$6*J38+(1-$B$5/$B$6)*K38+$B$5/$B$6*(1-INDEX(HubTail,46))*($K$85-$J$85) | L39: =$B$5/$B$6*K38+(1-$B$5/$B$6)*L38+$B$5/$B$6*(1-INDEX(HubTail,46))*($L$85-$K$85) | M39: 44 | N39: =$C$17*44/$B$6*(1-INDEX(HubTail,46))-$C$17*$B$7*(1-INDEX(HubTail,45)) | O39: =INDEX(HubTail,45)*$C$18*$B$7-INDEX(HubTail,46)*$C$18*44/$B$6+$C$18*$B$8 | P39: =$B$5/$B$6*O38+(1-$B$5/$B$6)*P38+$B$5/$B$6*(1-INDEX(HubTail,46))*($P$85-$O$85) | Q39: =$B$5/$B$6*P38+(1-$B$5/$B$6)*Q38+$B$5/$B$6*(1-INDEX(HubTail,46))*($Q$85-$P$85) | R39: =$B$5/$B$6*Q38+(1-$B$5/$B$6)*R38+$B$5/$B$6*(1-INDEX(HubTail,46))*($R$85-$Q$85) | S39: =$B$5/$B$6*R38+(1-$B$5/$B$6)*S38+$B$5/$B$6*(1-INDEX(HubTail,46))*($S$85-$R$85) | T39: =$B$5/$B$6*S38+(1-$B$5/$B$6)*T38+$B$5/$B$6*(1-INDEX(HubTail,46))*($T$85-$S$85) | U39: =$B$5/$B$6*T38+(1-$B$5/$B$6)*U38+$B$5/$B$6*(1-INDEX(HubTail,46))*($U$85-$T$85)
A40: 7 | B40: =1-_xlfn.POISSON.DIST(6,$B$6*$B$7,TRUE) | D40: 43 | E40: =$B$17*43/$B$6*(1-INDEX(HubTail,45))-$B$17*$B$7*(1-INDEX(HubTail,44)) | F40: =INDEX(HubTail,44)*$B$18*$B$7-INDEX(HubTail,45)*$B$18*43/$B$6+$B$18*$B$8 | G40: =$B$5/$B$6*F39+(1-$B$5/$B$6)*G39+$B$5/$B$6*(1-INDEX(HubTail,45))*($G$85-$F$85) | H40: =$B$5/$B$6*G39+(1-$B$5/$B$6)*H39+$B$5/$B$6*(1-INDEX(HubTail,45))*($H$85-$G$85) | I40: =$B$5/$B$6*H39+(1-$B$5/$B$6)*I39+$B$5/$B$6*(1-INDEX(HubTail,45))*($I$85-$H$85) | J40: =$B$5/$B$6*I39+(1-$B$5/$B$6)*J39+$B$5/$B$6*(1-INDEX(HubTail,45))*($J$85-$I$85) | K40: =$B$5/$B$6*J39+(1-$B$5/$B$6)*K39+$B$5/$B$6*(1-INDEX(HubTail,45))*($K$85-$J$85) | L40: =$B$5/$B$6*K39+(1-$B$5/$B$6)*L39+$B$5/$B$6*(1-INDEX(HubTail,45))*($L$85-$K$85) | M40: 43 | N40: =$C$17*43/$B$6*(1-INDEX(HubTail,45))-$C$17*$B$7*(1-INDEX(HubTail,44)) | O40: =INDEX(HubTail,44)*$C$18*$B$7-INDEX(HubTail,45)*$C$18*43/$B$6+$C$18*$B$8 | P40: =$B$5/$B$6*O39+(1-$B$5/$B$6)*P39+$B$5/$B$6*(1-INDEX(HubTail,45))*($P$85-$O$85) | Q40: =$B$5/$B$6*P39+(1-$B$5/$B$6)*Q39+$B$5/$B$6*(1-INDEX(HubTail,45))*($Q$85-$P$85) | R40: =$B$5/$B$6*Q39+(1-$B$5/$B$6)*R39+$B$5/$B$6*(1-INDEX(HubTail,45))*($R$85-$Q$85) | S40: =$B$5/$B$6*R39+(1-$B$5/$B$6)*S39+$B$5/$B$6*(1-INDEX(HubTail,45))*($S$85-$R$85) | T40: =$B$5/$B$6*S39+(1-$B$5/$B$6)*T39+$B$5/$B$6*(1-INDEX(HubTail,45))*($T$85-$S$85) | U40: =$B$5/$B$6*T39+(1-$B$5/$B$6)*U39+$B$5/$B$6*(1-INDEX(HubTail,45))*($U$85-$T$85)
A41: 8 | B41: =1-_xlfn.POISSON.DIST(7,$B$6*$B$7,TRUE) | D41: 42 | E41: =$B$17*42/$B$6*(1-INDEX(HubTail,44))-$B$17*$B$7*(1-INDEX(HubTail,43)) | F41: =INDEX(HubTail,43)*$B$18*$B$7-INDEX(HubTail,44)*$B$18*42/$B$6+$B$18*$B$8 | G41: =$B$5/$B$6*F40+(1-$B$5/$B$6)*G40+$B$5/$B$6*(1-INDEX(HubTail,44))*($G$85-$F$85) | H41: =$B$5/$B$6*G40+(1-$B$5/$B$6)*H40+$B$5/$B$6*(1-INDEX(HubTail,44))*($H$85-$G$85) | I41: =$B$5/$B$6*H40+(1-$B$5/$B$6)*I40+$B$5/$B$6*(1-INDEX(HubTail,44))*($I$85-$H$85) | J41: =$B$5/$B$6*I40+(1-$B$5/$B$6)*J40+$B$5/$B$6*(1-INDEX(HubTail,44))*($J$85-$I$85) | K41: =$B$5/$B$6*J40+(1-$B$5/$B$6)*K40+$B$5/$B$6*(1-INDEX(HubTail,44))*($K$85-$J$85) | L41: =$B$5/$B$6*K40+(1-$B$5/$B$6)*L40+$B$5/$B$6*(1-INDEX(HubTail,44))*($L$85-$K$85) | M41: 42 | N41: =$C$17*42/$B$6*(1-INDEX(HubTail,44))-$C$17*$B$7*(1-INDEX(HubTail,43)) | O41: =INDEX(HubTail,43)*$C$18*$B$7-INDEX(HubTail,44)*$C$18*42/$B$6+$C$18*$B$8 | P41: =$B$5/$B$6*O40+(1-$B$5/$B$6)*P40+$B$5/$B$6*(1-INDEX(HubTail,44))*($P$85-$O$85) | Q41: =$B$5/$B$6*P40+(1-$B$5/$B$6)*Q40+$B$5/$B$6*(1-INDEX(HubTail,44))*($Q$85-$P$85) | R41: =$B$5/$B$6*Q40+(1-$B$5/$B$6)*R40+$B$5/$B$6*(1-INDEX(HubTail,44))*($R$85-$Q$85) | S41: =$B$5/$B$6*R40+(1-$B$5/$B$6)*S40+$B$5/$B$6*(1-INDEX(HubTail,44))*($S$85-$R$85) | T41: =$B$5/$B$6*S40+(1-$B$5/$B$6)*T40+$B$5/$B$6*(1-INDEX(HubTail,44))*($T$85-$S$85) | U41: =$B$5/$B$6*T40+(1-$B$5/$B$6)*U40+$B$5/$B$6*(1-INDEX(HubTail,44))*($U$85-$T$85)
A42: 9 | B42: =1-_xlfn.POISSON.DIST(8,$B$6*$B$7,TRUE) | D42: 41 | E42: =$B$17*41/$B$6*(1-INDEX(HubTail,43))-$B$17*$B$7*(1-INDEX(HubTail,42)) | F42: =INDEX(HubTail,42)*$B$18*$B$7-INDEX(HubTail,43)*$B$18*41/$B$6+$B$18*$B$8 | G42: =$B$5/$B$6*F41+(1-$B$5/$B$6)*G41+$B$5/$B$6*(1-INDEX(HubTail,43))*($G$85-$F$85) | H42: =$B$5/$B$6*G41+(1-$B$5/$B$6)*H41+$B$5/$B$6*(1-INDEX(HubTail,43))*($H$85-$G$85) | I42: =$B$5/$B$6*H41+(1-$B$5/$B$6)*I41+$B$5/$B$6*(1-INDEX(HubTail,43))*($I$85-$H$85) | J42: =$B$5/$B$6*I41+(1-$B$5/$B$6)*J41+$B$5/$B$6*(1-INDEX(HubTail,43))*($J$85-$I$85) | K42: =$B$5/$B$6*J41+(1-$B$5/$B$6)*K41+$B$5/$B$6*(1-INDEX(HubTail,43))*($K$85-$J$85) | L42: =$B$5/$B$6*K41+(1-$B$5/$B$6)*L41+$B$5/$B$6*(1-INDEX(HubTail,43))*($L$85-$K$85) | M42: 41 | N42: =$C$17*41/$B$6*(1-INDEX(HubTail,43))-$C$17*$B$7*(1-INDEX(HubTail,42)) | O42: =INDEX(HubTail,42)*$C$18*$B$7-INDEX(HubTail,43)*$C$18*41/$B$6+$C$18*$B$8 | P42: =$B$5/$B$6*O41+(1-$B$5/$B$6)*P41+$B$5/$B$6*(1-INDEX(HubTail,43))*($P$85-$O$85) | Q42: =$B$5/$B$6*P41+(1-$B$5/$B$6)*Q41+$B$5/$B$6*(1-INDEX(HubTail,43))*($Q$85-$P$85) | R42: =$B$5/$B$6*Q41+(1-$B$5/$B$6)*R41+$B$5/$B$6*(1-INDEX(HubTail,43))*($R$85-$Q$85) | S42: =$B$5/$B$6*R41+(1-$B$5/$B$6)*S41+$B$5/$B$6*(1-INDEX(HubTail,43))*($S$85-$R$85) | T42: =$B$5/$B$6*S41+(1-$B$5/$B$6)*T41+$B$5/$B$6*(1-INDEX(HubTail,43))*($T$85-$S$85) | U42: =$B$5/$B$6*T41+(1-$B$5/$B$6)*U41+$B$5/$B$6*(1-INDEX(HubTail,43))*($U$85-$T$85)
A43: 10 | B43: =1-_xlfn.POISSON.DIST(9,$B$6*$B$7,TRUE) | D43: 40 | E43: =$B$17*40/$B$6*(1-INDEX(HubTail,42))-$B$17*$B$7*(1-INDEX(HubTail,41)) | F43: =INDEX(HubTail,41)*$B$18*$B$7-INDEX(HubTail,42)*$B$18*40/$B$6+$B$18*$B$8 | G43: =$B$5/$B$6*F42+(1-$B$5/$B$6)*G42+$B$5/$B$6*(1-INDEX(HubTail,42))*($G$85-$F$85) | H43: =$B$5/$B$6*G42+(1-$B$5/$B$6)*H42+$B$5/$B$6*(1-INDEX(HubTail,42))*($H$85-$G$85) | I43: =$B$5/$B$6*H42+(1-$B$5/$B$6)*I42+$B$5/$B$6*(1-INDEX(HubTail,42))*($I$85-$H$85) | J43: =$B$5/$B$6*I42+(1-$B$5/$B$6)*J42+$B$5/$B$6*(1-INDEX(HubTail,42))*($J$85-$I$85) | K43: =$B$5/$B$6*J42+(1-$B$5/$B$6)*K42+$B$5/$B$6*(1-INDEX(HubTail,42))*($K$85-$J$85) | L43: =$B$5/$B$6*K42+(1-$B$5/$B$6)*L42+$B$5/$B$6*(1-INDEX(HubTail,42))*($L$85-$K$85) | M43: 40 | N43: =$C$17*40/$B$6*(1-INDEX(HubTail,42))-$C$17*$B$7*(1-INDEX(HubTail,41)) | O43: =INDEX(HubTail,41)*$C$18*$B$7-INDEX(HubTail,42)*$C$18*40/$B$6+$C$18*$B$8 | P43: =$B$5/$B$6*O42+(1-$B$5/$B$6)*P42+$B$5/$B$6*(1-INDEX(HubTail,42))*($P$85-$O$85) | Q43: =$B$5/$B$6*P42+(1-$B$5/$B$6)*Q42+$B$5/$B$6*(1-INDEX(HubTail,42))*($Q$85-$P$85) | R43: =$B$5/$B$6*Q42+(1-$B$5/$B$6)*R42+$B$5/$B$6*(1-INDEX(HubTail,42))*($R$85-$Q$85) | S43: =$B$5/$B$6*R42+(1-$B$5/$B$6)*S42+$B$5/$B$6*(1-INDEX(HubTail,42))*($S$85-$R$85) | T43: =$B$5/$B$6*S42+(1-$B$5/$B$6)*T42+$B$5/$B$6*(1-INDEX(HubTail,42))*($T$85-$S$85) | U43: =$B$5/$B$6*T42+(1-$B$5/$B$6)*U42+$B$5/$B$6*(1-INDEX(HubTail,42))*($U$85-$T$85)
A44: 11 | B44: =1-_xlfn.POISSON.DIST(10,$B$6*$B$7,TRUE) | D44: 39 | E44: =$B$17*39/$B$6*(1-INDEX(HubTail,41))-$B$17*$B$7*(1-INDEX(HubTail,40)) | F44: =INDEX(HubTail,40)*$B$18*$B$7-INDEX(HubTail,41)*$B$18*39/$B$6+$B$18*$B$8 | G44: =$B$5/$B$6*F43+(1-$B$5/$B$6)*G43+$B$5/$B$6*(1-INDEX(HubTail,41))*($G$85-$F$85) | H44: =$B$5/$B$6*G43+(1-$B$5/$B$6)*H43+$B$5/$B$6*(1-INDEX(HubTail,41))*($H$85-$G$85) | I44: =$B$5/$B$6*H43+(1-$B$5/$B$6)*I43+$B$5/$B$6*(1-INDEX(HubTail,41))*($I$85-$H$85) | J44: =$B$5/$B$6*I43+(1-$B$5/$B$6)*J43+$B$5/$B$6*(1-INDEX(HubTail,41))*($J$85-$I$85) | K44: =$B$5/$B$6*J43+(1-$B$5/$B$6)*K43+$B$5/$B$6*(1-INDEX(HubTail,41))*($K$85-$J$85) | L44: =$B$5/$B$6*K43+(1-$B$5/$B$6)*L43+$B$5/$B$6*(1-INDEX(HubTail,41))*($L$85-$K$85) | M44: 39 | N44: =$C$17*39/$B$6*(1-INDEX(HubTail,41))-$C$17*$B$7*(1-INDEX(HubTail,40)) | O44: =INDEX(HubTail,40)*$C$18*$B$7-INDEX(HubTail,41)*$C$18*39/$B$6+$C$18*$B$8 | P44: =$B$5/$B$6*O43+(1-$B$5/$B$6)*P43+$B$5/$B$6*(1-INDEX(HubTail,41))*($P$85-$O$85) | Q44: =$B$5/$B$6*P43+(1-$B$5/$B$6)*Q43+$B$5/$B$6*(1-INDEX(HubTail,41))*($Q$85-$P$85) | R44: =$B$5/$B$6*Q43+(1-$B$5/$B$6)*R43+$B$5/$B$6*(1-INDEX(HubTail,41))*($R$85-$Q$85) | S44: =$B$5/$B$6*R43+(1-$B$5/$B$6)*S43+$B$5/$B$6*(1-INDEX(HubTail,41))*($S$85-$R$85) | T44: =$B$5/$B$6*S43+(1-$B$5/$B$6)*T43+$B$5/$B$6*(1-INDEX(HubTail,41))*($T$85-$S$85) | U44: =$B$5/$B$6*T43+(1-$B$5/$B$6)*U43+$B$5/$B$6*(1-INDEX(HubTail,41))*($U$85-$T$85)
A45: 12 | B45: =1-_xlfn.POISSON.DIST(11,$B$6*$B$7,TRUE) | D45: 38 | E45: =$B$17*38/$B$6*(1-INDEX(HubTail,40))-$B$17*$B$7*(1-INDEX(HubTail,39)) | F45: =INDEX(HubTail,39)*$B$18*$B$7-INDEX(HubTail,40)*$B$18*38/$B$6+$B$18*$B$8 | G45: =$B$5/$B$6*F44+(1-$B$5/$B$6)*G44+$B$5/$B$6*(1-INDEX(HubTail,40))*($G$85-$F$85) | H45: =$B$5/$B$6*G44+(1-$B$5/$B$6)*H44+$B$5/$B$6*(1-INDEX(HubTail,40))*($H$85-$G$85) | I45: =$B$5/$B$6*H44+(1-$B$5/$B$6)*I44+$B$5/$B$6*(1-INDEX(HubTail,40))*($I$85-$H$85) | J45: =$B$5/$B$6*I44+(1-$B$5/$B$6)*J44+$B$5/$B$6*(1-INDEX(HubTail,40))*($J$85-$I$85) | K45: =$B$5/$B$6*J44+(1-$B$5/$B$6)*K44+$B$5/$B$6*(1-INDEX(HubTail,40))*($K$85-$J$85) | L45: =$B$5/$B$6*K44+(1-$B$5/$B$6)*L44+$B$5/$B$6*(1-INDEX(HubTail,40))*($L$85-$K$85) | M45: 38 | N45: =$C$17*38/$B$6*(1-INDEX(HubTail,40))-$C$17*$B$7*(1-INDEX(HubTail,39)) | O45: =INDEX(HubTail,39)*$C$18*$B$7-INDEX(HubTail,40)*$C$18*38/$B$6+$C$18*$B$8 | P45: =$B$5/$B$6*O44+(1-$B$5/$B$6)*P44+$B$5/$B$6*(1-INDEX(HubTail,40))*($P$85-$O$85) | Q45: =$B$5/$B$6*P44+(1-$B$5/$B$6)*Q44+$B$5/$B$6*(1-INDEX(HubTail,40))*($Q$85-$P$85) | R45: =$B$5/$B$6*Q44+(1-$B$5/$B$6)*R44+$B$5/$B$6*(1-INDEX(HubTail,40))*($R$85-$Q$85) | S45: =$B$5/$B$6*R44+(1-$B$5/$B$6)*S44+$B$5/$B$6*(1-INDEX(HubTail,40))*($S$85-$R$85) | T45: =$B$5/$B$6*S44+(1-$B$5/$B$6)*T44+$B$5/$B$6*(1-INDEX(HubTail,40))*($T$85-$S$85) | U45: =$B$5/$B$6*T44+(1-$B$5/$B$6)*U44+$B$5/$B$6*(1-INDEX(HubTail,40))*($U$85-$T$85)
A46: 13 | B46: =1-_xlfn.POISSON.DIST(12,$B$6*$B$7,TRUE) | D46: 37 | E46: =$B$17*37/$B$6*(1-INDEX(HubTail,39))-$B$17*$B$7*(1-INDEX(HubTail,38)) | F46: =INDEX(HubTail,38)*$B$18*$B$7-INDEX(HubTail,39)*$B$18*37/$B$6+$B$18*$B$8 | G46: =$B$5/$B$6*F45+(1-$B$5/$B$6)*G45+$B$5/$B$6*(1-INDEX(HubTail,39))*($G$85-$F$85) | H46: =$B$5/$B$6*G45+(1-$B$5/$B$6)*H45+$B$5/$B$6*(1-INDEX(HubTail,39))*($H$85-$G$85) | I46: =$B$5/$B$6*H45+(1-$B$5/$B$6)*I45+$B$5/$B$6*(1-INDEX(HubTail,39))*($I$85-$H$85) | J46: =$B$5/$B$6*I45+(1-$B$5/$B$6)*J45+$B$5/$B$6*(1-INDEX(HubTail,39))*($J$85-$I$85) | K46: =$B$5/$B$6*J45+(1-$B$5/$B$6)*K45+$B$5/$B$6*(1-INDEX(HubTail,39))*($K$85-$J$85) | L46: =$B$5/$B$6*K45+(1-$B$5/$B$6)*L45+$B$5/$B$6*(1-INDEX(HubTail,39))*($L$85-$K$85) | M46: 37 | N46: =$C$17*37/$B$6*(1-INDEX(HubTail,39))-$C$17*$B$7*(1-INDEX(HubTail,38)) | O46: =INDEX(HubTail,38)*$C$18*$B$7-INDEX(HubTail,39)*$C$18*37/$B$6+$C$18*$B$8 | P46: =$B$5/$B$6*O45+(1-$B$5/$B$6)*P45+$B$5/$B$6*(1-INDEX(HubTail,39))*($P$85-$O$85) | Q46: =$B$5/$B$6*P45+(1-$B$5/$B$6)*Q45+$B$5/$B$6*(1-INDEX(HubTail,39))*($Q$85-$P$85) | R46: =$B$5/$B$6*Q45+(1-$B$5/$B$6)*R45+$B$5/$B$6*(1-INDEX(HubTail,39))*($R$85-$Q$85) | S46: =$B$5/$B$6*R45+(1-$B$5/$B$6)*S45+$B$5/$B$6*(1-INDEX(HubTail,39))*($S$85-$R$85) | T46: =$B$5/$B$6*S45+(1-$B$5/$B$6)*T45+$B$5/$B$6*(1-INDEX(HubTail,39))*($T$85-$S$85) | U46: =$B$5/$B$6*T45+(1-$B$5/$B$6)*U45+$B$5/$B$6*(1-INDEX(HubTail,39))*($U$85-$T$85)
A47: 14 | B47: =1-_xlfn.POISSON.DIST(13,$B$6*$B$7,TRUE) | D47: 36 | E47: =$B$17*36/$B$6*(1-INDEX(HubTail,38))-$B$17*$B$7*(1-INDEX(HubTail,37)) | F47: =INDEX(HubTail,37)*$B$18*$B$7-INDEX(HubTail,38)*$B$18*36/$B$6+$B$18*$B$8 | G47: =$B$5/$B$6*F46+(1-$B$5/$B$6)*G46+$B$5/$B$6*(1-INDEX(HubTail,38))*($G$85-$F$85) | H47: =$B$5/$B$6*G46+(1-$B$5/$B$6)*H46+$B$5/$B$6*(1-INDEX(HubTail,38))*($H$85-$G$85) | I47: =$B$5/$B$6*H46+(1-$B$5/$B$6)*I46+$B$5/$B$6*(1-INDEX(HubTail,38))*($I$85-$H$85) | J47: =$B$5/$B$6*I46+(1-$B$5/$B$6)*J46+$B$5/$B$6*(1-INDEX(HubTail,38))*($J$85-$I$85) | K47: =$B$5/$B$6*J46+(1-$B$5/$B$6)*K46+$B$5/$B$6*(1-INDEX(HubTail,38))*($K$85-$J$85) | L47: =$B$5/$B$6*K46+(1-$B$5/$B$6)*L46+$B$5/$B$6*(1-INDEX(HubTail,38))*($L$85-$K$85) | M47: 36 | N47: =$C$17*36/$B$6*(1-INDEX(HubTail,38))-$C$17*$B$7*(1-INDEX(HubTail,37)) | O47: =INDEX(HubTail,37)*$C$18*$B$7-INDEX(HubTail,38)*$C$18*36/$B$6+$C$18*$B$8 | P47: =$B$5/$B$6*O46+(1-$B$5/$B$6)*P46+$B$5/$B$6*(1-INDEX(HubTail,38))*($P$85-$O$85) | Q47: =$B$5/$B$6*P46+(1-$B$5/$B$6)*Q46+$B$5/$B$6*(1-INDEX(HubTail,38))*($Q$85-$P$85) | R47: =$B$5/$B$6*Q46+(1-$B$5/$B$6)*R46+$B$5/$B$6*(1-INDEX(HubTail,38))*($R$85-$Q$85) | S47: =$B$5/$B$6*R46+(1-$B$5/$B$6)*S46+$B$5/$B$6*(1-INDEX(HubTail,38))*($S$85-$R$85) | T47: =$B$5/$B$6*S46+(1-$B$5/$B$6)*T46+$B$5/$B$6*(1-INDEX(HubTail,38))*($T$85-$S$85) | U47: =$B$5/$B$6*T46+(1-$B$5/$B$6)*U46+$B$5/$B$6*(1-INDEX(HubTail,38))*($U$85-$T$85)
A48: 15 | B48: =1-_xlfn.POISSON.DIST(14,$B$6*$B$7,TRUE) | D48: 35 | E48: =$B$17*35/$B$6*(1-INDEX(HubTail,37))-$B$17*$B$7*(1-INDEX(HubTail,36)) | F48: =INDEX(HubTail,36)*$B$18*$B$7-INDEX(HubTail,37)*$B$18*35/$B$6+$B$18*$B$8 | G48: =$B$5/$B$6*F47+(1-$B$5/$B$6)*G47+$B$5/$B$6*(1-INDEX(HubTail,37))*($G$85-$F$85) | H48: =$B$5/$B$6*G47+(1-$B$5/$B$6)*H47+$B$5/$B$6*(1-INDEX(HubTail,37))*($H$85-$G$85) | I48: =$B$5/$B$6*H47+(1-$B$5/$B$6)*I47+$B$5/$B$6*(1-INDEX(HubTail,37))*($I$85-$H$85) | J48: =$B$5/$B$6*I47+(1-$B$5/$B$6)*J47+$B$5/$B$6*(1-INDEX(HubTail,37))*($J$85-$I$85) | K48: =$B$5/$B$6*J47+(1-$B$5/$B$6)*K47+$B$5/$B$6*(1-INDEX(HubTail,37))*($K$85-$J$85) | L48: =$B$5/$B$6*K47+(1-$B$5/$B$6)*L47+$B$5/$B$6*(1-INDEX(HubTail,37))*($L$85-$K$85) | M48: 35 | N48: =$C$17*35/$B$6*(1-INDEX(HubTail,37))-$C$17*$B$7*(1-INDEX(HubTail,36)) | O48: =INDEX(HubTail,36)*$C$18*$B$7-INDEX(HubTail,37)*$C$18*35/$B$6+$C$18*$B$8 | P48: =$B$5/$B$6*O47+(1-$B$5/$B$6)*P47+$B$5/$B$6*(1-INDEX(HubTail,37))*($P$85-$O$85) | Q48: =$B$5/$B$6*P47+(1-$B$5/$B$6)*Q47+$B$5/$B$6*(1-INDEX(HubTail,37))*($Q$85-$P$85) | R48: =$B$5/$B$6*Q47+(1-$B$5/$B$6)*R47+$B$5/$B$6*(1-INDEX(HubTail,37))*($R$85-$Q$85) | S48: =$B$5/$B$6*R47+(1-$B$5/$B$6)*S47+$B$5/$B$6*(1-INDEX(HubTail,37))*($S$85-$R$85) | T48: =$B$5/$B$6*S47+(1-$B$5/$B$6)*T47+$B$5/$B$6*(1-INDEX(HubTail,37))*($T$85-$S$85) | U48: =$B$5/$B$6*T47+(1-$B$5/$B$6)*U47+$B$5/$B$6*(1-INDEX(HubTail,37))*($U$85-$T$85)
A49: 16 | B49: =1-_xlfn.POISSON.DIST(15,$B$6*$B$7,TRUE) | D49: 34 | E49: =$B$17*34/$B$6*(1-INDEX(HubTail,36))-$B$17*$B$7*(1-INDEX(HubTail,35)) | F49: =INDEX(HubTail,35)*$B$18*$B$7-INDEX(HubTail,36)*$B$18*34/$B$6+$B$18*$B$8 | G49: =$B$5/$B$6*F48+(1-$B$5/$B$6)*G48+$B$5/$B$6*(1-INDEX(HubTail,36))*($G$85-$F$85) | H49: =$B$5/$B$6*G48+(1-$B$5/$B$6)*H48+$B$5/$B$6*(1-INDEX(HubTail,36))*($H$85-$G$85) | I49: =$B$5/$B$6*H48+(1-$B$5/$B$6)*I48+$B$5/$B$6*(1-INDEX(HubTail,36))*($I$85-$H$85) | J49: =$B$5/$B$6*I48+(1-$B$5/$B$6)*J48+$B$5/$B$6*(1-INDEX(HubTail,36))*($J$85-$I$85) | K49: =$B$5/$B$6*J48+(1-$B$5/$B$6)*K48+$B$5/$B$6*(1-INDEX(HubTail,36))*($K$85-$J$85) | L49: =$B$5/$B$6*K48+(1-$B$5/$B$6)*L48+$B$5/$B$6*(1-INDEX(HubTail,36))*($L$85-$K$85) | M49: 34 | N49: =$C$17*34/$B$6*(1-INDEX(HubTail,36))-$C$17*$B$7*(1-INDEX(HubTail,35)) | O49: =INDEX(HubTail,35)*$C$18*$B$7-INDEX(HubTail,36)*$C$18*34/$B$6+$C$18*$B$8 | P49: =$B$5/$B$6*O48+(1-$B$5/$B$6)*P48+$B$5/$B$6*(1-INDEX(HubTail,36))*($P$85-$O$85) | Q49: =$B$5/$B$6*P48+(1-$B$5/$B$6)*Q48+$B$5/$B$6*(1-INDEX(HubTail,36))*($Q$85-$P$85) | R49: =$B$5/$B$6*Q48+(1-$B$5/$B$6)*R48+$B$5/$B$6*(1-INDEX(HubTail,36))*($R$85-$Q$85) | S49: =$B$5/$B$6*R48+(1-$B$5/$B$6)*S48+$B$5/$B$6*(1-INDEX(HubTail,36))*($S$85-$R$85) | T49: =$B$5/$B$6*S48+(1-$B$5/$B$6)*T48+$B$5/$B$6*(1-INDEX(HubTail,36))*($T$85-$S$85) | U49: =$B$5/$B$6*T48+(1-$B$5/$B$6)*U48+$B$5/$B$6*(1-INDEX(HubTail,36))*($U$85-$T$85)
A50: 17 | B50: =1-_xlfn.POISSON.DIST(16,$B$6*$B$7,TRUE) | D50: 33 | E50: =$B$17*33/$B$6*(1-INDEX(HubTail,35))-$B$17*$B$7*(1-INDEX(HubTail,34)) | F50: =INDEX(HubTail,34)*$B$18*$B$7-INDEX(HubTail,35)*$B$18*33/$B$6+$B$18*$B$8 | G50: =$B$5/$B$6*F49+(1-$B$5/$B$6)*G49+$B$5/$B$6*(1-INDEX(HubTail,35))*($G$85-$F$85) | H50: =$B$5/$B$6*G49+(1-$B$5/$B$6)*H49+$B$5/$B$6*(1-INDEX(HubTail,35))*($H$85-$G$85) | I50: =$B$5/$B$6*H49+(1-$B$5/$B$6)*I49+$B$5/$B$6*(1-INDEX(HubTail,35))*($I$85-$H$85) | J50: =$B$5/$B$6*I49+(1-$B$5/$B$6)*J49+$B$5/$B$6*(1-INDEX(HubTail,35))*($J$85-$I$85) | K50: =$B$5/$B$6*J49+(1-$B$5/$B$6)*K49+$B$5/$B$6*(1-INDEX(HubTail,35))*($K$85-$J$85) | L50: =$B$5/$B$6*K49+(1-$B$5/$B$6)*L49+$B$5/$B$6*(1-INDEX(HubTail,35))*($L$85-$K$85) | M50: 33 | N50: =$C$17*33/$B$6*(1-INDEX(HubTail,35))-$C$17*$B$7*(1-INDEX(HubTail,34)) | O50: =INDEX(HubTail,34)*$C$18*$B$7-INDEX(HubTail,35)*$C$18*33/$B$6+$C$18*$B$8 | P50: =$B$5/$B$6*O49+(1-$B$5/$B$6)*P49+$B$5/$B$6*(1-INDEX(HubTail,35))*($P$85-$O$85) | Q50: =$B$5/$B$6*P49+(1-$B$5/$B$6)*Q49+$B$5/$B$6*(1-INDEX(HubTail,35))*($Q$85-$P$85) | R50: =$B$5/$B$6*Q49+(1-$B$5/$B$6)*R49+$B$5/$B$6*(1-INDEX(HubTail,35))*($R$85-$Q$85) | S50: =$B$5/$B$6*R49+(1-$B$5/$B$6)*S49+$B$5/$B$6*(1-INDEX(HubTail,35))*($S$85-$R$85) | T50: =$B$5/$B$6*S49+(1-$B$5/$B$6)*T49+$B$5/$B$6*(1-INDEX(HubTail,35))*($T$85-$S$85) | U50: =$B$5/$B$6*T49+(1-$B$5/$B$6)*U49+$B$5/$B$6*(1-INDEX(HubTail,35))*($U$85-$T$85)
A51: 18 | B51: =1-_xlfn.POISSON.DIST(17,$B$6*$B$7,TRUE) | D51: 32 | E51: =$B$17*32/$B$6*(1-INDEX(HubTail,34))-$B$17*$B$7*(1-INDEX(HubTail,33)) | F51: =INDEX(HubTail,33)*$B$18*$B$7-INDEX(HubTail,34)*$B$18*32/$B$6+$B$18*$B$8 | G51: =$B$5/$B$6*F50+(1-$B$5/$B$6)*G50+$B$5/$B$6*(1-INDEX(HubTail,34))*($G$85-$F$85) | H51: =$B$5/$B$6*G50+(1-$B$5/$B$6)*H50+$B$5/$B$6*(1-INDEX(HubTail,34))*($H$85-$G$85) | I51: =$B$5/$B$6*H50+(1-$B$5/$B$6)*I50+$B$5/$B$6*(1-INDEX(HubTail,34))*($I$85-$H$85) | J51: =$B$5/$B$6*I50+(1-$B$5/$B$6)*J50+$B$5/$B$6*(1-INDEX(HubTail,34))*($J$85-$I$85) | K51: =$B$5/$B$6*J50+(1-$B$5/$B$6)*K50+$B$5/$B$6*(1-INDEX(HubTail,34))*($K$85-$J$85) | L51: =$B$5/$B$6*K50+(1-$B$5/$B$6)*L50+$B$5/$B$6*(1-INDEX(HubTail,34))*($L$85-$K$85) | M51: 32 | N51: =$C$17*32/$B$6*(1-INDEX(HubTail,34))-$C$17*$B$7*(1-INDEX(HubTail,33)) | O51: =INDEX(HubTail,33)*$C$18*$B$7-INDEX(HubTail,34)*$C$18*32/$B$6+$C$18*$B$8 | P51: =$B$5/$B$6*O50+(1-$B$5/$B$6)*P50+$B$5/$B$6*(1-INDEX(HubTail,34))*($P$85-$O$85) | Q51: =$B$5/$B$6*P50+(1-$B$5/$B$6)*Q50+$B$5/$B$6*(1-INDEX(HubTail,34))*($Q$85-$P$85) | R51: =$B$5/$B$6*Q50+(1-$B$5/$B$6)*R50+$B$5/$B$6*(1-INDEX(HubTail,34))*($R$85-$Q$85) | S51: =$B$5/$B$6*R50+(1-$B$5/$B$6)*S50+$B$5/$B$6*(1-INDEX(HubTail,34))*($S$85-$R$85) | T51: =$B$5/$B$6*S50+(1-$B$5/$B$6)*T50+$B$5/$B$6*(1-INDEX(HubTail,34))*($T$85-$S$85) | U51: =$B$5/$B$6*T50+(1-$B$5/$B$6)*U50+$B$5/$B$6*(1-INDEX(HubTail,34))*($U$85-$T$85)
A52: 19 | B52: =1-_xlfn.POISSON.DIST(18,$B$6*$B$7,TRUE) | D52: 31 | E52: =$B$17*31/$B$6*(1-INDEX(HubTail,33))-$B$17*$B$7*(1-INDEX(HubTail,32)) | F52: =INDEX(HubTail,32)*$B$18*$B$7-INDEX(HubTail,33)*$B$18*31/$B$6+$B$18*$B$8 | G52: =$B$5/$B$6*F51+(1-$B$5/$B$6)*G51+$B$5/$B$6*(1-INDEX(HubTail,33))*($G$85-$F$85) | H52: =$B$5/$B$6*G51+(1-$B$5/$B$6)*H51+$B$5/$B$6*(1-INDEX(HubTail,33))*($H$85-$G$85) | I52: =$B$5/$B$6*H51+(1-$B$5/$B$6)*I51+$B$5/$B$6*(1-INDEX(HubTail,33))*($I$85-$H$85) | J52: =$B$5/$B$6*I51+(1-$B$5/$B$6)*J51+$B$5/$B$6*(1-INDEX(HubTail,33))*($J$85-$I$85) | K52: =$B$5/$B$6*J51+(1-$B$5/$B$6)*K51+$B$5/$B$6*(1-INDEX(HubTail,33))*($K$85-$J$85) | L52: =$B$5/$B$6*K51+(1-$B$5/$B$6)*L51+$B$5/$B$6*(1-INDEX(HubTail,33))*($L$85-$K$85) | M52: 31 | N52: =$C$17*31/$B$6*(1-INDEX(HubTail,33))-$C$17*$B$7*(1-INDEX(HubTail,32)) | O52: =INDEX(HubTail,32)*$C$18*$B$7-INDEX(HubTail,33)*$C$18*31/$B$6+$C$18*$B$8 | P52: =$B$5/$B$6*O51+(1-$B$5/$B$6)*P51+$B$5/$B$6*(1-INDEX(HubTail,33))*($P$85-$O$85) | Q52: =$B$5/$B$6*P51+(1-$B$5/$B$6)*Q51+$B$5/$B$6*(1-INDEX(HubTail,33))*($Q$85-$P$85) | R52: =$B$5/$B$6*Q51+(1-$B$5/$B$6)*R51+$B$5/$B$6*(1-INDEX(HubTail,33))*($R$85-$Q$85) | S52: =$B$5/$B$6*R51+(1-$B$5/$B$6)*S51+$B$5/$B$6*(1-INDEX(HubTail,33))*($S$85-$R$85) | T52: =$B$5/$B$6*S51+(1-$B$5/$B$6)*T51+$B$5/$B$6*(1-INDEX(HubTail,33))*($T$85-$S$85) | U52: =$B$5/$B$6*T51+(1-$B$5/$B$6)*U51+$B$5/$B$6*(1-INDEX(HubTail,33))*($U$85-$T$85)
A53: 20 | B53: =1-_xlfn.POISSON.DIST(19,$B$6*$B$7,TRUE) | D53: 30 | E53: =$B$17*30/$B$6*(1-INDEX(HubTail,32))-$B$17*$B$7*(1-INDEX(HubTail,31)) | F53: =INDEX(HubTail,31)*$B$18*$B$7-INDEX(HubTail,32)*$B$18*30/$B$6+$B$18*$B$8 | G53: =$B$5/$B$6*F52+(1-$B$5/$B$6)*G52+$B$5/$B$6*(1-INDEX(HubTail,32))*($G$85-$F$85) | H53: =$B$5/$B$6*G52+(1-$B$5/$B$6)*H52+$B$5/$B$6*(1-INDEX(HubTail,32))*($H$85-$G$85) | I53: =$B$5/$B$6*H52+(1-$B$5/$B$6)*I52+$B$5/$B$6*(1-INDEX(HubTail,32))*($I$85-$H$85) | J53: =$B$5/$B$6*I52+(1-$B$5/$B$6)*J52+$B$5/$B$6*(1-INDEX(HubTail,32))*($J$85-$I$85) | K53: =$B$5/$B$6*J52+(1-$B$5/$B$6)*K52+$B$5/$B$6*(1-INDEX(HubTail,32))*($K$85-$J$85) | L53: =$B$5/$B$6*K52+(1-$B$5/$B$6)*L52+$B$5/$B$6*(1-INDEX(HubTail,32))*($L$85-$K$85) | M53: 30 | N53: =$C$17*30/$B$6*(1-INDEX(HubTail,32))-$C$17*$B$7*(1-INDEX(HubTail,31)) | O53: =INDEX(HubTail,31)*$C$18*$B$7-INDEX(HubTail,32)*$C$18*30/$B$6+$C$18*$B$8 | P53: =$B$5/$B$6*O52+(1-$B$5/$B$6)*P52+$B$5/$B$6*(1-INDEX(HubTail,32))*($P$85-$O$85) | Q53: =$B$5/$B$6*P52+(1-$B$5/$B$6)*Q52+$B$5/$B$6*(1-INDEX(HubTail,32))*($Q$85-$P$85) | R53: =$B$5/$B$6*Q52+(1-$B$5/$B$6)*R52+$B$5/$B$6*(1-INDEX(HubTail,32))*($R$85-$Q$85) | S53: =$B$5/$B$6*R52+(1-$B$5/$B$6)*S52+$B$5/$B$6*(1-INDEX(HubTail,32))*($S$85-$R$85) | T53: =$B$5/$B$6*S52+(1-$B$5/$B$6)*T52+$B$5/$B$6*(1-INDEX(HubTail,32))*($T$85-$S$85) | U53: =$B$5/$B$6*T52+(1-$B$5/$B$6)*U52+$B$5/$B$6*(1-INDEX(HubTail,32))*($U$85-$T$85)
A54: 21 | B54: =1-_xlfn.POISSON.DIST(20,$B$6*$B$7,TRUE) | D54: 29 | E54: =$B$17*29/$B$6*(1-INDEX(HubTail,31))-$B$17*$B$7*(1-INDEX(HubTail,30)) | F54: =INDEX(HubTail,30)*$B$18*$B$7-INDEX(HubTail,31)*$B$18*29/$B$6+$B$18*$B$8 | G54: =$B$5/$B$6*F53+(1-$B$5/$B$6)*G53+$B$5/$B$6*(1-INDEX(HubTail,31))*($G$85-$F$85) | H54: =$B$5/$B$6*G53+(1-$B$5/$B$6)*H53+$B$5/$B$6*(1-INDEX(HubTail,31))*($H$85-$G$85) | I54: =$B$5/$B$6*H53+(1-$B$5/$B$6)*I53+$B$5/$B$6*(1-INDEX(HubTail,31))*($I$85-$H$85) | J54: =$B$5/$B$6*I53+(1-$B$5/$B$6)*J53+$B$5/$B$6*(1-INDEX(HubTail,31))*($J$85-$I$85) | K54: =$B$5/$B$6*J53+(1-$B$5/$B$6)*K53+$B$5/$B$6*(1-INDEX(HubTail,31))*($K$85-$J$85) | L54: =$B$5/$B$6*K53+(1-$B$5/$B$6)*L53+$B$5/$B$6*(1-INDEX(HubTail,31))*($L$85-$K$85) | M54: 29 | N54: =$C$17*29/$B$6*(1-INDEX(HubTail,31))-$C$17*$B$7*(1-INDEX(HubTail,30)) | O54: =INDEX(HubTail,30)*$C$18*$B$7-INDEX(HubTail,31)*$C$18*29/$B$6+$C$18*$B$8 | P54: =$B$5/$B$6*O53+(1-$B$5/$B$6)*P53+$B$5/$B$6*(1-INDEX(HubTail,31))*($P$85-$O$85) | Q54: =$B$5/$B$6*P53+(1-$B$5/$B$6)*Q53+$B$5/$B$6*(1-INDEX(HubTail,31))*($Q$85-$P$85) | R54: =$B$5/$B$6*Q53+(1-$B$5/$B$6)*R53+$B$5/$B$6*(1-INDEX(HubTail,31))*($R$85-$Q$85) | S54: =$B$5/$B$6*R53+(1-$B$5/$B$6)*S53+$B$5/$B$6*(1-INDEX(HubTail,31))*($S$85-$R$85) | T54: =$B$5/$B$6*S53+(1-$B$5/$B$6)*T53+$B$5/$B$6*(1-INDEX(HubTail,31))*($T$85-$S$85) | U54: =$B$5/$B$6*T53+(1-$B$5/$B$6)*U53+$B$5/$B$6*(1-INDEX(HubTail,31))*($U$85-$T$85)
A55: 22 | B55: =1-_xlfn.POISSON.DIST(21,$B$6*$B$7,TRUE) | D55: 28 | E55: =$B$17*28/$B$6*(1-INDEX(HubTail,30))-$B$17*$B$7*(1-INDEX(HubTail,29)) | F55: =INDEX(HubTail,29)*$B$18*$B$7-INDEX(HubTail,30)*$B$18*28/$B$6+$B$18*$B$8 | G55: =$B$5/$B$6*F54+(1-$B$5/$B$6)*G54+$B$5/$B$6*(1-INDEX(HubTail,30))*($G$85-$F$85) | H55: =$B$5/$B$6*G54+(1-$B$5/$B$6)*H54+$B$5/$B$6*(1-INDEX(HubTail,30))*($H$85-$G$85) | I55: =$B$5/$B$6*H54+(1-$B$5/$B$6)*I54+$B$5/$B$6*(1-INDEX(HubTail,30))*($I$85-$H$85) | J55: =$B$5/$B$6*I54+(1-$B$5/$B$6)*J54+$B$5/$B$6*(1-INDEX(HubTail,30))*($J$85-$I$85) | K55: =$B$5/$B$6*J54+(1-$B$5/$B$6)*K54+$B$5/$B$6*(1-INDEX(HubTail,30))*($K$85-$J$85) | L55: =$B$5/$B$6*K54+(1-$B$5/$B$6)*L54+$B$5/$B$6*(1-INDEX(HubTail,30))*($L$85-$K$85) | M55: 28 | N55: =$C$17*28/$B$6*(1-INDEX(HubTail,30))-$C$17*$B$7*(1-INDEX(HubTail,29)) | O55: =INDEX(HubTail,29)*$C$18*$B$7-INDEX(HubTail,30)*$C$18*28/$B$6+$C$18*$B$8 | P55: =$B$5/$B$6*O54+(1-$B$5/$B$6)*P54+$B$5/$B$6*(1-INDEX(HubTail,30))*($P$85-$O$85) | Q55: =$B$5/$B$6*P54+(1-$B$5/$B$6)*Q54+$B$5/$B$6*(1-INDEX(HubTail,30))*($Q$85-$P$85) | R55: =$B$5/$B$6*Q54+(1-$B$5/$B$6)*R54+$B$5/$B$6*(1-INDEX(HubTail,30))*($R$85-$Q$85) | S55: =$B$5/$B$6*R54+(1-$B$5/$B$6)*S54+$B$5/$B$6*(1-INDEX(HubTail,30))*($S$85-$R$85) | T55: =$B$5/$B$6*S54+(1-$B$5/$B$6)*T54+$B$5/$B$6*(1-INDEX(HubTail,30))*($T$85-$S$85) | U55: =$B$5/$B$6*T54+(1-$B$5/$B$6)*U54+$B$5/$B$6*(1-INDEX(HubTail,30))*($U$85-$T$85)
A56: 23 | B56: =1-_xlfn.POISSON.DIST(22,$B$6*$B$7,TRUE) | D56: 27 | E56: =$B$17*27/$B$6*(1-INDEX(HubTail,29))-$B$17*$B$7*(1-INDEX(HubTail,28)) | F56: =INDEX(HubTail,28)*$B$18*$B$7-INDEX(HubTail,29)*$B$18*27/$B$6+$B$18*$B$8 | G56: =$B$5/$B$6*F55+(1-$B$5/$B$6)*G55+$B$5/$B$6*(1-INDEX(HubTail,29))*($G$85-$F$85) | H56: =$B$5/$B$6*G55+(1-$B$5/$B$6)*H55+$B$5/$B$6*(1-INDEX(HubTail,29))*($H$85-$G$85) | I56: =$B$5/$B$6*H55+(1-$B$5/$B$6)*I55+$B$5/$B$6*(1-INDEX(HubTail,29))*($I$85-$H$85) | J56: =$B$5/$B$6*I55+(1-$B$5/$B$6)*J55+$B$5/$B$6*(1-INDEX(HubTail,29))*($J$85-$I$85) | K56: =$B$5/$B$6*J55+(1-$B$5/$B$6)*K55+$B$5/$B$6*(1-INDEX(HubTail,29))*($K$85-$J$85) | L56: =$B$5/$B$6*K55+(1-$B$5/$B$6)*L55+$B$5/$B$6*(1-INDEX(HubTail,29))*($L$85-$K$85) | M56: 27 | N56: =$C$17*27/$B$6*(1-INDEX(HubTail,29))-$C$17*$B$7*(1-INDEX(HubTail,28)) | O56: =INDEX(HubTail,28)*$C$18*$B$7-INDEX(HubTail,29)*$C$18*27/$B$6+$C$18*$B$8 | P56: =$B$5/$B$6*O55+(1-$B$5/$B$6)*P55+$B$5/$B$6*(1-INDEX(HubTail,29))*($P$85-$O$85) | Q56: =$B$5/$B$6*P55+(1-$B$5/$B$6)*Q55+$B$5/$B$6*(1-INDEX(HubTail,29))*($Q$85-$P$85) | R56: =$B$5/$B$6*Q55+(1-$B$5/$B$6)*R55+$B$5/$B$6*(1-INDEX(HubTail,29))*($R$85-$Q$85) | S56: =$B$5/$B$6*R55+(1-$B$5/$B$6)*S55+$B$5/$B$6*(1-INDEX(HubTail,29))*($S$85-$R$85) | T56: =$B$5/$B$6*S55+(1-$B$5/$B$6)*T55+$B$5/$B$6*(1-INDEX(HubTail,29))*($T$85-$S$85) | U56: =$B$5/$B$6*T55+(1-$B$5/$B$6)*U55+$B$5/$B$6*(1-INDEX(HubTail,29))*($U$85-$T$85)
A57: 24 | B57: =1-_xlfn.POISSON.DIST(23,$B$6*$B$7,TRUE) | D57: 26 | E57: =$B$17*26/$B$6*(1-INDEX(HubTail,28))-$B$17*$B$7*(1-INDEX(HubTail,27)) | F57: =INDEX(HubTail,27)*$B$18*$B$7-INDEX(HubTail,28)*$B$18*26/$B$6+$B$18*$B$8 | G57: =$B$5/$B$6*F56+(1-$B$5/$B$6)*G56+$B$5/$B$6*(1-INDEX(HubTail,28))*($G$85-$F$85) | H57: =$B$5/$B$6*G56+(1-$B$5/$B$6)*H56+$B$5/$B$6*(1-INDEX(HubTail,28))*($H$85-$G$85) | I57: =$B$5/$B$6*H56+(1-$B$5/$B$6)*I56+$B$5/$B$6*(1-INDEX(HubTail,28))*($I$85-$H$85) | J57: =$B$5/$B$6*I56+(1-$B$5/$B$6)*J56+$B$5/$B$6*(1-INDEX(HubTail,28))*($J$85-$I$85) | K57: =$B$5/$B$6*J56+(1-$B$5/$B$6)*K56+$B$5/$B$6*(1-INDEX(HubTail,28))*($K$85-$J$85) | L57: =$B$5/$B$6*K56+(1-$B$5/$B$6)*L56+$B$5/$B$6*(1-INDEX(HubTail,28))*($L$85-$K$85) | M57: 26 | N57: =$C$17*26/$B$6*(1-INDEX(HubTail,28))-$C$17*$B$7*(1-INDEX(HubTail,27)) | O57: =INDEX(HubTail,27)*$C$18*$B$7-INDEX(HubTail,28)*$C$18*26/$B$6+$C$18*$B$8 | P57: =$B$5/$B$6*O56+(1-$B$5/$B$6)*P56+$B$5/$B$6*(1-INDEX(HubTail,28))*($P$85-$O$85) | Q57: =$B$5/$B$6*P56+(1-$B$5/$B$6)*Q56+$B$5/$B$6*(1-INDEX(HubTail,28))*($Q$85-$P$85) | R57: =$B$5/$B$6*Q56+(1-$B$5/$B$6)*R56+$B$5/$B$6*(1-INDEX(HubTail,28))*($R$85-$Q$85) | S57: =$B$5/$B$6*R56+(1-$B$5/$B$6)*S56+$B$5/$B$6*(1-INDEX(HubTail,28))*($S$85-$R$85) | T57: =$B$5/$B$6*S56+(1-$B$5/$B$6)*T56+$B$5/$B$6*(1-INDEX(HubTail,28))*($T$85-$S$85) | U57: =$B$5/$B$6*T56+(1-$B$5/$B$6)*U56+$B$5/$B$6*(1-INDEX(HubTail,28))*($U$85-$T$85)
A58: 25 | B58: =1-_xlfn.POISSON.DIST(24,$B$6*$B$7,TRUE) | D58: 25 | E58: =$B$17*25/$B$6*(1-INDEX(HubTail,27))-$B$17*$B$7*(1-INDEX(HubTail,26)) | F58: =INDEX(HubTail,26)*$B$18*$B$7-INDEX(HubTail,27)*$B$18*25/$B$6+$B$18*$B$8 | G58: =$B$5/$B$6*F57+(1-$B$5/$B$6)*G57+$B$5/$B$6*(1-INDEX(HubTail,27))*($G$85-$F$85) | H58: =$B$5/$B$6*G57+(1-$B$5/$B$6)*H57+$B$5/$B$6*(1-INDEX(HubTail,27))*($H$85-$G$85) | I58: =$B$5/$B$6*H57+(1-$B$5/$B$6)*I57+$B$5/$B$6*(1-INDEX(HubTail,27))*($I$85-$H$85) | J58: =$B$5/$B$6*I57+(1-$B$5/$B$6)*J57+$B$5/$B$6*(1-INDEX(HubTail,27))*($J$85-$I$85) | K58: =$B$5/$B$6*J57+(1-$B$5/$B$6)*K57+$B$5/$B$6*(1-INDEX(HubTail,27))*($K$85-$J$85) | L58: =$B$5/$B$6*K57+(1-$B$5/$B$6)*L57+$B$5/$B$6*(1-INDEX(HubTail,27))*($L$85-$K$85) | M58: 25 | N58: =$C$17*25/$B$6*(1-INDEX(HubTail,27))-$C$17*$B$7*(1-INDEX(HubTail,26)) | O58: =INDEX(HubTail,26)*$C$18*$B$7-INDEX(HubTail,27)*$C$18*25/$B$6+$C$18*$B$8 | P58: =$B$5/$B$6*O57+(1-$B$5/$B$6)*P57+$B$5/$B$6*(1-INDEX(HubTail,27))*($P$85-$O$85) | Q58: =$B$5/$B$6*P57+(1-$B$5/$B$6)*Q57+$B$5/$B$6*(1-INDEX(HubTail,27))*($Q$85-$P$85) | R58: =$B$5/$B$6*Q57+(1-$B$5/$B$6)*R57+$B$5/$B$6*(1-INDEX(HubTail,27))*($R$85-$Q$85) | S58: =$B$5/$B$6*R57+(1-$B$5/$B$6)*S57+$B$5/$B$6*(1-INDEX(HubTail,27))*($S$85-$R$85) | T58: =$B$5/$B$6*S57+(1-$B$5/$B$6)*T57+$B$5/$B$6*(1-INDEX(HubTail,27))*($T$85-$S$85) | U58: =$B$5/$B$6*T57+(1-$B$5/$B$6)*U57+$B$5/$B$6*(1-INDEX(HubTail,27))*($U$85-$T$85)
A59: 26 | B59: =1-_xlfn.POISSON.DIST(25,$B$6*$B$7,TRUE) | D59: 24 | E59: =$B$17*24/$B$6*(1-INDEX(HubTail,26))-$B$17*$B$7*(1-INDEX(HubTail,25)) | F59: =INDEX(HubTail,25)*$B$18*$B$7-INDEX(HubTail,26)*$B$18*24/$B$6+$B$18*$B$8 | G59: =$B$5/$B$6*F58+(1-$B$5/$B$6)*G58+$B$5/$B$6*(1-INDEX(HubTail,26))*($G$85-$F$85) | H59: =$B$5/$B$6*G58+(1-$B$5/$B$6)*H58+$B$5/$B$6*(1-INDEX(HubTail,26))*($H$85-$G$85) | I59: =$B$5/$B$6*H58+(1-$B$5/$B$6)*I58+$B$5/$B$6*(1-INDEX(HubTail,26))*($I$85-$H$85) | J59: =$B$5/$B$6*I58+(1-$B$5/$B$6)*J58+$B$5/$B$6*(1-INDEX(HubTail,26))*($J$85-$I$85) | K59: =$B$5/$B$6*J58+(1-$B$5/$B$6)*K58+$B$5/$B$6*(1-INDEX(HubTail,26))*($K$85-$J$85) | L59: =$B$5/$B$6*K58+(1-$B$5/$B$6)*L58+$B$5/$B$6*(1-INDEX(HubTail,26))*($L$85-$K$85) | M59: 24 | N59: =$C$17*24/$B$6*(1-INDEX(HubTail,26))-$C$17*$B$7*(1-INDEX(HubTail,25)) | O59: =INDEX(HubTail,25)*$C$18*$B$7-INDEX(HubTail,26)*$C$18*24/$B$6+$C$18*$B$8 | P59: =$B$5/$B$6*O58+(1-$B$5/$B$6)*P58+$B$5/$B$6*(1-INDEX(HubTail,26))*($P$85-$O$85) | Q59: =$B$5/$B$6*P58+(1-$B$5/$B$6)*Q58+$B$5/$B$6*(1-INDEX(HubTail,26))*($Q$85-$P$85) | R59: =$B$5/$B$6*Q58+(1-$B$5/$B$6)*R58+$B$5/$B$6*(1-INDEX(HubTail,26))*($R$85-$Q$85) | S59: =$B$5/$B$6*R58+(1-$B$5/$B$6)*S58+$B$5/$B$6*(1-INDEX(HubTail,26))*($S$85-$R$85) | T59: =$B$5/$B$6*S58+(1-$B$5/$B$6)*T58+$B$5/$B$6*(1-INDEX(HubTail,26))*($T$85-$S$85) | U59: =$B$5/$B$6*T58+(1-$B$5/$B$6)*U58+$B$5/$B$6*(1-INDEX(HubTail,26))*($U$85-$T$85)
A60: 27 | B60: =1-_xlfn.POISSON.DIST(26,$B$6*$B$7,TRUE) | D60: 23 | E60: =$B$17*23/$B$6*(1-INDEX(HubTail,25))-$B$17*$B$7*(1-INDEX(HubTail,24)) | F60: =INDEX(HubTail,24)*$B$18*$B$7-INDEX(HubTail,25)*$B$18*23/$B$6+$B$18*$B$8 | G60: =$B$5/$B$6*F59+(1-$B$5/$B$6)*G59+$B$5/$B$6*(1-INDEX(HubTail,25))*($G$85-$F$85) | H60: =$B$5/$B$6*G59+(1-$B$5/$B$6)*H59+$B$5/$B$6*(1-INDEX(HubTail,25))*($H$85-$G$85) | I60: =$B$5/$B$6*H59+(1-$B$5/$B$6)*I59+$B$5/$B$6*(1-INDEX(HubTail,25))*($I$85-$H$85) | J60: =$B$5/$B$6*I59+(1-$B$5/$B$6)*J59+$B$5/$B$6*(1-INDEX(HubTail,25))*($J$85-$I$85) | K60: =$B$5/$B$6*J59+(1-$B$5/$B$6)*K59+$B$5/$B$6*(1-INDEX(HubTail,25))*($K$85-$J$85) | L60: =$B$5/$B$6*K59+(1-$B$5/$B$6)*L59+$B$5/$B$6*(1-INDEX(HubTail,25))*($L$85-$K$85) | M60: 23 | N60: =$C$17*23/$B$6*(1-INDEX(HubTail,25))-$C$17*$B$7*(1-INDEX(HubTail,24)) | O60: =INDEX(HubTail,24)*$C$18*$B$7-INDEX(HubTail,25)*$C$18*23/$B$6+$C$18*$B$8 | P60: =$B$5/$B$6*O59+(1-$B$5/$B$6)*P59+$B$5/$B$6*(1-INDEX(HubTail,25))*($P$85-$O$85) | Q60: =$B$5/$B$6*P59+(1-$B$5/$B$6)*Q59+$B$5/$B$6*(1-INDEX(HubTail,25))*($Q$85-$P$85) | R60: =$B$5/$B$6*Q59+(1-$B$5/$B$6)*R59+$B$5/$B$6*(1-INDEX(HubTail,25))*($R$85-$Q$85) | S60: =$B$5/$B$6*R59+(1-$B$5/$B$6)*S59+$B$5/$B$6*(1-INDEX(HubTail,25))*($S$85-$R$85) | T60: =$B$5/$B$6*S59+(1-$B$5/$B$6)*T59+$B$5/$B$6*(1-INDEX(HubTail,25))*($T$85-$S$85) | U60: =$B$5/$B$6*T59+(1-$B$5/$B$6)*U59+$B$5/$B$6*(1-INDEX(HubTail,25))*($U$85-$T$85)
A61: 28 | B61: =1-_xlfn.POISSON.DIST(27,$B$6*$B$7,TRUE) | D61: 22 | E61: =$B$17*22/$B$6*(1-INDEX(HubTail,24))-$B$17*$B$7*(1-INDEX(HubTail,23)) | F61: =INDEX(HubTail,23)*$B$18*$B$7-INDEX(HubTail,24)*$B$18*22/$B$6+$B$18*$B$8 | G61: =$B$5/$B$6*F60+(1-$B$5/$B$6)*G60+$B$5/$B$6*(1-INDEX(HubTail,24))*($G$85-$F$85) | H61: =$B$5/$B$6*G60+(1-$B$5/$B$6)*H60+$B$5/$B$6*(1-INDEX(HubTail,24))*($H$85-$G$85) | I61: =$B$5/$B$6*H60+(1-$B$5/$B$6)*I60+$B$5/$B$6*(1-INDEX(HubTail,24))*($I$85-$H$85) | J61: =$B$5/$B$6*I60+(1-$B$5/$B$6)*J60+$B$5/$B$6*(1-INDEX(HubTail,24))*($J$85-$I$85) | K61: =$B$5/$B$6*J60+(1-$B$5/$B$6)*K60+$B$5/$B$6*(1-INDEX(HubTail,24))*($K$85-$J$85) | L61: =$B$5/$B$6*K60+(1-$B$5/$B$6)*L60+$B$5/$B$6*(1-INDEX(HubTail,24))*($L$85-$K$85) | M61: 22 | N61: =$C$17*22/$B$6*(1-INDEX(HubTail,24))-$C$17*$B$7*(1-INDEX(HubTail,23)) | O61: =INDEX(HubTail,23)*$C$18*$B$7-INDEX(HubTail,24)*$C$18*22/$B$6+$C$18*$B$8 | P61: =$B$5/$B$6*O60+(1-$B$5/$B$6)*P60+$B$5/$B$6*(1-INDEX(HubTail,24))*($P$85-$O$85) | Q61: =$B$5/$B$6*P60+(1-$B$5/$B$6)*Q60+$B$5/$B$6*(1-INDEX(HubTail,24))*($Q$85-$P$85) | R61: =$B$5/$B$6*Q60+(1-$B$5/$B$6)*R60+$B$5/$B$6*(1-INDEX(HubTail,24))*($R$85-$Q$85) | S61: =$B$5/$B$6*R60+(1-$B$5/$B$6)*S60+$B$5/$B$6*(1-INDEX(HubTail,24))*($S$85-$R$85) | T61: =$B$5/$B$6*S60+(1-$B$5/$B$6)*T60+$B$5/$B$6*(1-INDEX(HubTail,24))*($T$85-$S$85) | U61: =$B$5/$B$6*T60+(1-$B$5/$B$6)*U60+$B$5/$B$6*(1-INDEX(HubTail,24))*($U$85-$T$85)
A62: 29 | B62: =1-_xlfn.POISSON.DIST(28,$B$6*$B$7,TRUE) | D62: 21 | E62: =$B$17*21/$B$6*(1-INDEX(HubTail,23))-$B$17*$B$7*(1-INDEX(HubTail,22)) | F62: =INDEX(HubTail,22)*$B$18*$B$7-INDEX(HubTail,23)*$B$18*21/$B$6+$B$18*$B$8 | G62: =$B$5/$B$6*F61+(1-$B$5/$B$6)*G61+$B$5/$B$6*(1-INDEX(HubTail,23))*($G$85-$F$85) | H62: =$B$5/$B$6*G61+(1-$B$5/$B$6)*H61+$B$5/$B$6*(1-INDEX(HubTail,23))*($H$85-$G$85) | I62: =$B$5/$B$6*H61+(1-$B$5/$B$6)*I61+$B$5/$B$6*(1-INDEX(HubTail,23))*($I$85-$H$85) | J62: =$B$5/$B$6*I61+(1-$B$5/$B$6)*J61+$B$5/$B$6*(1-INDEX(HubTail,23))*($J$85-$I$85) | K62: =$B$5/$B$6*J61+(1-$B$5/$B$6)*K61+$B$5/$B$6*(1-INDEX(HubTail,23))*($K$85-$J$85) | L62: =$B$5/$B$6*K61+(1-$B$5/$B$6)*L61+$B$5/$B$6*(1-INDEX(HubTail,23))*($L$85-$K$85) | M62: 21 | N62: =$C$17*21/$B$6*(1-INDEX(HubTail,23))-$C$17*$B$7*(1-INDEX(HubTail,22)) | O62: =INDEX(HubTail,22)*$C$18*$B$7-INDEX(HubTail,23)*$C$18*21/$B$6+$C$18*$B$8 | P62: =$B$5/$B$6*O61+(1-$B$5/$B$6)*P61+$B$5/$B$6*(1-INDEX(HubTail,23))*($P$85-$O$85) | Q62: =$B$5/$B$6*P61+(1-$B$5/$B$6)*Q61+$B$5/$B$6*(1-INDEX(HubTail,23))*($Q$85-$P$85) | R62: =$B$5/$B$6*Q61+(1-$B$5/$B$6)*R61+$B$5/$B$6*(1-INDEX(HubTail,23))*($R$85-$Q$85) | S62: =$B$5/$B$6*R61+(1-$B$5/$B$6)*S61+$B$5/$B$6*(1-INDEX(HubTail,23))*($S$85-$R$85) | T62: =$B$5/$B$6*S61+(1-$B$5/$B$6)*T61+$B$5/$B$6*(1-INDEX(HubTail,23))*($T$85-$S$85) | U62: =$B$5/$B$6*T61+(1-$B$5/$B$6)*U61+$B$5/$B$6*(1-INDEX(HubTail,23))*($U$85-$T$85)
A63: 30 | B63: =1-_xlfn.POISSON.DIST(29,$B$6*$B$7,TRUE) | D63: 20 | E63: =$B$17*20/$B$6*(1-INDEX(HubTail,22))-$B$17*$B$7*(1-INDEX(HubTail,21)) | F63: =INDEX(HubTail,21)*$B$18*$B$7-INDEX(HubTail,22)*$B$18*20/$B$6+$B$18*$B$8 | G63: =$B$5/$B$6*F62+(1-$B$5/$B$6)*G62+$B$5/$B$6*(1-INDEX(HubTail,22))*($G$85-$F$85) | H63: =$B$5/$B$6*G62+(1-$B$5/$B$6)*H62+$B$5/$B$6*(1-INDEX(HubTail,22))*($H$85-$G$85) | I63: =$B$5/$B$6*H62+(1-$B$5/$B$6)*I62+$B$5/$B$6*(1-INDEX(HubTail,22))*($I$85-$H$85) | J63: =$B$5/$B$6*I62+(1-$B$5/$B$6)*J62+$B$5/$B$6*(1-INDEX(HubTail,22))*($J$85-$I$85) | K63: =$B$5/$B$6*J62+(1-$B$5/$B$6)*K62+$B$5/$B$6*(1-INDEX(HubTail,22))*($K$85-$J$85) | L63: =$B$5/$B$6*K62+(1-$B$5/$B$6)*L62+$B$5/$B$6*(1-INDEX(HubTail,22))*($L$85-$K$85) | M63: 20 | N63: =$C$17*20/$B$6*(1-INDEX(HubTail,22))-$C$17*$B$7*(1-INDEX(HubTail,21)) | O63: =INDEX(HubTail,21)*$C$18*$B$7-INDEX(HubTail,22)*$C$18*20/$B$6+$C$18*$B$8 | P63: =$B$5/$B$6*O62+(1-$B$5/$B$6)*P62+$B$5/$B$6*(1-INDEX(HubTail,22))*($P$85-$O$85) | Q63: =$B$5/$B$6*P62+(1-$B$5/$B$6)*Q62+$B$5/$B$6*(1-INDEX(HubTail,22))*($Q$85-$P$85) | R63: =$B$5/$B$6*Q62+(1-$B$5/$B$6)*R62+$B$5/$B$6*(1-INDEX(HubTail,22))*($R$85-$Q$85) | S63: =$B$5/$B$6*R62+(1-$B$5/$B$6)*S62+$B$5/$B$6*(1-INDEX(HubTail,22))*($S$85-$R$85) | T63: =$B$5/$B$6*S62+(1-$B$5/$B$6)*T62+$B$5/$B$6*(1-INDEX(HubTail,22))*($T$85-$S$85) | U63: =$B$5/$B$6*T62+(1-$B$5/$B$6)*U62+$B$5/$B$6*(1-INDEX(HubTail,22))*($U$85-$T$85)
A64: 31 | B64: =1-_xlfn.POISSON.DIST(30,$B$6*$B$7,TRUE) | D64: 19 | E64: =$B$17*19/$B$6*(1-INDEX(HubTail,21))-$B$17*$B$7*(1-INDEX(HubTail,20)) | F64: =INDEX(HubTail,20)*$B$18*$B$7-INDEX(HubTail,21)*$B$18*19/$B$6+$B$18*$B$8 | G64: =$B$5/$B$6*F63+(1-$B$5/$B$6)*G63+$B$5/$B$6*(1-INDEX(HubTail,21))*($G$85-$F$85) | H64: =$B$5/$B$6*G63+(1-$B$5/$B$6)*H63+$B$5/$B$6*(1-INDEX(HubTail,21))*($H$85-$G$85) | I64: =$B$5/$B$6*H63+(1-$B$5/$B$6)*I63+$B$5/$B$6*(1-INDEX(HubTail,21))*($I$85-$H$85) | J64: =$B$5/$B$6*I63+(1-$B$5/$B$6)*J63+$B$5/$B$6*(1-INDEX(HubTail,21))*($J$85-$I$85) | K64: =$B$5/$B$6*J63+(1-$B$5/$B$6)*K63+$B$5/$B$6*(1-INDEX(HubTail,21))*($K$85-$J$85) | L64: =$B$5/$B$6*K63+(1-$B$5/$B$6)*L63+$B$5/$B$6*(1-INDEX(HubTail,21))*($L$85-$K$85) | M64: 19 | N64: =$C$17*19/$B$6*(1-INDEX(HubTail,21))-$C$17*$B$7*(1-INDEX(HubTail,20)) | O64: =INDEX(HubTail,20)*$C$18*$B$7-INDEX(HubTail,21)*$C$18*19/$B$6+$C$18*$B$8 | P64: =$B$5/$B$6*O63+(1-$B$5/$B$6)*P63+$B$5/$B$6*(1-INDEX(HubTail,21))*($P$85-$O$85) | Q64: =$B$5/$B$6*P63+(1-$B$5/$B$6)*Q63+$B$5/$B$6*(1-INDEX(HubTail,21))*($Q$85-$P$85) | R64: =$B$5/$B$6*Q63+(1-$B$5/$B$6)*R63+$B$5/$B$6*(1-INDEX(HubTail,21))*($R$85-$Q$85) | S64: =$B$5/$B$6*R63+(1-$B$5/$B$6)*S63+$B$5/$B$6*(1-INDEX(HubTail,21))*($S$85-$R$85) | T64: =$B$5/$B$6*S63+(1-$B$5/$B$6)*T63+$B$5/$B$6*(1-INDEX(HubTail,21))*($T$85-$S$85) | U64: =$B$5/$B$6*T63+(1-$B$5/$B$6)*U63+$B$5/$B$6*(1-INDEX(HubTail,21))*($U$85-$T$85)
A65: 32 | B65: =1-_xlfn.POISSON.DIST(31,$B$6*$B$7,TRUE) | D65: 18 | E65: =$B$17*18/$B$6*(1-INDEX(HubTail,20))-$B$17*$B$7*(1-INDEX(HubTail,19)) | F65: =INDEX(HubTail,19)*$B$18*$B$7-INDEX(HubTail,20)*$B$18*18/$B$6+$B$18*$B$8 | G65: =$B$5/$B$6*F64+(1-$B$5/$B$6)*G64+$B$5/$B$6*(1-INDEX(HubTail,20))*($G$85-$F$85) | H65: =$B$5/$B$6*G64+(1-$B$5/$B$6)*H64+$B$5/$B$6*(1-INDEX(HubTail,20))*($H$85-$G$85) | I65: =$B$5/$B$6*H64+(1-$B$5/$B$6)*I64+$B$5/$B$6*(1-INDEX(HubTail,20))*($I$85-$H$85) | J65: =$B$5/$B$6*I64+(1-$B$5/$B$6)*J64+$B$5/$B$6*(1-INDEX(HubTail,20))*($J$85-$I$85) | K65: =$B$5/$B$6*J64+(1-$B$5/$B$6)*K64+$B$5/$B$6*(1-INDEX(HubTail,20))*($K$85-$J$85) | L65: =$B$5/$B$6*K64+(1-$B$5/$B$6)*L64+$B$5/$B$6*(1-INDEX(HubTail,20))*($L$85-$K$85) | M65: 18 | N65: =$C$17*18/$B$6*(1-INDEX(HubTail,20))-$C$17*$B$7*(1-INDEX(HubTail,19)) | O65: =INDEX(HubTail,19)*$C$18*$B$7-INDEX(HubTail,20)*$C$18*18/$B$6+$C$18*$B$8 | P65: =$B$5/$B$6*O64+(1-$B$5/$B$6)*P64+$B$5/$B$6*(1-INDEX(HubTail,20))*($P$85-$O$85) | Q65: =$B$5/$B$6*P64+(1-$B$5/$B$6)*Q64+$B$5/$B$6*(1-INDEX(HubTail,20))*($Q$85-$P$85) | R65: =$B$5/$B$6*Q64+(1-$B$5/$B$6)*R64+$B$5/$B$6*(1-INDEX(HubTail,20))*($R$85-$Q$85) | S65: =$B$5/$B$6*R64+(1-$B$5/$B$6)*S64+$B$5/$B$6*(1-INDEX(HubTail,20))*($S$85-$R$85) | T65: =$B$5/$B$6*S64+(1-$B$5/$B$6)*T64+$B$5/$B$6*(1-INDEX(HubTail,20))*($T$85-$S$85) | U65: =$B$5/$B$6*T64+(1-$B$5/$B$6)*U64+$B$5/$B$6*(1-INDEX(HubTail,20))*($U$85-$T$85)
A66: 33 | B66: =1-_xlfn.POISSON.DIST(32,$B$6*$B$7,TRUE) | D66: 17 | E66: =$B$17*17/$B$6*(1-INDEX(HubTail,19))-$B$17*$B$7*(1-INDEX(HubTail,18)) | F66: =INDEX(HubTail,18)*$B$18*$B$7-INDEX(HubTail,19)*$B$18*17/$B$6+$B$18*$B$8 | G66: =$B$5/$B$6*F65+(1-$B$5/$B$6)*G65+$B$5/$B$6*(1-INDEX(HubTail,19))*($G$85-$F$85) | H66: =$B$5/$B$6*G65+(1-$B$5/$B$6)*H65+$B$5/$B$6*(1-INDEX(HubTail,19))*($H$85-$G$85) | I66: =$B$5/$B$6*H65+(1-$B$5/$B$6)*I65+$B$5/$B$6*(1-INDEX(HubTail,19))*($I$85-$H$85) | J66: =$B$5/$B$6*I65+(1-$B$5/$B$6)*J65+$B$5/$B$6*(1-INDEX(HubTail,19))*($J$85-$I$85) | K66: =$B$5/$B$6*J65+(1-$B$5/$B$6)*K65+$B$5/$B$6*(1-INDEX(HubTail,19))*($K$85-$J$85) | L66: =$B$5/$B$6*K65+(1-$B$5/$B$6)*L65+$B$5/$B$6*(1-INDEX(HubTail,19))*($L$85-$K$85) | M66: 17 | N66: =$C$17*17/$B$6*(1-INDEX(HubTail,19))-$C$17*$B$7*(1-INDEX(HubTail,18)) | O66: =INDEX(HubTail,18)*$C$18*$B$7-INDEX(HubTail,19)*$C$18*17/$B$6+$C$18*$B$8 | P66: =$B$5/$B$6*O65+(1-$B$5/$B$6)*P65+$B$5/$B$6*(1-INDEX(HubTail,19))*($P$85-$O$85) | Q66: =$B$5/$B$6*P65+(1-$B$5/$B$6)*Q65+$B$5/$B$6*(1-INDEX(HubTail,19))*($Q$85-$P$85) | R66: =$B$5/$B$6*Q65+(1-$B$5/$B$6)*R65+$B$5/$B$6*(1-INDEX(HubTail,19))*($R$85-$Q$85) | S66: =$B$5/$B$6*R65+(1-$B$5/$B$6)*S65+$B$5/$B$6*(1-INDEX(HubTail,19))*($S$85-$R$85) | T66: =$B$5/$B$6*S65+(1-$B$5/$B$6)*T65+$B$5/$B$6*(1-INDEX(HubTail,19))*($T$85-$S$85) | U66: =$B$5/$B$6*T65+(1-$B$5/$B$6)*U65+$B$5/$B$6*(1-INDEX(HubTail,19))*($U$85-$T$85)
A67: 34 | B67: =1-_xlfn.POISSON.DIST(33,$B$6*$B$7,TRUE) | D67: 16 | E67: =$B$17*16/$B$6*(1-INDEX(HubTail,18))-$B$17*$B$7*(1-INDEX(HubTail,17)) | F67: =INDEX(HubTail,17)*$B$18*$B$7-INDEX(HubTail,18)*$B$18*16/$B$6+$B$18*$B$8 | G67: =$B$5/$B$6*F66+(1-$B$5/$B$6)*G66+$B$5/$B$6*(1-INDEX(HubTail,18))*($G$85-$F$85) | H67: =$B$5/$B$6*G66+(1-$B$5/$B$6)*H66+$B$5/$B$6*(1-INDEX(HubTail,18))*($H$85-$G$85) | I67: =$B$5/$B$6*H66+(1-$B$5/$B$6)*I66+$B$5/$B$6*(1-INDEX(HubTail,18))*($I$85-$H$85) | J67: =$B$5/$B$6*I66+(1-$B$5/$B$6)*J66+$B$5/$B$6*(1-INDEX(HubTail,18))*($J$85-$I$85) | K67: =$B$5/$B$6*J66+(1-$B$5/$B$6)*K66+$B$5/$B$6*(1-INDEX(HubTail,18))*($K$85-$J$85) | L67: =$B$5/$B$6*K66+(1-$B$5/$B$6)*L66+$B$5/$B$6*(1-INDEX(HubTail,18))*($L$85-$K$85) | M67: 16 | N67: =$C$17*16/$B$6*(1-INDEX(HubTail,18))-$C$17*$B$7*(1-INDEX(HubTail,17)) | O67: =INDEX(HubTail,17)*$C$18*$B$7-INDEX(HubTail,18)*$C$18*16/$B$6+$C$18*$B$8 | P67: =$B$5/$B$6*O66+(1-$B$5/$B$6)*P66+$B$5/$B$6*(1-INDEX(HubTail,18))*($P$85-$O$85) | Q67: =$B$5/$B$6*P66+(1-$B$5/$B$6)*Q66+$B$5/$B$6*(1-INDEX(HubTail,18))*($Q$85-$P$85) | R67: =$B$5/$B$6*Q66+(1-$B$5/$B$6)*R66+$B$5/$B$6*(1-INDEX(HubTail,18))*($R$85-$Q$85) | S67: =$B$5/$B$6*R66+(1-$B$5/$B$6)*S66+$B$5/$B$6*(1-INDEX(HubTail,18))*($S$85-$R$85) | T67: =$B$5/$B$6*S66+(1-$B$5/$B$6)*T66+$B$5/$B$6*(1-INDEX(HubTail,18))*($T$85-$S$85) | U67: =$B$5/$B$6*T66+(1-$B$5/$B$6)*U66+$B$5/$B$6*(1-INDEX(HubTail,18))*($U$85-$T$85)
A68: 35 | B68: =1-_xlfn.POISSON.DIST(34,$B$6*$B$7,TRUE) | D68: 15 | E68: =$B$17*15/$B$6*(1-INDEX(HubTail,17))-$B$17*$B$7*(1-INDEX(HubTail,16)) | F68: =INDEX(HubTail,16)*$B$18*$B$7-INDEX(HubTail,17)*$B$18*15/$B$6+$B$18*$B$8 | G68: =$B$5/$B$6*F67+(1-$B$5/$B$6)*G67+$B$5/$B$6*(1-INDEX(HubTail,17))*($G$85-$F$85) | H68: =$B$5/$B$6*G67+(1-$B$5/$B$6)*H67+$B$5/$B$6*(1-INDEX(HubTail,17))*($H$85-$G$85) | I68: =$B$5/$B$6*H67+(1-$B$5/$B$6)*I67+$B$5/$B$6*(1-INDEX(HubTail,17))*($I$85-$H$85) | J68: =$B$5/$B$6*I67+(1-$B$5/$B$6)*J67+$B$5/$B$6*(1-INDEX(HubTail,17))*($J$85-$I$85) | K68: =$B$5/$B$6*J67+(1-$B$5/$B$6)*K67+$B$5/$B$6*(1-INDEX(HubTail,17))*($K$85-$J$85) | L68: =$B$5/$B$6*K67+(1-$B$5/$B$6)*L67+$B$5/$B$6*(1-INDEX(HubTail,17))*($L$85-$K$85) | M68: 15 | N68: =$C$17*15/$B$6*(1-INDEX(HubTail,17))-$C$17*$B$7*(1-INDEX(HubTail,16)) | O68: =INDEX(HubTail,16)*$C$18*$B$7-INDEX(HubTail,17)*$C$18*15/$B$6+$C$18*$B$8 | P68: =$B$5/$B$6*O67+(1-$B$5/$B$6)*P67+$B$5/$B$6*(1-INDEX(HubTail,17))*($P$85-$O$85) | Q68: =$B$5/$B$6*P67+(1-$B$5/$B$6)*Q67+$B$5/$B$6*(1-INDEX(HubTail,17))*($Q$85-$P$85) | R68: =$B$5/$B$6*Q67+(1-$B$5/$B$6)*R67+$B$5/$B$6*(1-INDEX(HubTail,17))*($R$85-$Q$85) | S68: =$B$5/$B$6*R67+(1-$B$5/$B$6)*S67+$B$5/$B$6*(1-INDEX(HubTail,17))*($S$85-$R$85) | T68: =$B$5/$B$6*S67+(1-$B$5/$B$6)*T67+$B$5/$B$6*(1-INDEX(HubTail,17))*($T$85-$S$85) | U68: =$B$5/$B$6*T67+(1-$B$5/$B$6)*U67+$B$5/$B$6*(1-INDEX(HubTail,17))*($U$85-$T$85)
A69: 36 | B69: =1-_xlfn.POISSON.DIST(35,$B$6*$B$7,TRUE) | D69: 14 | E69: =$B$17*14/$B$6*(1-INDEX(HubTail,16))-$B$17*$B$7*(1-INDEX(HubTail,15)) | F69: =INDEX(HubTail,15)*$B$18*$B$7-INDEX(HubTail,16)*$B$18*14/$B$6+$B$18*$B$8 | G69: =$B$5/$B$6*F68+(1-$B$5/$B$6)*G68+$B$5/$B$6*(1-INDEX(HubTail,16))*($G$85-$F$85) | H69: =$B$5/$B$6*G68+(1-$B$5/$B$6)*H68+$B$5/$B$6*(1-INDEX(HubTail,16))*($H$85-$G$85) | I69: =$B$5/$B$6*H68+(1-$B$5/$B$6)*I68+$B$5/$B$6*(1-INDEX(HubTail,16))*($I$85-$H$85) | J69: =$B$5/$B$6*I68+(1-$B$5/$B$6)*J68+$B$5/$B$6*(1-INDEX(HubTail,16))*($J$85-$I$85) | K69: =$B$5/$B$6*J68+(1-$B$5/$B$6)*K68+$B$5/$B$6*(1-INDEX(HubTail,16))*($K$85-$J$85) | L69: =$B$5/$B$6*K68+(1-$B$5/$B$6)*L68+$B$5/$B$6*(1-INDEX(HubTail,16))*($L$85-$K$85) | M69: 14 | N69: =$C$17*14/$B$6*(1-INDEX(HubTail,16))-$C$17*$B$7*(1-INDEX(HubTail,15)) | O69: =INDEX(HubTail,15)*$C$18*$B$7-INDEX(HubTail,16)*$C$18*14/$B$6+$C$18*$B$8 | P69: =$B$5/$B$6*O68+(1-$B$5/$B$6)*P68+$B$5/$B$6*(1-INDEX(HubTail,16))*($P$85-$O$85) | Q69: =$B$5/$B$6*P68+(1-$B$5/$B$6)*Q68+$B$5/$B$6*(1-INDEX(HubTail,16))*($Q$85-$P$85) | R69: =$B$5/$B$6*Q68+(1-$B$5/$B$6)*R68+$B$5/$B$6*(1-INDEX(HubTail,16))*($R$85-$Q$85) | S69: =$B$5/$B$6*R68+(1-$B$5/$B$6)*S68+$B$5/$B$6*(1-INDEX(HubTail,16))*($S$85-$R$85) | T69: =$B$5/$B$6*S68+(1-$B$5/$B$6)*T68+$B$5/$B$6*(1-INDEX(HubTail,16))*($T$85-$S$85) | U69: =$B$5/$B$6*T68+(1-$B$5/$B$6)*U68+$B$5/$B$6*(1-INDEX(HubTail,16))*($U$85-$T$85)
A70: 37 | B70: =1-_xlfn.POISSON.DIST(36,$B$6*$B$7,TRUE) | D70: 13 | E70: =$B$17*13/$B$6*(1-INDEX(HubTail,15))-$B$17*$B$7*(1-INDEX(HubTail,14)) | F70: =INDEX(HubTail,14)*$B$18*$B$7-INDEX(HubTail,15)*$B$18*13/$B$6+$B$18*$B$8 | G70: =$B$5/$B$6*F69+(1-$B$5/$B$6)*G69+$B$5/$B$6*(1-INDEX(HubTail,15))*($G$85-$F$85) | H70: =$B$5/$B$6*G69+(1-$B$5/$B$6)*H69+$B$5/$B$6*(1-INDEX(HubTail,15))*($H$85-$G$85) | I70: =$B$5/$B$6*H69+(1-$B$5/$B$6)*I69+$B$5/$B$6*(1-INDEX(HubTail,15))*($I$85-$H$85) | J70: =$B$5/$B$6*I69+(1-$B$5/$B$6)*J69+$B$5/$B$6*(1-INDEX(HubTail,15))*($J$85-$I$85) | K70: =$B$5/$B$6*J69+(1-$B$5/$B$6)*K69+$B$5/$B$6*(1-INDEX(HubTail,15))*($K$85-$J$85) | L70: =$B$5/$B$6*K69+(1-$B$5/$B$6)*L69+$B$5/$B$6*(1-INDEX(HubTail,15))*($L$85-$K$85) | M70: 13 | N70: =$C$17*13/$B$6*(1-INDEX(HubTail,15))-$C$17*$B$7*(1-INDEX(HubTail,14)) | O70: =INDEX(HubTail,14)*$C$18*$B$7-INDEX(HubTail,15)*$C$18*13/$B$6+$C$18*$B$8 | P70: =$B$5/$B$6*O69+(1-$B$5/$B$6)*P69+$B$5/$B$6*(1-INDEX(HubTail,15))*($P$85-$O$85) | Q70: =$B$5/$B$6*P69+(1-$B$5/$B$6)*Q69+$B$5/$B$6*(1-INDEX(HubTail,15))*($Q$85-$P$85) | R70: =$B$5/$B$6*Q69+(1-$B$5/$B$6)*R69+$B$5/$B$6*(1-INDEX(HubTail,15))*($R$85-$Q$85) | S70: =$B$5/$B$6*R69+(1-$B$5/$B$6)*S69+$B$5/$B$6*(1-INDEX(HubTail,15))*($S$85-$R$85) | T70: =$B$5/$B$6*S69+(1-$B$5/$B$6)*T69+$B$5/$B$6*(1-INDEX(HubTail,15))*($T$85-$S$85) | U70: =$B$5/$B$6*T69+(1-$B$5/$B$6)*U69+$B$5/$B$6*(1-INDEX(HubTail,15))*($U$85-$T$85)
A71: 38 | B71: =1-_xlfn.POISSON.DIST(37,$B$6*$B$7,TRUE) | D71: 12 | E71: =$B$17*12/$B$6*(1-INDEX(HubTail,14))-$B$17*$B$7*(1-INDEX(HubTail,13)) | F71: =INDEX(HubTail,13)*$B$18*$B$7-INDEX(HubTail,14)*$B$18*12/$B$6+$B$18*$B$8 | G71: =$B$5/$B$6*F70+(1-$B$5/$B$6)*G70+$B$5/$B$6*(1-INDEX(HubTail,14))*($G$85-$F$85) | H71: =$B$5/$B$6*G70+(1-$B$5/$B$6)*H70+$B$5/$B$6*(1-INDEX(HubTail,14))*($H$85-$G$85) | I71: =$B$5/$B$6*H70+(1-$B$5/$B$6)*I70+$B$5/$B$6*(1-INDEX(HubTail,14))*($I$85-$H$85) | J71: =$B$5/$B$6*I70+(1-$B$5/$B$6)*J70+$B$5/$B$6*(1-INDEX(HubTail,14))*($J$85-$I$85) | K71: =$B$5/$B$6*J70+(1-$B$5/$B$6)*K70+$B$5/$B$6*(1-INDEX(HubTail,14))*($K$85-$J$85) | L71: =$B$5/$B$6*K70+(1-$B$5/$B$6)*L70+$B$5/$B$6*(1-INDEX(HubTail,14))*($L$85-$K$85) | M71: 12 | N71: =$C$17*12/$B$6*(1-INDEX(HubTail,14))-$C$17*$B$7*(1-INDEX(HubTail,13)) | O71: =INDEX(HubTail,13)*$C$18*$B$7-INDEX(HubTail,14)*$C$18*12/$B$6+$C$18*$B$8 | P71: =$B$5/$B$6*O70+(1-$B$5/$B$6)*P70+$B$5/$B$6*(1-INDEX(HubTail,14))*($P$85-$O$85) | Q71: =$B$5/$B$6*P70+(1-$B$5/$B$6)*Q70+$B$5/$B$6*(1-INDEX(HubTail,14))*($Q$85-$P$85) | R71: =$B$5/$B$6*Q70+(1-$B$5/$B$6)*R70+$B$5/$B$6*(1-INDEX(HubTail,14))*($R$85-$Q$85) | S71: =$B$5/$B$6*R70+(1-$B$5/$B$6)*S70+$B$5/$B$6*(1-INDEX(HubTail,14))*($S$85-$R$85) | T71: =$B$5/$B$6*S70+(1-$B$5/$B$6)*T70+$B$5/$B$6*(1-INDEX(HubTail,14))*($T$85-$S$85) | U71: =$B$5/$B$6*T70+(1-$B$5/$B$6)*U70+$B$5/$B$6*(1-INDEX(HubTail,14))*($U$85-$T$85)
A72: 39 | B72: =1-_xlfn.POISSON.DIST(38,$B$6*$B$7,TRUE) | D72: 11 | E72: =$B$17*11/$B$6*(1-INDEX(HubTail,13))-$B$17*$B$7*(1-INDEX(HubTail,12)) | F72: =INDEX(HubTail,12)*$B$18*$B$7-INDEX(HubTail,13)*$B$18*11/$B$6+$B$18*$B$8 | G72: =$B$5/$B$6*F71+(1-$B$5/$B$6)*G71+$B$5/$B$6*(1-INDEX(HubTail,13))*($G$85-$F$85) | H72: =$B$5/$B$6*G71+(1-$B$5/$B$6)*H71+$B$5/$B$6*(1-INDEX(HubTail,13))*($H$85-$G$85) | I72: =$B$5/$B$6*H71+(1-$B$5/$B$6)*I71+$B$5/$B$6*(1-INDEX(HubTail,13))*($I$85-$H$85) | J72: =$B$5/$B$6*I71+(1-$B$5/$B$6)*J71+$B$5/$B$6*(1-INDEX(HubTail,13))*($J$85-$I$85) | K72: =$B$5/$B$6*J71+(1-$B$5/$B$6)*K71+$B$5/$B$6*(1-INDEX(HubTail,13))*($K$85-$J$85) | L72: =$B$5/$B$6*K71+(1-$B$5/$B$6)*L71+$B$5/$B$6*(1-INDEX(HubTail,13))*($L$85-$K$85) | M72: 11 | N72: =$C$17*11/$B$6*(1-INDEX(HubTail,13))-$C$17*$B$7*(1-INDEX(HubTail,12)) | O72: =INDEX(HubTail,12)*$C$18*$B$7-INDEX(HubTail,13)*$C$18*11/$B$6+$C$18*$B$8 | P72: =$B$5/$B$6*O71+(1-$B$5/$B$6)*P71+$B$5/$B$6*(1-INDEX(HubTail,13))*($P$85-$O$85) | Q72: =$B$5/$B$6*P71+(1-$B$5/$B$6)*Q71+$B$5/$B$6*(1-INDEX(HubTail,13))*($Q$85-$P$85) | R72: =$B$5/$B$6*Q71+(1-$B$5/$B$6)*R71+$B$5/$B$6*(1-INDEX(HubTail,13))*($R$85-$Q$85) | S72: =$B$5/$B$6*R71+(1-$B$5/$B$6)*S71+$B$5/$B$6*(1-INDEX(HubTail,13))*($S$85-$R$85) | T72: =$B$5/$B$6*S71+(1-$B$5/$B$6)*T71+$B$5/$B$6*(1-INDEX(HubTail,13))*($T$85-$S$85) | U72: =$B$5/$B$6*T71+(1-$B$5/$B$6)*U71+$B$5/$B$6*(1-INDEX(HubTail,13))*($U$85-$T$85)
A73: 40 | B73: =1-_xlfn.POISSON.DIST(39,$B$6*$B$7,TRUE) | D73: 10 | E73: =$B$17*10/$B$6*(1-INDEX(HubTail,12))-$B$17*$B$7*(1-INDEX(HubTail,11)) | F73: =INDEX(HubTail,11)*$B$18*$B$7-INDEX(HubTail,12)*$B$18*10/$B$6+$B$18*$B$8 | G73: =$B$5/$B$6*F72+(1-$B$5/$B$6)*G72+$B$5/$B$6*(1-INDEX(HubTail,12))*($G$85-$F$85) | H73: =$B$5/$B$6*G72+(1-$B$5/$B$6)*H72+$B$5/$B$6*(1-INDEX(HubTail,12))*($H$85-$G$85) | I73: =$B$5/$B$6*H72+(1-$B$5/$B$6)*I72+$B$5/$B$6*(1-INDEX(HubTail,12))*($I$85-$H$85) | J73: =$B$5/$B$6*I72+(1-$B$5/$B$6)*J72+$B$5/$B$6*(1-INDEX(HubTail,12))*($J$85-$I$85) | K73: =$B$5/$B$6*J72+(1-$B$5/$B$6)*K72+$B$5/$B$6*(1-INDEX(HubTail,12))*($K$85-$J$85) | L73: =$B$5/$B$6*K72+(1-$B$5/$B$6)*L72+$B$5/$B$6*(1-INDEX(HubTail,12))*($L$85-$K$85) | M73: 10 | N73: =$C$17*10/$B$6*(1-INDEX(HubTail,12))-$C$17*$B$7*(1-INDEX(HubTail,11)) | O73: =INDEX(HubTail,11)*$C$18*$B$7-INDEX(HubTail,12)*$C$18*10/$B$6+$C$18*$B$8 | P73: =$B$5/$B$6*O72+(1-$B$5/$B$6)*P72+$B$5/$B$6*(1-INDEX(HubTail,12))*($P$85-$O$85) | Q73: =$B$5/$B$6*P72+(1-$B$5/$B$6)*Q72+$B$5/$B$6*(1-INDEX(HubTail,12))*($Q$85-$P$85) | R73: =$B$5/$B$6*Q72+(1-$B$5/$B$6)*R72+$B$5/$B$6*(1-INDEX(HubTail,12))*($R$85-$Q$85) | S73: =$B$5/$B$6*R72+(1-$B$5/$B$6)*S72+$B$5/$B$6*(1-INDEX(HubTail,12))*($S$85-$R$85) | T73: =$B$5/$B$6*S72+(1-$B$5/$B$6)*T72+$B$5/$B$6*(1-INDEX(HubTail,12))*($T$85-$S$85) | U73: =$B$5/$B$6*T72+(1-$B$5/$B$6)*U72+$B$5/$B$6*(1-INDEX(HubTail,12))*($U$85-$T$85)
A74: 41 | B74: =1-_xlfn.POISSON.DIST(40,$B$6*$B$7,TRUE) | D74: 9 | E74: =$B$17*9/$B$6*(1-INDEX(HubTail,11))-$B$17*$B$7*(1-INDEX(HubTail,10)) | F74: =INDEX(HubTail,10)*$B$18*$B$7-INDEX(HubTail,11)*$B$18*9/$B$6+$B$18*$B$8 | G74: =$B$5/$B$6*F73+(1-$B$5/$B$6)*G73+$B$5/$B$6*(1-INDEX(HubTail,11))*($G$85-$F$85) | H74: =$B$5/$B$6*G73+(1-$B$5/$B$6)*H73+$B$5/$B$6*(1-INDEX(HubTail,11))*($H$85-$G$85) | I74: =$B$5/$B$6*H73+(1-$B$5/$B$6)*I73+$B$5/$B$6*(1-INDEX(HubTail,11))*($I$85-$H$85) | J74: =$B$5/$B$6*I73+(1-$B$5/$B$6)*J73+$B$5/$B$6*(1-INDEX(HubTail,11))*($J$85-$I$85) | K74: =$B$5/$B$6*J73+(1-$B$5/$B$6)*K73+$B$5/$B$6*(1-INDEX(HubTail,11))*($K$85-$J$85) | L74: =$B$5/$B$6*K73+(1-$B$5/$B$6)*L73+$B$5/$B$6*(1-INDEX(HubTail,11))*($L$85-$K$85) | M74: 9 | N74: =$C$17*9/$B$6*(1-INDEX(HubTail,11))-$C$17*$B$7*(1-INDEX(HubTail,10)) | O74: =INDEX(HubTail,10)*$C$18*$B$7-INDEX(HubTail,11)*$C$18*9/$B$6+$C$18*$B$8 | P74: =$B$5/$B$6*O73+(1-$B$5/$B$6)*P73+$B$5/$B$6*(1-INDEX(HubTail,11))*($P$85-$O$85) | Q74: =$B$5/$B$6*P73+(1-$B$5/$B$6)*Q73+$B$5/$B$6*(1-INDEX(HubTail,11))*($Q$85-$P$85) | R74: =$B$5/$B$6*Q73+(1-$B$5/$B$6)*R73+$B$5/$B$6*(1-INDEX(HubTail,11))*($R$85-$Q$85) | S74: =$B$5/$B$6*R73+(1-$B$5/$B$6)*S73+$B$5/$B$6*(1-INDEX(HubTail,11))*($S$85-$R$85) | T74: =$B$5/$B$6*S73+(1-$B$5/$B$6)*T73+$B$5/$B$6*(1-INDEX(HubTail,11))*($T$85-$S$85) | U74: =$B$5/$B$6*T73+(1-$B$5/$B$6)*U73+$B$5/$B$6*(1-INDEX(HubTail,11))*($U$85-$T$85)
A75: 42 | B75: =1-_xlfn.POISSON.DIST(41,$B$6*$B$7,TRUE) | D75: 8 | E75: =$B$17*8/$B$6*(1-INDEX(HubTail,10))-$B$17*$B$7*(1-INDEX(HubTail,9)) | F75: =INDEX(HubTail,9)*$B$18*$B$7-INDEX(HubTail,10)*$B$18*8/$B$6+$B$18*$B$8 | G75: =$B$5/$B$6*F74+(1-$B$5/$B$6)*G74+$B$5/$B$6*(1-INDEX(HubTail,10))*($G$85-$F$85) | H75: =$B$5/$B$6*G74+(1-$B$5/$B$6)*H74+$B$5/$B$6*(1-INDEX(HubTail,10))*($H$85-$G$85) | I75: =$B$5/$B$6*H74+(1-$B$5/$B$6)*I74+$B$5/$B$6*(1-INDEX(HubTail,10))*($I$85-$H$85) | J75: =$B$5/$B$6*I74+(1-$B$5/$B$6)*J74+$B$5/$B$6*(1-INDEX(HubTail,10))*($J$85-$I$85) | K75: =$B$5/$B$6*J74+(1-$B$5/$B$6)*K74+$B$5/$B$6*(1-INDEX(HubTail,10))*($K$85-$J$85) | L75: =$B$5/$B$6*K74+(1-$B$5/$B$6)*L74+$B$5/$B$6*(1-INDEX(HubTail,10))*($L$85-$K$85) | M75: 8 | N75: =$C$17*8/$B$6*(1-INDEX(HubTail,10))-$C$17*$B$7*(1-INDEX(HubTail,9)) | O75: =INDEX(HubTail,9)*$C$18*$B$7-INDEX(HubTail,10)*$C$18*8/$B$6+$C$18*$B$8 | P75: =$B$5/$B$6*O74+(1-$B$5/$B$6)*P74+$B$5/$B$6*(1-INDEX(HubTail,10))*($P$85-$O$85) | Q75: =$B$5/$B$6*P74+(1-$B$5/$B$6)*Q74+$B$5/$B$6*(1-INDEX(HubTail,10))*($Q$85-$P$85) | R75: =$B$5/$B$6*Q74+(1-$B$5/$B$6)*R74+$B$5/$B$6*(1-INDEX(HubTail,10))*($R$85-$Q$85) | S75: =$B$5/$B$6*R74+(1-$B$5/$B$6)*S74+$B$5/$B$6*(1-INDEX(HubTail,10))*($S$85-$R$85) | T75: =$B$5/$B$6*S74+(1-$B$5/$B$6)*T74+$B$5/$B$6*(1-INDEX(HubTail,10))*($T$85-$S$85) | U75: =$B$5/$B$6*T74+(1-$B$5/$B$6)*U74+$B$5/$B$6*(1-INDEX(HubTail,10))*($U$85-$T$85)
A76: 43 | B76: =1-_xlfn.POISSON.DIST(42,$B$6*$B$7,TRUE) | D76: 7 | E76: =$B$17*7/$B$6*(1-INDEX(HubTail,9))-$B$17*$B$7*(1-INDEX(HubTail,8)) | F76: =INDEX(HubTail,8)*$B$18*$B$7-INDEX(HubTail,9)*$B$18*7/$B$6+$B$18*$B$8 | G76: =$B$5/$B$6*F75+(1-$B$5/$B$6)*G75+$B$5/$B$6*(1-INDEX(HubTail,9))*($G$85-$F$85) | H76: =$B$5/$B$6*G75+(1-$B$5/$B$6)*H75+$B$5/$B$6*(1-INDEX(HubTail,9))*($H$85-$G$85) | I76: =$B$5/$B$6*H75+(1-$B$5/$B$6)*I75+$B$5/$B$6*(1-INDEX(HubTail,9))*($I$85-$H$85) | J76: =$B$5/$B$6*I75+(1-$B$5/$B$6)*J75+$B$5/$B$6*(1-INDEX(HubTail,9))*($J$85-$I$85) | K76: =$B$5/$B$6*J75+(1-$B$5/$B$6)*K75+$B$5/$B$6*(1-INDEX(HubTail,9))*($K$85-$J$85) | L76: =$B$5/$B$6*K75+(1-$B$5/$B$6)*L75+$B$5/$B$6*(1-INDEX(HubTail,9))*($L$85-$K$85) | M76: 7 | N76: =$C$17*7/$B$6*(1-INDEX(HubTail,9))-$C$17*$B$7*(1-INDEX(HubTail,8)) | O76: =INDEX(HubTail,8)*$C$18*$B$7-INDEX(HubTail,9)*$C$18*7/$B$6+$C$18*$B$8 | P76: =$B$5/$B$6*O75+(1-$B$5/$B$6)*P75+$B$5/$B$6*(1-INDEX(HubTail,9))*($P$85-$O$85) | Q76: =$B$5/$B$6*P75+(1-$B$5/$B$6)*Q75+$B$5/$B$6*(1-INDEX(HubTail,9))*($Q$85-$P$85) | R76: =$B$5/$B$6*Q75+(1-$B$5/$B$6)*R75+$B$5/$B$6*(1-INDEX(HubTail,9))*($R$85-$Q$85) | S76: =$B$5/$B$6*R75+(1-$B$5/$B$6)*S75+$B$5/$B$6*(1-INDEX(HubTail,9))*($S$85-$R$85) | T76: =$B$5/$B$6*S75+(1-$B$5/$B$6)*T75+$B$5/$B$6*(1-INDEX(HubTail,9))*($T$85-$S$85) | U76: =$B$5/$B$6*T75+(1-$B$5/$B$6)*U75+$B$5/$B$6*(1-INDEX(HubTail,9))*($U$85-$T$85)
A77: 44 | B77: =1-_xlfn.POISSON.DIST(43,$B$6*$B$7,TRUE) | D77: 6 | E77: =$B$17*6/$B$6*(1-INDEX(HubTail,8))-$B$17*$B$7*(1-INDEX(HubTail,7)) | F77: =INDEX(HubTail,7)*$B$18*$B$7-INDEX(HubTail,8)*$B$18*6/$B$6+$B$18*$B$8 | G77: =$B$5/$B$6*F76+(1-$B$5/$B$6)*G76+$B$5/$B$6*(1-INDEX(HubTail,8))*($G$85-$F$85) | H77: =$B$5/$B$6*G76+(1-$B$5/$B$6)*H76+$B$5/$B$6*(1-INDEX(HubTail,8))*($H$85-$G$85) | I77: =$B$5/$B$6*H76+(1-$B$5/$B$6)*I76+$B$5/$B$6*(1-INDEX(HubTail,8))*($I$85-$H$85) | J77: =$B$5/$B$6*I76+(1-$B$5/$B$6)*J76+$B$5/$B$6*(1-INDEX(HubTail,8))*($J$85-$I$85) | K77: =$B$5/$B$6*J76+(1-$B$5/$B$6)*K76+$B$5/$B$6*(1-INDEX(HubTail,8))*($K$85-$J$85) | L77: =$B$5/$B$6*K76+(1-$B$5/$B$6)*L76+$B$5/$B$6*(1-INDEX(HubTail,8))*($L$85-$K$85) | M77: 6 | N77: =$C$17*6/$B$6*(1-INDEX(HubTail,8))-$C$17*$B$7*(1-INDEX(HubTail,7)) | O77: =INDEX(HubTail,7)*$C$18*$B$7-INDEX(HubTail,8)*$C$18*6/$B$6+$C$18*$B$8 | P77: =$B$5/$B$6*O76+(1-$B$5/$B$6)*P76+$B$5/$B$6*(1-INDEX(HubTail,8))*($P$85-$O$85) | Q77: =$B$5/$B$6*P76+(1-$B$5/$B$6)*Q76+$B$5/$B$6*(1-INDEX(HubTail,8))*($Q$85-$P$85) | R77: =$B$5/$B$6*Q76+(1-$B$5/$B$6)*R76+$B$5/$B$6*(1-INDEX(HubTail,8))*($R$85-$Q$85) | S77: =$B$5/$B$6*R76+(1-$B$5/$B$6)*S76+$B$5/$B$6*(1-INDEX(HubTail,8))*($S$85-$R$85) | T77: =$B$5/$B$6*S76+(1-$B$5/$B$6)*T76+$B$5/$B$6*(1-INDEX(HubTail,8))*($T$85-$S$85) | U77: =$B$5/$B$6*T76+(1-$B$5/$B$6)*U76+$B$5/$B$6*(1-INDEX(HubTail,8))*($U$85-$T$85)
A78: 45 | B78: =1-_xlfn.POISSON.DIST(44,$B$6*$B$7,TRUE) | D78: 5 | E78: =$B$17*5/$B$6*(1-INDEX(HubTail,7))-$B$17*$B$7*(1-INDEX(HubTail,6)) | F78: =INDEX(HubTail,6)*$B$18*$B$7-INDEX(HubTail,7)*$B$18*5/$B$6+$B$18*$B$8 | G78: =$B$5/$B$6*F77+(1-$B$5/$B$6)*G77+$B$5/$B$6*(1-INDEX(HubTail,7))*($G$85-$F$85) | H78: =$B$5/$B$6*G77+(1-$B$5/$B$6)*H77+$B$5/$B$6*(1-INDEX(HubTail,7))*($H$85-$G$85) | I78: =$B$5/$B$6*H77+(1-$B$5/$B$6)*I77+$B$5/$B$6*(1-INDEX(HubTail,7))*($I$85-$H$85) | J78: =$B$5/$B$6*I77+(1-$B$5/$B$6)*J77+$B$5/$B$6*(1-INDEX(HubTail,7))*($J$85-$I$85) | K78: =$B$5/$B$6*J77+(1-$B$5/$B$6)*K77+$B$5/$B$6*(1-INDEX(HubTail,7))*($K$85-$J$85) | L78: =$B$5/$B$6*K77+(1-$B$5/$B$6)*L77+$B$5/$B$6*(1-INDEX(HubTail,7))*($L$85-$K$85) | M78: 5 | N78: =$C$17*5/$B$6*(1-INDEX(HubTail,7))-$C$17*$B$7*(1-INDEX(HubTail,6)) | O78: =INDEX(HubTail,6)*$C$18*$B$7-INDEX(HubTail,7)*$C$18*5/$B$6+$C$18*$B$8 | P78: =$B$5/$B$6*O77+(1-$B$5/$B$6)*P77+$B$5/$B$6*(1-INDEX(HubTail,7))*($P$85-$O$85) | Q78: =$B$5/$B$6*P77+(1-$B$5/$B$6)*Q77+$B$5/$B$6*(1-INDEX(HubTail,7))*($Q$85-$P$85) | R78: =$B$5/$B$6*Q77+(1-$B$5/$B$6)*R77+$B$5/$B$6*(1-INDEX(HubTail,7))*($R$85-$Q$85) | S78: =$B$5/$B$6*R77+(1-$B$5/$B$6)*S77+$B$5/$B$6*(1-INDEX(HubTail,7))*($S$85-$R$85) | T78: =$B$5/$B$6*S77+(1-$B$5/$B$6)*T77+$B$5/$B$6*(1-INDEX(HubTail,7))*($T$85-$S$85) | U78: =$B$5/$B$6*T77+(1-$B$5/$B$6)*U77+$B$5/$B$6*(1-INDEX(HubTail,7))*($U$85-$T$85)
A79: 46 | B79: =1-_xlfn.POISSON.DIST(45,$B$6*$B$7,TRUE) | D79: 4 | E79: =$B$17*4/$B$6*(1-INDEX(HubTail,6))-$B$17*$B$7*(1-INDEX(HubTail,5)) | F79: =INDEX(HubTail,5)*$B$18*$B$7-INDEX(HubTail,6)*$B$18*4/$B$6+$B$18*$B$8 | G79: =$B$5/$B$6*F78+(1-$B$5/$B$6)*G78+$B$5/$B$6*(1-INDEX(HubTail,6))*($G$85-$F$85) | H79: =$B$5/$B$6*G78+(1-$B$5/$B$6)*H78+$B$5/$B$6*(1-INDEX(HubTail,6))*($H$85-$G$85) | I79: =$B$5/$B$6*H78+(1-$B$5/$B$6)*I78+$B$5/$B$6*(1-INDEX(HubTail,6))*($I$85-$H$85) | J79: =$B$5/$B$6*I78+(1-$B$5/$B$6)*J78+$B$5/$B$6*(1-INDEX(HubTail,6))*($J$85-$I$85) | K79: =$B$5/$B$6*J78+(1-$B$5/$B$6)*K78+$B$5/$B$6*(1-INDEX(HubTail,6))*($K$85-$J$85) | L79: =$B$5/$B$6*K78+(1-$B$5/$B$6)*L78+$B$5/$B$6*(1-INDEX(HubTail,6))*($L$85-$K$85) | M79: 4 | N79: =$C$17*4/$B$6*(1-INDEX(HubTail,6))-$C$17*$B$7*(1-INDEX(HubTail,5)) | O79: =INDEX(HubTail,5)*$C$18*$B$7-INDEX(HubTail,6)*$C$18*4/$B$6+$C$18*$B$8 | P79: =$B$5/$B$6*O78+(1-$B$5/$B$6)*P78+$B$5/$B$6*(1-INDEX(HubTail,6))*($P$85-$O$85) | Q79: =$B$5/$B$6*P78+(1-$B$5/$B$6)*Q78+$B$5/$B$6*(1-INDEX(HubTail,6))*($Q$85-$P$85) | R79: =$B$5/$B$6*Q78+(1-$B$5/$B$6)*R78+$B$5/$B$6*(1-INDEX(HubTail,6))*($R$85-$Q$85) | S79: =$B$5/$B$6*R78+(1-$B$5/$B$6)*S78+$B$5/$B$6*(1-INDEX(HubTail,6))*($S$85-$R$85) | T79: =$B$5/$B$6*S78+(1-$B$5/$B$6)*T78+$B$5/$B$6*(1-INDEX(HubTail,6))*($T$85-$S$85) | U79: =$B$5/$B$6*T78+(1-$B$5/$B$6)*U78+$B$5/$B$6*(1-INDEX(HubTail,6))*($U$85-$T$85)
A80: 47 | B80: =1-_xlfn.POISSON.DIST(46,$B$6*$B$7,TRUE) | D80: 3 | E80: =$B$17*3/$B$6*(1-INDEX(HubTail,5))-$B$17*$B$7*(1-INDEX(HubTail,4)) | F80: =INDEX(HubTail,4)*$B$18*$B$7-INDEX(HubTail,5)*$B$18*3/$B$6+$B$18*$B$8 | G80: =$B$5/$B$6*F79+(1-$B$5/$B$6)*G79+$B$5/$B$6*(1-INDEX(HubTail,5))*($G$85-$F$85) | H80: =$B$5/$B$6*G79+(1-$B$5/$B$6)*H79+$B$5/$B$6*(1-INDEX(HubTail,5))*($H$85-$G$85) | I80: =$B$5/$B$6*H79+(1-$B$5/$B$6)*I79+$B$5/$B$6*(1-INDEX(HubTail,5))*($I$85-$H$85) | J80: =$B$5/$B$6*I79+(1-$B$5/$B$6)*J79+$B$5/$B$6*(1-INDEX(HubTail,5))*($J$85-$I$85) | K80: =$B$5/$B$6*J79+(1-$B$5/$B$6)*K79+$B$5/$B$6*(1-INDEX(HubTail,5))*($K$85-$J$85) | L80: =$B$5/$B$6*K79+(1-$B$5/$B$6)*L79+$B$5/$B$6*(1-INDEX(HubTail,5))*($L$85-$K$85) | M80: 3 | N80: =$C$17*3/$B$6*(1-INDEX(HubTail,5))-$C$17*$B$7*(1-INDEX(HubTail,4)) | O80: =INDEX(HubTail,4)*$C$18*$B$7-INDEX(HubTail,5)*$C$18*3/$B$6+$C$18*$B$8 | P80: =$B$5/$B$6*O79+(1-$B$5/$B$6)*P79+$B$5/$B$6*(1-INDEX(HubTail,5))*($P$85-$O$85) | Q80: =$B$5/$B$6*P79+(1-$B$5/$B$6)*Q79+$B$5/$B$6*(1-INDEX(HubTail,5))*($Q$85-$P$85) | R80: =$B$5/$B$6*Q79+(1-$B$5/$B$6)*R79+$B$5/$B$6*(1-INDEX(HubTail,5))*($R$85-$Q$85) | S80: =$B$5/$B$6*R79+(1-$B$5/$B$6)*S79+$B$5/$B$6*(1-INDEX(HubTail,5))*($S$85-$R$85) | T80: =$B$5/$B$6*S79+(1-$B$5/$B$6)*T79+$B$5/$B$6*(1-INDEX(HubTail,5))*($T$85-$S$85) | U80: =$B$5/$B$6*T79+(1-$B$5/$B$6)*U79+$B$5/$B$6*(1-INDEX(HubTail,5))*($U$85-$T$85)
A81: 48 | B81: =1-_xlfn.POISSON.DIST(47,$B$6*$B$7,TRUE) | D81: 2 | E81: =$B$17*2/$B$6*(1-INDEX(HubTail,4))-$B$17*$B$7*(1-INDEX(HubTail,3)) | F81: =INDEX(HubTail,3)*$B$18*$B$7-INDEX(HubTail,4)*$B$18*2/$B$6+$B$18*$B$8 | G81: =$B$5/$B$6*F80+(1-$B$5/$B$6)*G80+$B$5/$B$6*(1-INDEX(HubTail,4))*($G$85-$F$85) | H81: =$B$5/$B$6*G80+(1-$B$5/$B$6)*H80+$B$5/$B$6*(1-INDEX(HubTail,4))*($H$85-$G$85) | I81: =$B$5/$B$6*H80+(1-$B$5/$B$6)*I80+$B$5/$B$6*(1-INDEX(HubTail,4))*($I$85-$H$85) | J81: =$B$5/$B$6*I80+(1-$B$5/$B$6)*J80+$B$5/$B$6*(1-INDEX(HubTail,4))*($J$85-$I$85) | K81: =$B$5/$B$6*J80+(1-$B$5/$B$6)*K80+$B$5/$B$6*(1-INDEX(HubTail,4))*($K$85-$J$85) | L81: =$B$5/$B$6*K80+(1-$B$5/$B$6)*L80+$B$5/$B$6*(1-INDEX(HubTail,4))*($L$85-$K$85) | M81: 2 | N81: =$C$17*2/$B$6*(1-INDEX(HubTail,4))-$C$17*$B$7*(1-INDEX(HubTail,3)) | O81: =INDEX(HubTail,3)*$C$18*$B$7-INDEX(HubTail,4)*$C$18*2/$B$6+$C$18*$B$8 | P81: =$B$5/$B$6*O80+(1-$B$5/$B$6)*P80+$B$5/$B$6*(1-INDEX(HubTail,4))*($P$85-$O$85) | Q81: =$B$5/$B$6*P80+(1-$B$5/$B$6)*Q80+$B$5/$B$6*(1-INDEX(HubTail,4))*($Q$85-$P$85) | R81: =$B$5/$B$6*Q80+(1-$B$5/$B$6)*R80+$B$5/$B$6*(1-INDEX(HubTail,4))*($R$85-$Q$85) | S81: =$B$5/$B$6*R80+(1-$B$5/$B$6)*S80+$B$5/$B$6*(1-INDEX(HubTail,4))*($S$85-$R$85) | T81: =$B$5/$B$6*S80+(1-$B$5/$B$6)*T80+$B$5/$B$6*(1-INDEX(HubTail,4))*($T$85-$S$85) | U81: =$B$5/$B$6*T80+(1-$B$5/$B$6)*U80+$B$5/$B$6*(1-INDEX(HubTail,4))*($U$85-$T$85)
A82: 49 | B82: =1-_xlfn.POISSON.DIST(48,$B$6*$B$7,TRUE) | D82: 1 | E82: =$B$17*1/$B$6*(1-INDEX(HubTail,3))-$B$17*$B$7*(1-INDEX(HubTail,2)) | F82: =INDEX(HubTail,2)*$B$18*$B$7-INDEX(HubTail,3)*$B$18*1/$B$6+$B$18*$B$8 | G82: =$B$5/$B$6*F81+(1-$B$5/$B$6)*G81+$B$5/$B$6*(1-INDEX(HubTail,3))*($G$85-$F$85) | H82: =$B$5/$B$6*G81+(1-$B$5/$B$6)*H81+$B$5/$B$6*(1-INDEX(HubTail,3))*($H$85-$G$85) | I82: =$B$5/$B$6*H81+(1-$B$5/$B$6)*I81+$B$5/$B$6*(1-INDEX(HubTail,3))*($I$85-$H$85) | J82: =$B$5/$B$6*I81+(1-$B$5/$B$6)*J81+$B$5/$B$6*(1-INDEX(HubTail,3))*($J$85-$I$85) | K82: =$B$5/$B$6*J81+(1-$B$5/$B$6)*K81+$B$5/$B$6*(1-INDEX(HubTail,3))*($K$85-$J$85) | L82: =$B$5/$B$6*K81+(1-$B$5/$B$6)*L81+$B$5/$B$6*(1-INDEX(HubTail,3))*($L$85-$K$85) | M82: 1 | N82: =$C$17*1/$B$6*(1-INDEX(HubTail,3))-$C$17*$B$7*(1-INDEX(HubTail,2)) | O82: =INDEX(HubTail,2)*$C$18*$B$7-INDEX(HubTail,3)*$C$18*1/$B$6+$C$18*$B$8 | P82: =$B$5/$B$6*O81+(1-$B$5/$B$6)*P81+$B$5/$B$6*(1-INDEX(HubTail,3))*($P$85-$O$85) | Q82: =$B$5/$B$6*P81+(1-$B$5/$B$6)*Q81+$B$5/$B$6*(1-INDEX(HubTail,3))*($Q$85-$P$85) | R82: =$B$5/$B$6*Q81+(1-$B$5/$B$6)*R81+$B$5/$B$6*(1-INDEX(HubTail,3))*($R$85-$Q$85) | S82: =$B$5/$B$6*R81+(1-$B$5/$B$6)*S81+$B$5/$B$6*(1-INDEX(HubTail,3))*($S$85-$R$85) | T82: =$B$5/$B$6*S81+(1-$B$5/$B$6)*T81+$B$5/$B$6*(1-INDEX(HubTail,3))*($T$85-$S$85) | U82: =$B$5/$B$6*T81+(1-$B$5/$B$6)*U81+$B$5/$B$6*(1-INDEX(HubTail,3))*($U$85-$T$85)
A83: 50 | B83: =1-_xlfn.POISSON.DIST(49,$B$6*$B$7,TRUE) | D83: 0 | E83: =0 | F83: =$B$18*($B$7+$B$8-0/$B$6) | G83: =$B$5/$B$6*F82+(1-$B$5/$B$6)*G82+$B$5/$B$6*(1-INDEX(HubTail,2))*($G$85-$F$85) | H83: =$B$5/$B$6*G82+(1-$B$5/$B$6)*H82+$B$5/$B$6*(1-INDEX(HubTail,2))*($H$85-$G$85) | I83: =$B$5/$B$6*H82+(1-$B$5/$B$6)*I82+$B$5/$B$6*(1-INDEX(HubTail,2))*($I$85-$H$85) | J83: =$B$5/$B$6*I82+(1-$B$5/$B$6)*J82+$B$5/$B$6*(1-INDEX(HubTail,2))*($J$85-$I$85) | K83: =$B$5/$B$6*J82+(1-$B$5/$B$6)*K82+$B$5/$B$6*(1-INDEX(HubTail,2))*($K$85-$J$85) | L83: =$B$5/$B$6*K82+(1-$B$5/$B$6)*L82+$B$5/$B$6*(1-INDEX(HubTail,2))*($L$85-$K$85) | M83: 0 | N83: =0 | O83: =$C$18*($B$7+$B$8-0/$B$6) | P83: =$B$5/$B$6*O82+(1-$B$5/$B$6)*P82+$B$5/$B$6*(1-INDEX(HubTail,2))*($P$85-$O$85) | Q83: =$B$5/$B$6*P82+(1-$B$5/$B$6)*Q82+$B$5/$B$6*(1-INDEX(HubTail,2))*($Q$85-$P$85) | R83: =$B$5/$B$6*Q82+(1-$B$5/$B$6)*R82+$B$5/$B$6*(1-INDEX(HubTail,2))*($R$85-$Q$85) | S83: =$B$5/$B$6*R82+(1-$B$5/$B$6)*S82+$B$5/$B$6*(1-INDEX(HubTail,2))*($S$85-$R$85) | T83: =$B$5/$B$6*S82+(1-$B$5/$B$6)*T82+$B$5/$B$6*(1-INDEX(HubTail,2))*($T$85-$S$85) | U83: =$B$5/$B$6*T82+(1-$B$5/$B$6)*U82+$B$5/$B$6*(1-INDEX(HubTail,2))*($U$85-$T$85)
A84: 51 | B84: =1-_xlfn.POISSON.DIST(50,$B$6*$B$7,TRUE)
D85: pi^S_j | F85: =$B$18*$B$8 | G85: =($B$16+$B$18)/$B$5*(1*_xlfn.POISSON.DIST(0,$B$5*$B$8,TRUE)-$B$5*$B$8*0)+$B$18*($B$8-1/$B$5) | H85: =($B$16+$B$18)/$B$5*(2*_xlfn.POISSON.DIST(1,$B$5*$B$8,TRUE)-$B$5*$B$8*_xlfn.POISSON.DIST(0,$B$5*$B$8,TRUE))+$B$18*($B$8-2/$B$5) | I85: =($B$16+$B$18)/$B$5*(3*_xlfn.POISSON.DIST(2,$B$5*$B$8,TRUE)-$B$5*$B$8*_xlfn.POISSON.DIST(1,$B$5*$B$8,TRUE))+$B$18*($B$8-3/$B$5) | J85: =($B$16+$B$18)/$B$5*(4*_xlfn.POISSON.DIST(3,$B$5*$B$8,TRUE)-$B$5*$B$8*_xlfn.POISSON.DIST(2,$B$5*$B$8,TRUE))+$B$18*($B$8-4/$B$5) | K85: =($B$16+$B$18)/$B$5*(5*_xlfn.POISSON.DIST(4,$B$5*$B$8,TRUE)-$B$5*$B$8*_xlfn.POISSON.DIST(3,$B$5*$B$8,TRUE))+$B$18*($B$8-5/$B$5) | L85: =($B$16+$B$18)/$B$5*(6*_xlfn.POISSON.DIST(5,$B$5*$B$8,TRUE)-$B$5*$B$8*_xlfn.POISSON.DIST(4,$B$5*$B$8,TRUE))+$B$18*($B$8-6/$B$5) | M85: pi^S_j | O85: =$C$18*$B$8 | P85: =($C$16+$C$18)/$B$5*(1*_xlfn.POISSON.DIST(0,$B$5*$B$8,TRUE)-$B$5*$B$8*0)+$C$18*($B$8-1/$B$5) | Q85: =($C$16+$C$18)/$B$5*(2*_xlfn.POISSON.DIST(1,$B$5*$B$8,TRUE)-$B$5*$B$8*_xlfn.POISSON.DIST(0,$B$5*$B$8,TRUE))+$C$18*($B$8-2/$B$5) | R85: =($C$16+$C$18)/$B$5*(3*_xlfn.POISSON.DIST(2,$B$5*$B$8,TRUE)-$B$5*$B$8*_xlfn.POISSON.DIST(1,$B$5*$B$8,TRUE))+$C$18*($B$8-3/$B$5) | S85: =($C$16+$C$18)/$B$5*(4*_xlfn.POISSON.DIST(3,$B$5*$B$8,TRUE)-$B$5*$B$8*_xlfn.POISSON.DIST(2,$B$5*$B$8,TRUE))+$C$18*($B$8-4/$B$5) | T85: =($C$16+$C$18)/$B$5*(5*_xlfn.POISSON.DIST(4,$B$5*$B$8,TRUE)-$B$5*$B$8*_xlfn.POISSON.DIST(3,$B$5*$B$8,TRUE))+$C$18*($B$8-5/$B$5) | U85: =($C$16+$C$18)/$B$5*(6*_xlfn.POISSON.DIST(5,$B$5*$B$8,TRUE)-$B$5*$B$8*_xlfn.POISSON.DIST(4,$B$5*$B$8,TRUE))+$C$18*($B$8-6/$B$5)
A87: Each column walks down from S_0 = 50, where (A.9) sets it to pi^S_j, by (A.11) above zero and (A.12) below. The column S_j = 0 needs no walk: (A.7) and (A.8) give it outright.

Sheet Storeroom
A1: One storeroom behind the hub, three routes
A2: @sec-batchedmultiechelon. The wait at the hub makes the storeroom's lead time random.
A4: Read from the other sheets
A5: lambda_j | B5: =Hub!B5
A6: O_j | B6: =Hub!B8
A7: mean wait | B7: =Hub!B27
A8: Var[W] | B8: =Hub!B28
A9: S_j | B9: =Exact!B12
A11: The two moment routes' parameters
A12: mean lead time demand | B12: =B5*(B6+B7)
A13: its variance | B13: =B12+B5^2*B8
A14: negative binomial p | B14: =B12/B13
A15: negative binomial r | B15: =B12^2/(B13-B12)
A17: Backorders and on-hand per storeroom
B18: mean only | C18: two moments | D18: conditioned | E18: exact
A19: expected backorders | B19: =SUMPRODUCT(B26:B56,$E$26:$E$56) | C19: =SUMPRODUCT(C26:C56,$E$26:$E$56) | D19: =SUMPRODUCT(D26:D56,$E$26:$E$56) | E19: =Exact!B29
A20: expected on-hand | B20: =$B$9-SUMPRODUCT(B26:B56,$A$26:$A$56)+B19 | C20: =$B$9-SUMPRODUCT(C26:C56,$A$26:$A$56)+C19 | D20: =$B$9-SUMPRODUCT(D26:D56,$A$26:$A$56)+D19 | E20: =B9-B5*(B6+B7)+E19
A21: On-hand less backorders is S_j - lambda_j (O_j + E[W]) in every route with the exact mean wait.
A22: The wait's grid from the Delay sheet, one column per day: probability, then midpoint.
F23: =INDEX(DelayMass,1) | G23: =INDEX(DelayMass,2) | H23: =INDEX(DelayMass,3) | I23: =INDEX(DelayMass,4) | J23: =INDEX(DelayMass,5) | K23: =INDEX(DelayMass,6) | L23: =INDEX(DelayMass,7) | M23: =INDEX(DelayMass,8) | N23: =INDEX(DelayMass,9) | O23: =INDEX(DelayMass,10) | P23: =INDEX(DelayMass,11) | Q23: =INDEX(DelayMass,12) | R23: =INDEX(DelayMass,13) | S23: =INDEX(DelayMass,14) | T23: =INDEX(DelayMass,15) | U23: =INDEX(DelayMass,16) | V23: =INDEX(DelayMass,17) | W23: =INDEX(DelayMass,18) | X23: =INDEX(DelayMass,19) | Y23: =INDEX(DelayMass,20) | Z23: =INDEX(DelayMass,21) | AA23: =INDEX(DelayMass,22)
F24: =INDEX(DelayMid,1) | G24: =INDEX(DelayMid,2) | H24: =INDEX(DelayMid,3) | I24: =INDEX(DelayMid,4) | J24: =INDEX(DelayMid,5) | K24: =INDEX(DelayMid,6) | L24: =INDEX(DelayMid,7) | M24: =INDEX(DelayMid,8) | N24: =INDEX(DelayMid,9) | O24: =INDEX(DelayMid,10) | P24: =INDEX(DelayMid,11) | Q24: =INDEX(DelayMid,12) | R24: =INDEX(DelayMid,13) | S24: =INDEX(DelayMid,14) | T24: =INDEX(DelayMid,15) | U24: =INDEX(DelayMid,16) | V24: =INDEX(DelayMid,17) | W24: =INDEX(DelayMid,18) | X24: =INDEX(DelayMid,19) | Y24: =INDEX(DelayMid,20) | Z24: =INDEX(DelayMid,21) | AA24: =INDEX(DelayMid,22)
A25: x | B25: mean only | C25: two moments | D25: conditioned | E25: (x - S_j)+ | F25: day 0 | G25: day 1 | H25: day 2 | I25: day 3 | J25: day 4 | K25: day 5 | L25: day 6 | M25: day 7 | N25: day 8 | O25: day 9 | P25: day 10 | Q25: day 11 | R25: day 12 | S25: day 13 | T25: day 14 | U25: day 15 | V25: day 16 | W25: day 17 | X25: day 18 | Y25: day 19 | Z25: day 20 | AA25: day 21
A26: 0 | B26: =_xlfn.POISSON.DIST(A26,$B$12,FALSE) | C26: =$B$14^$B$15 | D26: =SUMPRODUCT(F26:AA26,$F$23:$AA$23) | E26: =MAX(0,A26-$B$9) | F26: =_xlfn.POISSON.DIST($A26,$B$5*($B$6+F$24),FALSE) | G26: =_xlfn.POISSON.DIST($A26,$B$5*($B$6+G$24),FALSE) | H26: =_xlfn.POISSON.DIST($A26,$B$5*($B$6+H$24),FALSE) | I26: =_xlfn.POISSON.DIST($A26,$B$5*($B$6+I$24),FALSE) | J26: =_xlfn.POISSON.DIST($A26,$B$5*($B$6+J$24),FALSE) | K26: =_xlfn.POISSON.DIST($A26,$B$5*($B$6+K$24),FALSE) | L26: =_xlfn.POISSON.DIST($A26,$B$5*($B$6+L$24),FALSE) | M26: =_xlfn.POISSON.DIST($A26,$B$5*($B$6+M$24),FALSE) | ... AA26: =_xlfn.POISSON.DIST($A26,$B$5*($B$6+AA$24),FALSE)
A27: 1 | B27: =_xlfn.POISSON.DIST(A27,$B$12,FALSE) | C27: =C26*($B$15+A27-1)*(1-$B$14)/A27 | D27: =SUMPRODUCT(F27:AA27,$F$23:$AA$23) | E27: =MAX(0,A27-$B$9) | F27: =_xlfn.POISSON.DIST($A27,$B$5*($B$6+F$24),FALSE) | G27: =_xlfn.POISSON.DIST($A27,$B$5*($B$6+G$24),FALSE) | H27: =_xlfn.POISSON.DIST($A27,$B$5*($B$6+H$24),FALSE) | I27: =_xlfn.POISSON.DIST($A27,$B$5*($B$6+I$24),FALSE) | J27: =_xlfn.POISSON.DIST($A27,$B$5*($B$6+J$24),FALSE) | K27: =_xlfn.POISSON.DIST($A27,$B$5*($B$6+K$24),FALSE) | L27: =_xlfn.POISSON.DIST($A27,$B$5*($B$6+L$24),FALSE) | M27: =_xlfn.POISSON.DIST($A27,$B$5*($B$6+M$24),FALSE) | ... AA27: =_xlfn.POISSON.DIST($A27,$B$5*($B$6+AA$24),FALSE)
A28: 2 | B28: =_xlfn.POISSON.DIST(A28,$B$12,FALSE) | C28: =C27*($B$15+A28-1)*(1-$B$14)/A28 | D28: =SUMPRODUCT(F28:AA28,$F$23:$AA$23) | E28: =MAX(0,A28-$B$9) | F28: =_xlfn.POISSON.DIST($A28,$B$5*($B$6+F$24),FALSE) | G28: =_xlfn.POISSON.DIST($A28,$B$5*($B$6+G$24),FALSE) | H28: =_xlfn.POISSON.DIST($A28,$B$5*($B$6+H$24),FALSE) | I28: =_xlfn.POISSON.DIST($A28,$B$5*($B$6+I$24),FALSE) | J28: =_xlfn.POISSON.DIST($A28,$B$5*($B$6+J$24),FALSE) | K28: =_xlfn.POISSON.DIST($A28,$B$5*($B$6+K$24),FALSE) | L28: =_xlfn.POISSON.DIST($A28,$B$5*($B$6+L$24),FALSE) | M28: =_xlfn.POISSON.DIST($A28,$B$5*($B$6+M$24),FALSE) | ... AA28: =_xlfn.POISSON.DIST($A28,$B$5*($B$6+AA$24),FALSE)
A29: 3 | B29: =_xlfn.POISSON.DIST(A29,$B$12,FALSE) | C29: =C28*($B$15+A29-1)*(1-$B$14)/A29 | D29: =SUMPRODUCT(F29:AA29,$F$23:$AA$23) | E29: =MAX(0,A29-$B$9) | F29: =_xlfn.POISSON.DIST($A29,$B$5*($B$6+F$24),FALSE) | G29: =_xlfn.POISSON.DIST($A29,$B$5*($B$6+G$24),FALSE) | H29: =_xlfn.POISSON.DIST($A29,$B$5*($B$6+H$24),FALSE) | I29: =_xlfn.POISSON.DIST($A29,$B$5*($B$6+I$24),FALSE) | J29: =_xlfn.POISSON.DIST($A29,$B$5*($B$6+J$24),FALSE) | K29: =_xlfn.POISSON.DIST($A29,$B$5*($B$6+K$24),FALSE) | L29: =_xlfn.POISSON.DIST($A29,$B$5*($B$6+L$24),FALSE) | M29: =_xlfn.POISSON.DIST($A29,$B$5*($B$6+M$24),FALSE) | ... AA29: =_xlfn.POISSON.DIST($A29,$B$5*($B$6+AA$24),FALSE)
A30: 4 | B30: =_xlfn.POISSON.DIST(A30,$B$12,FALSE) | C30: =C29*($B$15+A30-1)*(1-$B$14)/A30 | D30: =SUMPRODUCT(F30:AA30,$F$23:$AA$23) | E30: =MAX(0,A30-$B$9) | F30: =_xlfn.POISSON.DIST($A30,$B$5*($B$6+F$24),FALSE) | G30: =_xlfn.POISSON.DIST($A30,$B$5*($B$6+G$24),FALSE) | H30: =_xlfn.POISSON.DIST($A30,$B$5*($B$6+H$24),FALSE) | I30: =_xlfn.POISSON.DIST($A30,$B$5*($B$6+I$24),FALSE) | J30: =_xlfn.POISSON.DIST($A30,$B$5*($B$6+J$24),FALSE) | K30: =_xlfn.POISSON.DIST($A30,$B$5*($B$6+K$24),FALSE) | L30: =_xlfn.POISSON.DIST($A30,$B$5*($B$6+L$24),FALSE) | M30: =_xlfn.POISSON.DIST($A30,$B$5*($B$6+M$24),FALSE) | ... AA30: =_xlfn.POISSON.DIST($A30,$B$5*($B$6+AA$24),FALSE)
A31: 5 | B31: =_xlfn.POISSON.DIST(A31,$B$12,FALSE) | C31: =C30*($B$15+A31-1)*(1-$B$14)/A31 | D31: =SUMPRODUCT(F31:AA31,$F$23:$AA$23) | E31: =MAX(0,A31-$B$9) | F31: =_xlfn.POISSON.DIST($A31,$B$5*($B$6+F$24),FALSE) | G31: =_xlfn.POISSON.DIST($A31,$B$5*($B$6+G$24),FALSE) | H31: =_xlfn.POISSON.DIST($A31,$B$5*($B$6+H$24),FALSE) | I31: =_xlfn.POISSON.DIST($A31,$B$5*($B$6+I$24),FALSE) | J31: =_xlfn.POISSON.DIST($A31,$B$5*($B$6+J$24),FALSE) | K31: =_xlfn.POISSON.DIST($A31,$B$5*($B$6+K$24),FALSE) | L31: =_xlfn.POISSON.DIST($A31,$B$5*($B$6+L$24),FALSE) | M31: =_xlfn.POISSON.DIST($A31,$B$5*($B$6+M$24),FALSE) | ... AA31: =_xlfn.POISSON.DIST($A31,$B$5*($B$6+AA$24),FALSE)
A32: 6 | B32: =_xlfn.POISSON.DIST(A32,$B$12,FALSE) | C32: =C31*($B$15+A32-1)*(1-$B$14)/A32 | D32: =SUMPRODUCT(F32:AA32,$F$23:$AA$23) | E32: =MAX(0,A32-$B$9) | F32: =_xlfn.POISSON.DIST($A32,$B$5*($B$6+F$24),FALSE) | G32: =_xlfn.POISSON.DIST($A32,$B$5*($B$6+G$24),FALSE) | H32: =_xlfn.POISSON.DIST($A32,$B$5*($B$6+H$24),FALSE) | I32: =_xlfn.POISSON.DIST($A32,$B$5*($B$6+I$24),FALSE) | J32: =_xlfn.POISSON.DIST($A32,$B$5*($B$6+J$24),FALSE) | K32: =_xlfn.POISSON.DIST($A32,$B$5*($B$6+K$24),FALSE) | L32: =_xlfn.POISSON.DIST($A32,$B$5*($B$6+L$24),FALSE) | M32: =_xlfn.POISSON.DIST($A32,$B$5*($B$6+M$24),FALSE) | ... AA32: =_xlfn.POISSON.DIST($A32,$B$5*($B$6+AA$24),FALSE)
A33: 7 | B33: =_xlfn.POISSON.DIST(A33,$B$12,FALSE) | C33: =C32*($B$15+A33-1)*(1-$B$14)/A33 | D33: =SUMPRODUCT(F33:AA33,$F$23:$AA$23) | E33: =MAX(0,A33-$B$9) | F33: =_xlfn.POISSON.DIST($A33,$B$5*($B$6+F$24),FALSE) | G33: =_xlfn.POISSON.DIST($A33,$B$5*($B$6+G$24),FALSE) | H33: =_xlfn.POISSON.DIST($A33,$B$5*($B$6+H$24),FALSE) | I33: =_xlfn.POISSON.DIST($A33,$B$5*($B$6+I$24),FALSE) | J33: =_xlfn.POISSON.DIST($A33,$B$5*($B$6+J$24),FALSE) | K33: =_xlfn.POISSON.DIST($A33,$B$5*($B$6+K$24),FALSE) | L33: =_xlfn.POISSON.DIST($A33,$B$5*($B$6+L$24),FALSE) | M33: =_xlfn.POISSON.DIST($A33,$B$5*($B$6+M$24),FALSE) | ... AA33: =_xlfn.POISSON.DIST($A33,$B$5*($B$6+AA$24),FALSE)
A34: 8 | B34: =_xlfn.POISSON.DIST(A34,$B$12,FALSE) | C34: =C33*($B$15+A34-1)*(1-$B$14)/A34 | D34: =SUMPRODUCT(F34:AA34,$F$23:$AA$23) | E34: =MAX(0,A34-$B$9) | F34: =_xlfn.POISSON.DIST($A34,$B$5*($B$6+F$24),FALSE) | G34: =_xlfn.POISSON.DIST($A34,$B$5*($B$6+G$24),FALSE) | H34: =_xlfn.POISSON.DIST($A34,$B$5*($B$6+H$24),FALSE) | I34: =_xlfn.POISSON.DIST($A34,$B$5*($B$6+I$24),FALSE) | J34: =_xlfn.POISSON.DIST($A34,$B$5*($B$6+J$24),FALSE) | K34: =_xlfn.POISSON.DIST($A34,$B$5*($B$6+K$24),FALSE) | L34: =_xlfn.POISSON.DIST($A34,$B$5*($B$6+L$24),FALSE) | M34: =_xlfn.POISSON.DIST($A34,$B$5*($B$6+M$24),FALSE) | ... AA34: =_xlfn.POISSON.DIST($A34,$B$5*($B$6+AA$24),FALSE)
A35: 9 | B35: =_xlfn.POISSON.DIST(A35,$B$12,FALSE) | C35: =C34*($B$15+A35-1)*(1-$B$14)/A35 | D35: =SUMPRODUCT(F35:AA35,$F$23:$AA$23) | E35: =MAX(0,A35-$B$9) | F35: =_xlfn.POISSON.DIST($A35,$B$5*($B$6+F$24),FALSE) | G35: =_xlfn.POISSON.DIST($A35,$B$5*($B$6+G$24),FALSE) | H35: =_xlfn.POISSON.DIST($A35,$B$5*($B$6+H$24),FALSE) | I35: =_xlfn.POISSON.DIST($A35,$B$5*($B$6+I$24),FALSE) | J35: =_xlfn.POISSON.DIST($A35,$B$5*($B$6+J$24),FALSE) | K35: =_xlfn.POISSON.DIST($A35,$B$5*($B$6+K$24),FALSE) | L35: =_xlfn.POISSON.DIST($A35,$B$5*($B$6+L$24),FALSE) | M35: =_xlfn.POISSON.DIST($A35,$B$5*($B$6+M$24),FALSE) | ... AA35: =_xlfn.POISSON.DIST($A35,$B$5*($B$6+AA$24),FALSE)
A36: 10 | B36: =_xlfn.POISSON.DIST(A36,$B$12,FALSE) | C36: =C35*($B$15+A36-1)*(1-$B$14)/A36 | D36: =SUMPRODUCT(F36:AA36,$F$23:$AA$23) | E36: =MAX(0,A36-$B$9) | F36: =_xlfn.POISSON.DIST($A36,$B$5*($B$6+F$24),FALSE) | G36: =_xlfn.POISSON.DIST($A36,$B$5*($B$6+G$24),FALSE) | H36: =_xlfn.POISSON.DIST($A36,$B$5*($B$6+H$24),FALSE) | I36: =_xlfn.POISSON.DIST($A36,$B$5*($B$6+I$24),FALSE) | J36: =_xlfn.POISSON.DIST($A36,$B$5*($B$6+J$24),FALSE) | K36: =_xlfn.POISSON.DIST($A36,$B$5*($B$6+K$24),FALSE) | L36: =_xlfn.POISSON.DIST($A36,$B$5*($B$6+L$24),FALSE) | M36: =_xlfn.POISSON.DIST($A36,$B$5*($B$6+M$24),FALSE) | ... AA36: =_xlfn.POISSON.DIST($A36,$B$5*($B$6+AA$24),FALSE)
A37: 11 | B37: =_xlfn.POISSON.DIST(A37,$B$12,FALSE) | C37: =C36*($B$15+A37-1)*(1-$B$14)/A37 | D37: =SUMPRODUCT(F37:AA37,$F$23:$AA$23) | E37: =MAX(0,A37-$B$9) | F37: =_xlfn.POISSON.DIST($A37,$B$5*($B$6+F$24),FALSE) | G37: =_xlfn.POISSON.DIST($A37,$B$5*($B$6+G$24),FALSE) | H37: =_xlfn.POISSON.DIST($A37,$B$5*($B$6+H$24),FALSE) | I37: =_xlfn.POISSON.DIST($A37,$B$5*($B$6+I$24),FALSE) | J37: =_xlfn.POISSON.DIST($A37,$B$5*($B$6+J$24),FALSE) | K37: =_xlfn.POISSON.DIST($A37,$B$5*($B$6+K$24),FALSE) | L37: =_xlfn.POISSON.DIST($A37,$B$5*($B$6+L$24),FALSE) | M37: =_xlfn.POISSON.DIST($A37,$B$5*($B$6+M$24),FALSE) | ... AA37: =_xlfn.POISSON.DIST($A37,$B$5*($B$6+AA$24),FALSE)
A38: 12 | B38: =_xlfn.POISSON.DIST(A38,$B$12,FALSE) | C38: =C37*($B$15+A38-1)*(1-$B$14)/A38 | D38: =SUMPRODUCT(F38:AA38,$F$23:$AA$23) | E38: =MAX(0,A38-$B$9) | F38: =_xlfn.POISSON.DIST($A38,$B$5*($B$6+F$24),FALSE) | G38: =_xlfn.POISSON.DIST($A38,$B$5*($B$6+G$24),FALSE) | H38: =_xlfn.POISSON.DIST($A38,$B$5*($B$6+H$24),FALSE) | I38: =_xlfn.POISSON.DIST($A38,$B$5*($B$6+I$24),FALSE) | J38: =_xlfn.POISSON.DIST($A38,$B$5*($B$6+J$24),FALSE) | K38: =_xlfn.POISSON.DIST($A38,$B$5*($B$6+K$24),FALSE) | L38: =_xlfn.POISSON.DIST($A38,$B$5*($B$6+L$24),FALSE) | M38: =_xlfn.POISSON.DIST($A38,$B$5*($B$6+M$24),FALSE) | ... AA38: =_xlfn.POISSON.DIST($A38,$B$5*($B$6+AA$24),FALSE)
... A56: 30 | B56: =_xlfn.POISSON.DIST(A56,$B$12,FALSE) | C56: =C55*($B$15+A56-1)*(1-$B$14)/A56 | D56: =SUMPRODUCT(F56:AA56,$F$23:$AA$23) | E56: =MAX(0,A56-$B$9) | F56: =_xlfn.POISSON.DIST($A56,$B$5*($B$6+F$24),FALSE) | G56: =_xlfn.POISSON.DIST($A56,$B$5*($B$6+G$24),FALSE) | H56: =_xlfn.POISSON.DIST($A56,$B$5*($B$6+H$24),FALSE) | I56: =_xlfn.POISSON.DIST($A56,$B$5*($B$6+I$24),FALSE) | J56: =_xlfn.POISSON.DIST($A56,$B$5*($B$6+J$24),FALSE) | K56: =_xlfn.POISSON.DIST($A56,$B$5*($B$6+K$24),FALSE) | L56: =_xlfn.POISSON.DIST($A56,$B$5*($B$6+L$24),FALSE) | M56: =_xlfn.POISSON.DIST($A56,$B$5*($B$6+M$24),FALSE) | ... AA56: =_xlfn.POISSON.DIST($A56,$B$5*($B$6+AA$24),FALSE)

Sheet Orders
A1: Orders in a window
A2: @sec-batchedmultiechelon. The storeroom orders each time its customers carry its position down through r_j.
A4: Part II's network
A5: storeroom demand lambda_j | B5: 2 | C5: units a week
A6: storeroom order Q_j | B6: 3 | C6: units
A7: other demand lambda_o | B7: 2 | C7: units a week
A8: hub lead time L_0 | B8: 3 | C8: weeks, and the window
A9: hub reorder point r_0 | B9: 12 | C9: units
A10: hub order quantity Q_0 | B10: 8 | C10: units
A11: storeroom reorder point r_j | B11: 3 | C11: units
A12: storeroom demand in the window | B12: =B5*B8
A14: Checks
A15: sum of P(N = n) | B15: =SUM(D20:D34)
A16: Q_j E[N] | B16: =$B$6*SUMPRODUCT(C20:C34,D20:D34) | C16: must equal the demand in the window
A17: sum of P(floor(D'/Q_j) = n) | B17: =SUM(E20:E34)
A19: y | B19: P(D >= y) | C19: n | D19: P(N = n) | E19: seen from an order | F19: P(N >= n)
A20: 1 | B20: =1-_xlfn.POISSON.DIST(A20-1,$B$12,TRUE) | C20: 0 | D20: =F20-F21 | E20: =_xlfn.POISSON.DIST(0*$B$6+$B$6-1,$B$12,TRUE)-0 | F20: =1
A21: 2 | B21: =1-_xlfn.POISSON.DIST(A21-1,$B$12,TRUE) | C21: 1 | D21: =F21-F22 | E21: =_xlfn.POISSON.DIST(1*$B$6+$B$6-1,$B$12,TRUE)-_xlfn.POISSON.DIST(1*$B$6-1,$B$12,TRUE) | F21: =AVERAGE(INDEX(OrdersTail,(1-1)*$B$6+1):INDEX(OrdersTail,1*$B$6))
A22: 3 | B22: =1-_xlfn.POISSON.DIST(A22-1,$B$12,TRUE) | C22: 2 | D22: =F22-F23 | E22: =_xlfn.POISSON.DIST(2*$B$6+$B$6-1,$B$12,TRUE)-_xlfn.POISSON.DIST(2*$B$6-1,$B$12,TRUE) | F22: =AVERAGE(INDEX(OrdersTail,(2-1)*$B$6+1):INDEX(OrdersTail,2*$B$6))
A23: 4 | B23: =1-_xlfn.POISSON.DIST(A23-1,$B$12,TRUE) | C23: 3 | D23: =F23-F24 | E23: =_xlfn.POISSON.DIST(3*$B$6+$B$6-1,$B$12,TRUE)-_xlfn.POISSON.DIST(3*$B$6-1,$B$12,TRUE) | F23: =AVERAGE(INDEX(OrdersTail,(3-1)*$B$6+1):INDEX(OrdersTail,3*$B$6))
A24: 5 | B24: =1-_xlfn.POISSON.DIST(A24-1,$B$12,TRUE) | C24: 4 | D24: =F24-F25 | E24: =_xlfn.POISSON.DIST(4*$B$6+$B$6-1,$B$12,TRUE)-_xlfn.POISSON.DIST(4*$B$6-1,$B$12,TRUE) | F24: =AVERAGE(INDEX(OrdersTail,(4-1)*$B$6+1):INDEX(OrdersTail,4*$B$6))
A25: 6 | B25: =1-_xlfn.POISSON.DIST(A25-1,$B$12,TRUE) | C25: 5 | D25: =F25-F26 | E25: =_xlfn.POISSON.DIST(5*$B$6+$B$6-1,$B$12,TRUE)-_xlfn.POISSON.DIST(5*$B$6-1,$B$12,TRUE) | F25: =AVERAGE(INDEX(OrdersTail,(5-1)*$B$6+1):INDEX(OrdersTail,5*$B$6))
A26: 7 | B26: =1-_xlfn.POISSON.DIST(A26-1,$B$12,TRUE) | C26: 6 | D26: =F26-F27 | E26: =_xlfn.POISSON.DIST(6*$B$6+$B$6-1,$B$12,TRUE)-_xlfn.POISSON.DIST(6*$B$6-1,$B$12,TRUE) | F26: =AVERAGE(INDEX(OrdersTail,(6-1)*$B$6+1):INDEX(OrdersTail,6*$B$6))
A27: 8 | B27: =1-_xlfn.POISSON.DIST(A27-1,$B$12,TRUE) | C27: 7 | D27: =F27-F28 | E27: =_xlfn.POISSON.DIST(7*$B$6+$B$6-1,$B$12,TRUE)-_xlfn.POISSON.DIST(7*$B$6-1,$B$12,TRUE) | F27: =AVERAGE(INDEX(OrdersTail,(7-1)*$B$6+1):INDEX(OrdersTail,7*$B$6))
A28: 9 | B28: =1-_xlfn.POISSON.DIST(A28-1,$B$12,TRUE) | C28: 8 | D28: =F28-F29 | E28: =_xlfn.POISSON.DIST(8*$B$6+$B$6-1,$B$12,TRUE)-_xlfn.POISSON.DIST(8*$B$6-1,$B$12,TRUE) | F28: =AVERAGE(INDEX(OrdersTail,(8-1)*$B$6+1):INDEX(OrdersTail,8*$B$6))
A29: 10 | B29: =1-_xlfn.POISSON.DIST(A29-1,$B$12,TRUE) | C29: 9 | D29: =F29-F30 | E29: =_xlfn.POISSON.DIST(9*$B$6+$B$6-1,$B$12,TRUE)-_xlfn.POISSON.DIST(9*$B$6-1,$B$12,TRUE) | F29: =AVERAGE(INDEX(OrdersTail,(9-1)*$B$6+1):INDEX(OrdersTail,9*$B$6))
A30: 11 | B30: =1-_xlfn.POISSON.DIST(A30-1,$B$12,TRUE) | C30: 10 | D30: =F30-F31 | E30: =_xlfn.POISSON.DIST(10*$B$6+$B$6-1,$B$12,TRUE)-_xlfn.POISSON.DIST(10*$B$6-1,$B$12,TRUE) | F30: =AVERAGE(INDEX(OrdersTail,(10-1)*$B$6+1):INDEX(OrdersTail,10*$B$6))
A31: 12 | B31: =1-_xlfn.POISSON.DIST(A31-1,$B$12,TRUE) | C31: 11 | D31: =F31-F32 | E31: =_xlfn.POISSON.DIST(11*$B$6+$B$6-1,$B$12,TRUE)-_xlfn.POISSON.DIST(11*$B$6-1,$B$12,TRUE) | F31: =AVERAGE(INDEX(OrdersTail,(11-1)*$B$6+1):INDEX(OrdersTail,11*$B$6))
A32: 13 | B32: =1-_xlfn.POISSON.DIST(A32-1,$B$12,TRUE) | C32: 12 | D32: =F32-F33 | E32: =_xlfn.POISSON.DIST(12*$B$6+$B$6-1,$B$12,TRUE)-_xlfn.POISSON.DIST(12*$B$6-1,$B$12,TRUE) | F32: =AVERAGE(INDEX(OrdersTail,(12-1)*$B$6+1):INDEX(OrdersTail,12*$B$6))
A33: 14 | B33: =1-_xlfn.POISSON.DIST(A33-1,$B$12,TRUE) | C33: 13 | D33: =F33-F34 | E33: =_xlfn.POISSON.DIST(13*$B$6+$B$6-1,$B$12,TRUE)-_xlfn.POISSON.DIST(13*$B$6-1,$B$12,TRUE) | F33: =AVERAGE(INDEX(OrdersTail,(13-1)*$B$6+1):INDEX(OrdersTail,13*$B$6))
A34: 15 | B34: =1-_xlfn.POISSON.DIST(A34-1,$B$12,TRUE) | C34: 14 | D34: =F34-F35 | E34: =_xlfn.POISSON.DIST(14*$B$6+$B$6-1,$B$12,TRUE)-_xlfn.POISSON.DIST(14*$B$6-1,$B$12,TRUE) | F34: =AVERAGE(INDEX(OrdersTail,(14-1)*$B$6+1):INDEX(OrdersTail,14*$B$6))
A35: 16 | B35: =1-_xlfn.POISSON.DIST(A35-1,$B$12,TRUE) | F35: =AVERAGE(INDEX(OrdersTail,(15-1)*$B$6+1):INDEX(OrdersTail,15*$B$6))
A36: 17 | B36: =1-_xlfn.POISSON.DIST(A36-1,$B$12,TRUE)
A37: 18 | B37: =1-_xlfn.POISSON.DIST(A37-1,$B$12,TRUE)
A38: 19 | B38: =1-_xlfn.POISSON.DIST(A38-1,$B$12,TRUE)
A39: 20 | B39: =1-_xlfn.POISSON.DIST(A39-1,$B$12,TRUE)
A40: 21 | B40: =1-_xlfn.POISSON.DIST(A40-1,$B$12,TRUE)
A41: 22 | B41: =1-_xlfn.POISSON.DIST(A41-1,$B$12,TRUE)
A42: 23 | B42: =1-_xlfn.POISSON.DIST(A42-1,$B$12,TRUE)
A43: 24 | B43: =1-_xlfn.POISSON.DIST(A43-1,$B$12,TRUE)
A44: 25 | B44: =1-_xlfn.POISSON.DIST(A44-1,$B$12,TRUE)
A45: 26 | B45: =1-_xlfn.POISSON.DIST(A45-1,$B$12,TRUE)
A46: 27 | B46: =1-_xlfn.POISSON.DIST(A46-1,$B$12,TRUE)
A47: 28 | B47: =1-_xlfn.POISSON.DIST(A47-1,$B$12,TRUE)
... A64: 45 | B64: =1-_xlfn.POISSON.DIST(A64-1,$B$12,TRUE)
A66: Each P(N >= n) is an average of Q_j consecutive entries of the tail column.

Sheet HubGeneral
A1: The hub with other demand, exactly and by two shortcuts
A2: @sec-batchedmultiechelon. The hub's demand is the other demand plus the storeroom's orders counted in batches.
A4: Read from the Orders sheet, and the costs
A5: lambda_o L_0 | B5: =Orders!B7*Orders!B8
A6: Q_j | B6: =Orders!B6
A7: Q_0 | B7: =Orders!B10
A8: h per week | B8: =Hub!B14
A9: b per week | B9: =Hub!B15
A10: lambda_0 L_0 | B10: =(Orders!B5+Orders!B7)*Orders!B8
A12: Three lead time demands
B13: exact | C13: recipe | D13: shortcut
A14: mean | B14: =SUMPRODUCT($A$32:$A$92,B32:B92) | C14: =B10 | D14: =B10
A15: variance | B15: =B18-B14^2 | C15: =Orders!B7*Orders!B8+Orders!B5*Orders!B8+B6^2/6 | D15: =Orders!B7*Orders!B8+Orders!B5*Orders!B6*Orders!B8
A16: negative binomial p | C16: =C14/C15 | D16: =D14/D15
A17: negative binomial r | C17: =C14^2/(C15-C14) | D17: =D14^2/(D15-D14)
A18: second moment E[X^2] | B18: =SUMPRODUCT($A$32:$A$92,$A$32:$A$92,B32:B92) | C18: =C15+C14^2 | D18: =D15+D14^2
A19: r_0 it would choose | B19: =MATCH(B20,O32:O62,0)-1 | C19: =MATCH(C20,P32:P62,0)-1 | D19: =MATCH(D20,Q32:Q62,0)-1
A20: cost it believes | B20: =MIN(O32:O62) | C20: =MIN(P32:P62) | D20: =MIN(Q32:Q62)
A21: true cost of that r_0 | B21: =INDEX($O$32:$O$62,B19+1) | C21: =INDEX($O$32:$O$62,C19+1) | D21: =INDEX($O$32:$O$62,D19+1)
A23: The hub at r_0 from the Orders sheet, exactly
A24: expected backorders | B24: =(INDEX(GenExactLossTwo,Orders!B9+1)-INDEX(GenExactLossTwo,Orders!B9+B7+1))/B7
A25: ready rate | B25: =1-(INDEX(GenExactLossOne,Orders!B9+1)-INDEX(GenExactLossOne,Orders!B9+B7+1))/B7
A26: expected on-hand | B26: =(B7+1)/2+Orders!B9-B14+B24
A27: The recipe adds Q_j^2/6 for the rounding to whole batches. The shortcut treats the storeroom's orders as Poisson arrivals of Q_j units, which is Q_j times the customers' variance.
A29: Columns R onward: the other demand's Poisson mass shifted by n batches, weighted by P(N = n). | Q29: P(N = n) | R29: =INDEX(OrdersCount,1) | S29: =INDEX(OrdersCount,2) | T29: =INDEX(OrdersCount,3) | U29: =INDEX(OrdersCount,4) | V29: =INDEX(OrdersCount,5) | W29: =INDEX(OrdersCount,6) | X29: =INDEX(OrdersCount,7) | Y29: =INDEX(OrdersCount,8) | Z29: =INDEX(OrdersCount,9) | AA29: =INDEX(OrdersCount,10) | AB29: =INDEX(OrdersCount,11) | AC29: =INDEX(OrdersCount,12) | AD29: =INDEX(OrdersCount,13) | AE29: =INDEX(OrdersCount,14) | AF29: =INDEX(OrdersCount,15)
R30: 0 | S30: 1 | T30: 2 | U30: 3 | V30: 4 | W30: 5 | X30: 6 | Y30: 7 | Z30: 8 | AA30: 9 | AB30: 10 | AC30: 11 | AD30: 12 | AE30: 13 | AF30: 14
A31: x | B31: exact | C31: F | D31: LossOne | E31: LossTwo | F31: recipe | G31: F | H31: LossOne | I31: LossTwo | J31: shortcut | K31: F | L31: LossOne | M31: LossTwo | N31: r | O31: exact cost | P31: recipe cost | Q31: shortcut cost
A32: 0 | B32: =SUMPRODUCT(R32:AF32,$R$29:$AF$29) | C32: =B32 | D32: =$B$14 | E32: =0.5*($B$18-$B$14) | F32: =$C$16^$C$17 | G32: =F32 | H32: =$C$14 | I32: =0.5*($C$18-$C$14) | J32: =$D$16^$D$17 | K32: =J32 | L32: =$D$14 | M32: =0.5*($D$18-$D$14) | N32: 0 | O32: =$B$8*(($B$7+1)/2+N32-$B$14+(INDEX(GenExactLossTwo,N32+1)-INDEX(GenExactLossTwo,N32+$B$7+1))/$B$7)+$B$9*(INDEX(GenExactLossTwo,N32+1)-INDEX(GenExactLossTwo,N32+$B$7+1))/$B$7 | P32: =$B$8*(($B$7+1)/2+N32-$C$14+(INDEX(GenRecipeLossTwo,N32+1)-INDEX(GenRecipeLossTwo,N32+$B$7+1))/$B$7)+$B$9*(INDEX(GenRecipeLossTwo,N32+1)-INDEX(GenRecipeLossTwo,N32+$B$7+1))/$B$7 | Q32: =$B$8*(($B$7+1)/2+N32-$D$14+(INDEX(GenShortcutLossTwo,N32+1)-INDEX(GenShortcutLossTwo,N32+$B$7+1))/$B$7)+$B$9*(INDEX(GenShortcutLossTwo,N32+1)-INDEX(GenShortcutLossTwo,N32+$B$7+1))/$B$7 | R32: =IF($A32-0*$B$6>=0,_xlfn.POISSON.DIST($A32-0*$B$6,$B$5,FALSE),0) | S32: =IF($A32-1*$B$6>=0,_xlfn.POISSON.DIST($A32-1*$B$6,$B$5,FALSE),0) | T32: =IF($A32-2*$B$6>=0,_xlfn.POISSON.DIST($A32-2*$B$6,$B$5,FALSE),0) | U32: =IF($A32-3*$B$6>=0,_xlfn.POISSON.DIST($A32-3*$B$6,$B$5,FALSE),0) | V32: =IF($A32-4*$B$6>=0,_xlfn.POISSON.DIST($A32-4*$B$6,$B$5,FALSE),0) | W32: =IF($A32-5*$B$6>=0,_xlfn.POISSON.DIST($A32-5*$B$6,$B$5,FALSE),0) | X32: =IF($A32-6*$B$6>=0,_xlfn.POISSON.DIST($A32-6*$B$6,$B$5,FALSE),0) | Y32: =IF($A32-7*$B$6>=0,_xlfn.POISSON.DIST($A32-7*$B$6,$B$5,FALSE),0) | Z32: =IF($A32-8*$B$6>=0,_xlfn.POISSON.DIST($A32-8*$B$6,$B$5,FALSE),0) | AA32: =IF($A32-9*$B$6>=0,_xlfn.POISSON.DIST($A32-9*$B$6,$B$5,FALSE),0) | AB32: =IF($A32-10*$B$6>=0,_xlfn.POISSON.DIST($A32-10*$B$6,$B$5,FALSE),0) | AC32: =IF($A32-11*$B$6>=0,_xlfn.POISSON.DIST($A32-11*$B$6,$B$5,FALSE),0) | AD32: =IF($A32-12*$B$6>=0,_xlfn.POISSON.DIST($A32-12*$B$6,$B$5,FALSE),0) | AE32: =IF($A32-13*$B$6>=0,_xlfn.POISSON.DIST($A32-13*$B$6,$B$5,FALSE),0) | AF32: =IF($A32-14*$B$6>=0,_xlfn.POISSON.DIST($A32-14*$B$6,$B$5,FALSE),0)
A33: 1 | B33: =SUMPRODUCT(R33:AF33,$R$29:$AF$29) | C33: =C32+B33 | D33: =D32-(1-C32) | E33: =E32-D33 | F33: =F32*($C$17+1-1)*(1-$C$16)/1 | G33: =G32+F33 | H33: =H32-(1-G32) | I33: =I32-H33 | J33: =J32*($D$17+1-1)*(1-$D$16)/1 | K33: =K32+J33 | L33: =L32-(1-K32) | M33: =M32-L33 | N33: 1 | O33: =$B$8*(($B$7+1)/2+N33-$B$14+(INDEX(GenExactLossTwo,N33+1)-INDEX(GenExactLossTwo,N33+$B$7+1))/$B$7)+$B$9*(INDEX(GenExactLossTwo,N33+1)-INDEX(GenExactLossTwo,N33+$B$7+1))/$B$7 | P33: =$B$8*(($B$7+1)/2+N33-$C$14+(INDEX(GenRecipeLossTwo,N33+1)-INDEX(GenRecipeLossTwo,N33+$B$7+1))/$B$7)+$B$9*(INDEX(GenRecipeLossTwo,N33+1)-INDEX(GenRecipeLossTwo,N33+$B$7+1))/$B$7 | Q33: =$B$8*(($B$7+1)/2+N33-$D$14+(INDEX(GenShortcutLossTwo,N33+1)-INDEX(GenShortcutLossTwo,N33+$B$7+1))/$B$7)+$B$9*(INDEX(GenShortcutLossTwo,N33+1)-INDEX(GenShortcutLossTwo,N33+$B$7+1))/$B$7 | R33: =IF($A33-0*$B$6>=0,_xlfn.POISSON.DIST($A33-0*$B$6,$B$5,FALSE),0) | S33: =IF($A33-1*$B$6>=0,_xlfn.POISSON.DIST($A33-1*$B$6,$B$5,FALSE),0) | T33: =IF($A33-2*$B$6>=0,_xlfn.POISSON.DIST($A33-2*$B$6,$B$5,FALSE),0) | U33: =IF($A33-3*$B$6>=0,_xlfn.POISSON.DIST($A33-3*$B$6,$B$5,FALSE),0) | V33: =IF($A33-4*$B$6>=0,_xlfn.POISSON.DIST($A33-4*$B$6,$B$5,FALSE),0) | W33: =IF($A33-5*$B$6>=0,_xlfn.POISSON.DIST($A33-5*$B$6,$B$5,FALSE),0) | X33: =IF($A33-6*$B$6>=0,_xlfn.POISSON.DIST($A33-6*$B$6,$B$5,FALSE),0) | Y33: =IF($A33-7*$B$6>=0,_xlfn.POISSON.DIST($A33-7*$B$6,$B$5,FALSE),0) | Z33: =IF($A33-8*$B$6>=0,_xlfn.POISSON.DIST($A33-8*$B$6,$B$5,FALSE),0) | AA33: =IF($A33-9*$B$6>=0,_xlfn.POISSON.DIST($A33-9*$B$6,$B$5,FALSE),0) | AB33: =IF($A33-10*$B$6>=0,_xlfn.POISSON.DIST($A33-10*$B$6,$B$5,FALSE),0) | AC33: =IF($A33-11*$B$6>=0,_xlfn.POISSON.DIST($A33-11*$B$6,$B$5,FALSE),0) | AD33: =IF($A33-12*$B$6>=0,_xlfn.POISSON.DIST($A33-12*$B$6,$B$5,FALSE),0) | AE33: =IF($A33-13*$B$6>=0,_xlfn.POISSON.DIST($A33-13*$B$6,$B$5,FALSE),0) | AF33: =IF($A33-14*$B$6>=0,_xlfn.POISSON.DIST($A33-14*$B$6,$B$5,FALSE),0)
A34: 2 | B34: =SUMPRODUCT(R34:AF34,$R$29:$AF$29) | C34: =C33+B34 | D34: =D33-(1-C33) | E34: =E33-D34 | F34: =F33*($C$17+2-1)*(1-$C$16)/2 | G34: =G33+F34 | H34: =H33-(1-G33) | I34: =I33-H34 | J34: =J33*($D$17+2-1)*(1-$D$16)/2 | K34: =K33+J34 | L34: =L33-(1-K33) | M34: =M33-L34 | N34: 2 | O34: =$B$8*(($B$7+1)/2+N34-$B$14+(INDEX(GenExactLossTwo,N34+1)-INDEX(GenExactLossTwo,N34+$B$7+1))/$B$7)+$B$9*(INDEX(GenExactLossTwo,N34+1)-INDEX(GenExactLossTwo,N34+$B$7+1))/$B$7 | P34: =$B$8*(($B$7+1)/2+N34-$C$14+(INDEX(GenRecipeLossTwo,N34+1)-INDEX(GenRecipeLossTwo,N34+$B$7+1))/$B$7)+$B$9*(INDEX(GenRecipeLossTwo,N34+1)-INDEX(GenRecipeLossTwo,N34+$B$7+1))/$B$7 | Q34: =$B$8*(($B$7+1)/2+N34-$D$14+(INDEX(GenShortcutLossTwo,N34+1)-INDEX(GenShortcutLossTwo,N34+$B$7+1))/$B$7)+$B$9*(INDEX(GenShortcutLossTwo,N34+1)-INDEX(GenShortcutLossTwo,N34+$B$7+1))/$B$7 | R34: =IF($A34-0*$B$6>=0,_xlfn.POISSON.DIST($A34-0*$B$6,$B$5,FALSE),0) | S34: =IF($A34-1*$B$6>=0,_xlfn.POISSON.DIST($A34-1*$B$6,$B$5,FALSE),0) | T34: =IF($A34-2*$B$6>=0,_xlfn.POISSON.DIST($A34-2*$B$6,$B$5,FALSE),0) | U34: =IF($A34-3*$B$6>=0,_xlfn.POISSON.DIST($A34-3*$B$6,$B$5,FALSE),0) | V34: =IF($A34-4*$B$6>=0,_xlfn.POISSON.DIST($A34-4*$B$6,$B$5,FALSE),0) | W34: =IF($A34-5*$B$6>=0,_xlfn.POISSON.DIST($A34-5*$B$6,$B$5,FALSE),0) | X34: =IF($A34-6*$B$6>=0,_xlfn.POISSON.DIST($A34-6*$B$6,$B$5,FALSE),0) | Y34: =IF($A34-7*$B$6>=0,_xlfn.POISSON.DIST($A34-7*$B$6,$B$5,FALSE),0) | Z34: =IF($A34-8*$B$6>=0,_xlfn.POISSON.DIST($A34-8*$B$6,$B$5,FALSE),0) | AA34: =IF($A34-9*$B$6>=0,_xlfn.POISSON.DIST($A34-9*$B$6,$B$5,FALSE),0) | AB34: =IF($A34-10*$B$6>=0,_xlfn.POISSON.DIST($A34-10*$B$6,$B$5,FALSE),0) | AC34: =IF($A34-11*$B$6>=0,_xlfn.POISSON.DIST($A34-11*$B$6,$B$5,FALSE),0) | AD34: =IF($A34-12*$B$6>=0,_xlfn.POISSON.DIST($A34-12*$B$6,$B$5,FALSE),0) | AE34: =IF($A34-13*$B$6>=0,_xlfn.POISSON.DIST($A34-13*$B$6,$B$5,FALSE),0) | AF34: =IF($A34-14*$B$6>=0,_xlfn.POISSON.DIST($A34-14*$B$6,$B$5,FALSE),0)
A35: 3 | B35: =SUMPRODUCT(R35:AF35,$R$29:$AF$29) | C35: =C34+B35 | D35: =D34-(1-C34) | E35: =E34-D35 | F35: =F34*($C$17+3-1)*(1-$C$16)/3 | G35: =G34+F35 | H35: =H34-(1-G34) | I35: =I34-H35 | J35: =J34*($D$17+3-1)*(1-$D$16)/3 | K35: =K34+J35 | L35: =L34-(1-K34) | M35: =M34-L35 | N35: 3 | O35: =$B$8*(($B$7+1)/2+N35-$B$14+(INDEX(GenExactLossTwo,N35+1)-INDEX(GenExactLossTwo,N35+$B$7+1))/$B$7)+$B$9*(INDEX(GenExactLossTwo,N35+1)-INDEX(GenExactLossTwo,N35+$B$7+1))/$B$7 | P35: =$B$8*(($B$7+1)/2+N35-$C$14+(INDEX(GenRecipeLossTwo,N35+1)-INDEX(GenRecipeLossTwo,N35+$B$7+1))/$B$7)+$B$9*(INDEX(GenRecipeLossTwo,N35+1)-INDEX(GenRecipeLossTwo,N35+$B$7+1))/$B$7 | Q35: =$B$8*(($B$7+1)/2+N35-$D$14+(INDEX(GenShortcutLossTwo,N35+1)-INDEX(GenShortcutLossTwo,N35+$B$7+1))/$B$7)+$B$9*(INDEX(GenShortcutLossTwo,N35+1)-INDEX(GenShortcutLossTwo,N35+$B$7+1))/$B$7 | R35: =IF($A35-0*$B$6>=0,_xlfn.POISSON.DIST($A35-0*$B$6,$B$5,FALSE),0) | S35: =IF($A35-1*$B$6>=0,_xlfn.POISSON.DIST($A35-1*$B$6,$B$5,FALSE),0) | T35: =IF($A35-2*$B$6>=0,_xlfn.POISSON.DIST($A35-2*$B$6,$B$5,FALSE),0) | U35: =IF($A35-3*$B$6>=0,_xlfn.POISSON.DIST($A35-3*$B$6,$B$5,FALSE),0) | V35: =IF($A35-4*$B$6>=0,_xlfn.POISSON.DIST($A35-4*$B$6,$B$5,FALSE),0) | W35: =IF($A35-5*$B$6>=0,_xlfn.POISSON.DIST($A35-5*$B$6,$B$5,FALSE),0) | X35: =IF($A35-6*$B$6>=0,_xlfn.POISSON.DIST($A35-6*$B$6,$B$5,FALSE),0) | Y35: =IF($A35-7*$B$6>=0,_xlfn.POISSON.DIST($A35-7*$B$6,$B$5,FALSE),0) | Z35: =IF($A35-8*$B$6>=0,_xlfn.POISSON.DIST($A35-8*$B$6,$B$5,FALSE),0) | AA35: =IF($A35-9*$B$6>=0,_xlfn.POISSON.DIST($A35-9*$B$6,$B$5,FALSE),0) | AB35: =IF($A35-10*$B$6>=0,_xlfn.POISSON.DIST($A35-10*$B$6,$B$5,FALSE),0) | AC35: =IF($A35-11*$B$6>=0,_xlfn.POISSON.DIST($A35-11*$B$6,$B$5,FALSE),0) | AD35: =IF($A35-12*$B$6>=0,_xlfn.POISSON.DIST($A35-12*$B$6,$B$5,FALSE),0) | AE35: =IF($A35-13*$B$6>=0,_xlfn.POISSON.DIST($A35-13*$B$6,$B$5,FALSE),0) | AF35: =IF($A35-14*$B$6>=0,_xlfn.POISSON.DIST($A35-14*$B$6,$B$5,FALSE),0)
A36: 4 | B36: =SUMPRODUCT(R36:AF36,$R$29:$AF$29) | C36: =C35+B36 | D36: =D35-(1-C35) | E36: =E35-D36 | F36: =F35*($C$17+4-1)*(1-$C$16)/4 | G36: =G35+F36 | H36: =H35-(1-G35) | I36: =I35-H36 | J36: =J35*($D$17+4-1)*(1-$D$16)/4 | K36: =K35+J36 | L36: =L35-(1-K35) | M36: =M35-L36 | N36: 4 | O36: =$B$8*(($B$7+1)/2+N36-$B$14+(INDEX(GenExactLossTwo,N36+1)-INDEX(GenExactLossTwo,N36+$B$7+1))/$B$7)+$B$9*(INDEX(GenExactLossTwo,N36+1)-INDEX(GenExactLossTwo,N36+$B$7+1))/$B$7 | P36: =$B$8*(($B$7+1)/2+N36-$C$14+(INDEX(GenRecipeLossTwo,N36+1)-INDEX(GenRecipeLossTwo,N36+$B$7+1))/$B$7)+$B$9*(INDEX(GenRecipeLossTwo,N36+1)-INDEX(GenRecipeLossTwo,N36+$B$7+1))/$B$7 | Q36: =$B$8*(($B$7+1)/2+N36-$D$14+(INDEX(GenShortcutLossTwo,N36+1)-INDEX(GenShortcutLossTwo,N36+$B$7+1))/$B$7)+$B$9*(INDEX(GenShortcutLossTwo,N36+1)-INDEX(GenShortcutLossTwo,N36+$B$7+1))/$B$7 | R36: =IF($A36-0*$B$6>=0,_xlfn.POISSON.DIST($A36-0*$B$6,$B$5,FALSE),0) | S36: =IF($A36-1*$B$6>=0,_xlfn.POISSON.DIST($A36-1*$B$6,$B$5,FALSE),0) | T36: =IF($A36-2*$B$6>=0,_xlfn.POISSON.DIST($A36-2*$B$6,$B$5,FALSE),0) | U36: =IF($A36-3*$B$6>=0,_xlfn.POISSON.DIST($A36-3*$B$6,$B$5,FALSE),0) | V36: =IF($A36-4*$B$6>=0,_xlfn.POISSON.DIST($A36-4*$B$6,$B$5,FALSE),0) | W36: =IF($A36-5*$B$6>=0,_xlfn.POISSON.DIST($A36-5*$B$6,$B$5,FALSE),0) | X36: =IF($A36-6*$B$6>=0,_xlfn.POISSON.DIST($A36-6*$B$6,$B$5,FALSE),0) | Y36: =IF($A36-7*$B$6>=0,_xlfn.POISSON.DIST($A36-7*$B$6,$B$5,FALSE),0) | Z36: =IF($A36-8*$B$6>=0,_xlfn.POISSON.DIST($A36-8*$B$6,$B$5,FALSE),0) | AA36: =IF($A36-9*$B$6>=0,_xlfn.POISSON.DIST($A36-9*$B$6,$B$5,FALSE),0) | AB36: =IF($A36-10*$B$6>=0,_xlfn.POISSON.DIST($A36-10*$B$6,$B$5,FALSE),0) | AC36: =IF($A36-11*$B$6>=0,_xlfn.POISSON.DIST($A36-11*$B$6,$B$5,FALSE),0) | AD36: =IF($A36-12*$B$6>=0,_xlfn.POISSON.DIST($A36-12*$B$6,$B$5,FALSE),0) | AE36: =IF($A36-13*$B$6>=0,_xlfn.POISSON.DIST($A36-13*$B$6,$B$5,FALSE),0) | AF36: =IF($A36-14*$B$6>=0,_xlfn.POISSON.DIST($A36-14*$B$6,$B$5,FALSE),0)
A37: 5 | B37: =SUMPRODUCT(R37:AF37,$R$29:$AF$29) | C37: =C36+B37 | D37: =D36-(1-C36) | E37: =E36-D37 | F37: =F36*($C$17+5-1)*(1-$C$16)/5 | G37: =G36+F37 | H37: =H36-(1-G36) | I37: =I36-H37 | J37: =J36*($D$17+5-1)*(1-$D$16)/5 | K37: =K36+J37 | L37: =L36-(1-K36) | M37: =M36-L37 | N37: 5 | O37: =$B$8*(($B$7+1)/2+N37-$B$14+(INDEX(GenExactLossTwo,N37+1)-INDEX(GenExactLossTwo,N37+$B$7+1))/$B$7)+$B$9*(INDEX(GenExactLossTwo,N37+1)-INDEX(GenExactLossTwo,N37+$B$7+1))/$B$7 | P37: =$B$8*(($B$7+1)/2+N37-$C$14+(INDEX(GenRecipeLossTwo,N37+1)-INDEX(GenRecipeLossTwo,N37+$B$7+1))/$B$7)+$B$9*(INDEX(GenRecipeLossTwo,N37+1)-INDEX(GenRecipeLossTwo,N37+$B$7+1))/$B$7 | Q37: =$B$8*(($B$7+1)/2+N37-$D$14+(INDEX(GenShortcutLossTwo,N37+1)-INDEX(GenShortcutLossTwo,N37+$B$7+1))/$B$7)+$B$9*(INDEX(GenShortcutLossTwo,N37+1)-INDEX(GenShortcutLossTwo,N37+$B$7+1))/$B$7 | R37: =IF($A37-0*$B$6>=0,_xlfn.POISSON.DIST($A37-0*$B$6,$B$5,FALSE),0) | S37: =IF($A37-1*$B$6>=0,_xlfn.POISSON.DIST($A37-1*$B$6,$B$5,FALSE),0) | T37: =IF($A37-2*$B$6>=0,_xlfn.POISSON.DIST($A37-2*$B$6,$B$5,FALSE),0) | U37: =IF($A37-3*$B$6>=0,_xlfn.POISSON.DIST($A37-3*$B$6,$B$5,FALSE),0) | V37: =IF($A37-4*$B$6>=0,_xlfn.POISSON.DIST($A37-4*$B$6,$B$5,FALSE),0) | W37: =IF($A37-5*$B$6>=0,_xlfn.POISSON.DIST($A37-5*$B$6,$B$5,FALSE),0) | X37: =IF($A37-6*$B$6>=0,_xlfn.POISSON.DIST($A37-6*$B$6,$B$5,FALSE),0) | Y37: =IF($A37-7*$B$6>=0,_xlfn.POISSON.DIST($A37-7*$B$6,$B$5,FALSE),0) | Z37: =IF($A37-8*$B$6>=0,_xlfn.POISSON.DIST($A37-8*$B$6,$B$5,FALSE),0) | AA37: =IF($A37-9*$B$6>=0,_xlfn.POISSON.DIST($A37-9*$B$6,$B$5,FALSE),0) | AB37: =IF($A37-10*$B$6>=0,_xlfn.POISSON.DIST($A37-10*$B$6,$B$5,FALSE),0) | AC37: =IF($A37-11*$B$6>=0,_xlfn.POISSON.DIST($A37-11*$B$6,$B$5,FALSE),0) | AD37: =IF($A37-12*$B$6>=0,_xlfn.POISSON.DIST($A37-12*$B$6,$B$5,FALSE),0) | AE37: =IF($A37-13*$B$6>=0,_xlfn.POISSON.DIST($A37-13*$B$6,$B$5,FALSE),0) | AF37: =IF($A37-14*$B$6>=0,_xlfn.POISSON.DIST($A37-14*$B$6,$B$5,FALSE),0)
A38: 6 | B38: =SUMPRODUCT(R38:AF38,$R$29:$AF$29) | C38: =C37+B38 | D38: =D37-(1-C37) | E38: =E37-D38 | F38: =F37*($C$17+6-1)*(1-$C$16)/6 | G38: =G37+F38 | H38: =H37-(1-G37) | I38: =I37-H38 | J38: =J37*($D$17+6-1)*(1-$D$16)/6 | K38: =K37+J38 | L38: =L37-(1-K37) | M38: =M37-L38 | N38: 6 | O38: =$B$8*(($B$7+1)/2+N38-$B$14+(INDEX(GenExactLossTwo,N38+1)-INDEX(GenExactLossTwo,N38+$B$7+1))/$B$7)+$B$9*(INDEX(GenExactLossTwo,N38+1)-INDEX(GenExactLossTwo,N38+$B$7+1))/$B$7 | P38: =$B$8*(($B$7+1)/2+N38-$C$14+(INDEX(GenRecipeLossTwo,N38+1)-INDEX(GenRecipeLossTwo,N38+$B$7+1))/$B$7)+$B$9*(INDEX(GenRecipeLossTwo,N38+1)-INDEX(GenRecipeLossTwo,N38+$B$7+1))/$B$7 | Q38: =$B$8*(($B$7+1)/2+N38-$D$14+(INDEX(GenShortcutLossTwo,N38+1)-INDEX(GenShortcutLossTwo,N38+$B$7+1))/$B$7)+$B$9*(INDEX(GenShortcutLossTwo,N38+1)-INDEX(GenShortcutLossTwo,N38+$B$7+1))/$B$7 | R38: =IF($A38-0*$B$6>=0,_xlfn.POISSON.DIST($A38-0*$B$6,$B$5,FALSE),0) | S38: =IF($A38-1*$B$6>=0,_xlfn.POISSON.DIST($A38-1*$B$6,$B$5,FALSE),0) | T38: =IF($A38-2*$B$6>=0,_xlfn.POISSON.DIST($A38-2*$B$6,$B$5,FALSE),0) | U38: =IF($A38-3*$B$6>=0,_xlfn.POISSON.DIST($A38-3*$B$6,$B$5,FALSE),0) | V38: =IF($A38-4*$B$6>=0,_xlfn.POISSON.DIST($A38-4*$B$6,$B$5,FALSE),0) | W38: =IF($A38-5*$B$6>=0,_xlfn.POISSON.DIST($A38-5*$B$6,$B$5,FALSE),0) | X38: =IF($A38-6*$B$6>=0,_xlfn.POISSON.DIST($A38-6*$B$6,$B$5,FALSE),0) | Y38: =IF($A38-7*$B$6>=0,_xlfn.POISSON.DIST($A38-7*$B$6,$B$5,FALSE),0) | Z38: =IF($A38-8*$B$6>=0,_xlfn.POISSON.DIST($A38-8*$B$6,$B$5,FALSE),0) | AA38: =IF($A38-9*$B$6>=0,_xlfn.POISSON.DIST($A38-9*$B$6,$B$5,FALSE),0) | AB38: =IF($A38-10*$B$6>=0,_xlfn.POISSON.DIST($A38-10*$B$6,$B$5,FALSE),0) | AC38: =IF($A38-11*$B$6>=0,_xlfn.POISSON.DIST($A38-11*$B$6,$B$5,FALSE),0) | AD38: =IF($A38-12*$B$6>=0,_xlfn.POISSON.DIST($A38-12*$B$6,$B$5,FALSE),0) | AE38: =IF($A38-13*$B$6>=0,_xlfn.POISSON.DIST($A38-13*$B$6,$B$5,FALSE),0) | AF38: =IF($A38-14*$B$6>=0,_xlfn.POISSON.DIST($A38-14*$B$6,$B$5,FALSE),0)
A39: 7 | B39: =SUMPRODUCT(R39:AF39,$R$29:$AF$29) | C39: =C38+B39 | D39: =D38-(1-C38) | E39: =E38-D39 | F39: =F38*($C$17+7-1)*(1-$C$16)/7 | G39: =G38+F39 | H39: =H38-(1-G38) | I39: =I38-H39 | J39: =J38*($D$17+7-1)*(1-$D$16)/7 | K39: =K38+J39 | L39: =L38-(1-K38) | M39: =M38-L39 | N39: 7 | O39: =$B$8*(($B$7+1)/2+N39-$B$14+(INDEX(GenExactLossTwo,N39+1)-INDEX(GenExactLossTwo,N39+$B$7+1))/$B$7)+$B$9*(INDEX(GenExactLossTwo,N39+1)-INDEX(GenExactLossTwo,N39+$B$7+1))/$B$7 | P39: =$B$8*(($B$7+1)/2+N39-$C$14+(INDEX(GenRecipeLossTwo,N39+1)-INDEX(GenRecipeLossTwo,N39+$B$7+1))/$B$7)+$B$9*(INDEX(GenRecipeLossTwo,N39+1)-INDEX(GenRecipeLossTwo,N39+$B$7+1))/$B$7 | Q39: =$B$8*(($B$7+1)/2+N39-$D$14+(INDEX(GenShortcutLossTwo,N39+1)-INDEX(GenShortcutLossTwo,N39+$B$7+1))/$B$7)+$B$9*(INDEX(GenShortcutLossTwo,N39+1)-INDEX(GenShortcutLossTwo,N39+$B$7+1))/$B$7 | R39: =IF($A39-0*$B$6>=0,_xlfn.POISSON.DIST($A39-0*$B$6,$B$5,FALSE),0) | S39: =IF($A39-1*$B$6>=0,_xlfn.POISSON.DIST($A39-1*$B$6,$B$5,FALSE),0) | T39: =IF($A39-2*$B$6>=0,_xlfn.POISSON.DIST($A39-2*$B$6,$B$5,FALSE),0) | U39: =IF($A39-3*$B$6>=0,_xlfn.POISSON.DIST($A39-3*$B$6,$B$5,FALSE),0) | V39: =IF($A39-4*$B$6>=0,_xlfn.POISSON.DIST($A39-4*$B$6,$B$5,FALSE),0) | W39: =IF($A39-5*$B$6>=0,_xlfn.POISSON.DIST($A39-5*$B$6,$B$5,FALSE),0) | X39: =IF($A39-6*$B$6>=0,_xlfn.POISSON.DIST($A39-6*$B$6,$B$5,FALSE),0) | Y39: =IF($A39-7*$B$6>=0,_xlfn.POISSON.DIST($A39-7*$B$6,$B$5,FALSE),0) | Z39: =IF($A39-8*$B$6>=0,_xlfn.POISSON.DIST($A39-8*$B$6,$B$5,FALSE),0) | AA39: =IF($A39-9*$B$6>=0,_xlfn.POISSON.DIST($A39-9*$B$6,$B$5,FALSE),0) | AB39: =IF($A39-10*$B$6>=0,_xlfn.POISSON.DIST($A39-10*$B$6,$B$5,FALSE),0) | AC39: =IF($A39-11*$B$6>=0,_xlfn.POISSON.DIST($A39-11*$B$6,$B$5,FALSE),0) | AD39: =IF($A39-12*$B$6>=0,_xlfn.POISSON.DIST($A39-12*$B$6,$B$5,FALSE),0) | AE39: =IF($A39-13*$B$6>=0,_xlfn.POISSON.DIST($A39-13*$B$6,$B$5,FALSE),0) | AF39: =IF($A39-14*$B$6>=0,_xlfn.POISSON.DIST($A39-14*$B$6,$B$5,FALSE),0)
A40: 8 | B40: =SUMPRODUCT(R40:AF40,$R$29:$AF$29) | C40: =C39+B40 | D40: =D39-(1-C39) | E40: =E39-D40 | F40: =F39*($C$17+8-1)*(1-$C$16)/8 | G40: =G39+F40 | H40: =H39-(1-G39) | I40: =I39-H40 | J40: =J39*($D$17+8-1)*(1-$D$16)/8 | K40: =K39+J40 | L40: =L39-(1-K39) | M40: =M39-L40 | N40: 8 | O40: =$B$8*(($B$7+1)/2+N40-$B$14+(INDEX(GenExactLossTwo,N40+1)-INDEX(GenExactLossTwo,N40+$B$7+1))/$B$7)+$B$9*(INDEX(GenExactLossTwo,N40+1)-INDEX(GenExactLossTwo,N40+$B$7+1))/$B$7 | P40: =$B$8*(($B$7+1)/2+N40-$C$14+(INDEX(GenRecipeLossTwo,N40+1)-INDEX(GenRecipeLossTwo,N40+$B$7+1))/$B$7)+$B$9*(INDEX(GenRecipeLossTwo,N40+1)-INDEX(GenRecipeLossTwo,N40+$B$7+1))/$B$7 | Q40: =$B$8*(($B$7+1)/2+N40-$D$14+(INDEX(GenShortcutLossTwo,N40+1)-INDEX(GenShortcutLossTwo,N40+$B$7+1))/$B$7)+$B$9*(INDEX(GenShortcutLossTwo,N40+1)-INDEX(GenShortcutLossTwo,N40+$B$7+1))/$B$7 | R40: =IF($A40-0*$B$6>=0,_xlfn.POISSON.DIST($A40-0*$B$6,$B$5,FALSE),0) | S40: =IF($A40-1*$B$6>=0,_xlfn.POISSON.DIST($A40-1*$B$6,$B$5,FALSE),0) | T40: =IF($A40-2*$B$6>=0,_xlfn.POISSON.DIST($A40-2*$B$6,$B$5,FALSE),0) | U40: =IF($A40-3*$B$6>=0,_xlfn.POISSON.DIST($A40-3*$B$6,$B$5,FALSE),0) | V40: =IF($A40-4*$B$6>=0,_xlfn.POISSON.DIST($A40-4*$B$6,$B$5,FALSE),0) | W40: =IF($A40-5*$B$6>=0,_xlfn.POISSON.DIST($A40-5*$B$6,$B$5,FALSE),0) | X40: =IF($A40-6*$B$6>=0,_xlfn.POISSON.DIST($A40-6*$B$6,$B$5,FALSE),0) | Y40: =IF($A40-7*$B$6>=0,_xlfn.POISSON.DIST($A40-7*$B$6,$B$5,FALSE),0) | Z40: =IF($A40-8*$B$6>=0,_xlfn.POISSON.DIST($A40-8*$B$6,$B$5,FALSE),0) | AA40: =IF($A40-9*$B$6>=0,_xlfn.POISSON.DIST($A40-9*$B$6,$B$5,FALSE),0) | AB40: =IF($A40-10*$B$6>=0,_xlfn.POISSON.DIST($A40-10*$B$6,$B$5,FALSE),0) | AC40: =IF($A40-11*$B$6>=0,_xlfn.POISSON.DIST($A40-11*$B$6,$B$5,FALSE),0) | AD40: =IF($A40-12*$B$6>=0,_xlfn.POISSON.DIST($A40-12*$B$6,$B$5,FALSE),0) | AE40: =IF($A40-13*$B$6>=0,_xlfn.POISSON.DIST($A40-13*$B$6,$B$5,FALSE),0) | AF40: =IF($A40-14*$B$6>=0,_xlfn.POISSON.DIST($A40-14*$B$6,$B$5,FALSE),0)
A41: 9 | B41: =SUMPRODUCT(R41:AF41,$R$29:$AF$29) | C41: =C40+B41 | D41: =D40-(1-C40) | E41: =E40-D41 | F41: =F40*($C$17+9-1)*(1-$C$16)/9 | G41: =G40+F41 | H41: =H40-(1-G40) | I41: =I40-H41 | J41: =J40*($D$17+9-1)*(1-$D$16)/9 | K41: =K40+J41 | L41: =L40-(1-K40) | M41: =M40-L41 | N41: 9 | O41: =$B$8*(($B$7+1)/2+N41-$B$14+(INDEX(GenExactLossTwo,N41+1)-INDEX(GenExactLossTwo,N41+$B$7+1))/$B$7)+$B$9*(INDEX(GenExactLossTwo,N41+1)-INDEX(GenExactLossTwo,N41+$B$7+1))/$B$7 | P41: =$B$8*(($B$7+1)/2+N41-$C$14+(INDEX(GenRecipeLossTwo,N41+1)-INDEX(GenRecipeLossTwo,N41+$B$7+1))/$B$7)+$B$9*(INDEX(GenRecipeLossTwo,N41+1)-INDEX(GenRecipeLossTwo,N41+$B$7+1))/$B$7 | Q41: =$B$8*(($B$7+1)/2+N41-$D$14+(INDEX(GenShortcutLossTwo,N41+1)-INDEX(GenShortcutLossTwo,N41+$B$7+1))/$B$7)+$B$9*(INDEX(GenShortcutLossTwo,N41+1)-INDEX(GenShortcutLossTwo,N41+$B$7+1))/$B$7 | R41: =IF($A41-0*$B$6>=0,_xlfn.POISSON.DIST($A41-0*$B$6,$B$5,FALSE),0) | S41: =IF($A41-1*$B$6>=0,_xlfn.POISSON.DIST($A41-1*$B$6,$B$5,FALSE),0) | T41: =IF($A41-2*$B$6>=0,_xlfn.POISSON.DIST($A41-2*$B$6,$B$5,FALSE),0) | U41: =IF($A41-3*$B$6>=0,_xlfn.POISSON.DIST($A41-3*$B$6,$B$5,FALSE),0) | V41: =IF($A41-4*$B$6>=0,_xlfn.POISSON.DIST($A41-4*$B$6,$B$5,FALSE),0) | W41: =IF($A41-5*$B$6>=0,_xlfn.POISSON.DIST($A41-5*$B$6,$B$5,FALSE),0) | X41: =IF($A41-6*$B$6>=0,_xlfn.POISSON.DIST($A41-6*$B$6,$B$5,FALSE),0) | Y41: =IF($A41-7*$B$6>=0,_xlfn.POISSON.DIST($A41-7*$B$6,$B$5,FALSE),0) | Z41: =IF($A41-8*$B$6>=0,_xlfn.POISSON.DIST($A41-8*$B$6,$B$5,FALSE),0) | AA41: =IF($A41-9*$B$6>=0,_xlfn.POISSON.DIST($A41-9*$B$6,$B$5,FALSE),0) | AB41: =IF($A41-10*$B$6>=0,_xlfn.POISSON.DIST($A41-10*$B$6,$B$5,FALSE),0) | AC41: =IF($A41-11*$B$6>=0,_xlfn.POISSON.DIST($A41-11*$B$6,$B$5,FALSE),0) | AD41: =IF($A41-12*$B$6>=0,_xlfn.POISSON.DIST($A41-12*$B$6,$B$5,FALSE),0) | AE41: =IF($A41-13*$B$6>=0,_xlfn.POISSON.DIST($A41-13*$B$6,$B$5,FALSE),0) | AF41: =IF($A41-14*$B$6>=0,_xlfn.POISSON.DIST($A41-14*$B$6,$B$5,FALSE),0)
A42: 10 | B42: =SUMPRODUCT(R42:AF42,$R$29:$AF$29) | C42: =C41+B42 | D42: =D41-(1-C41) | E42: =E41-D42 | F42: =F41*($C$17+10-1)*(1-$C$16)/10 | G42: =G41+F42 | H42: =H41-(1-G41) | I42: =I41-H42 | J42: =J41*($D$17+10-1)*(1-$D$16)/10 | K42: =K41+J42 | L42: =L41-(1-K41) | M42: =M41-L42 | N42: 10 | O42: =$B$8*(($B$7+1)/2+N42-$B$14+(INDEX(GenExactLossTwo,N42+1)-INDEX(GenExactLossTwo,N42+$B$7+1))/$B$7)+$B$9*(INDEX(GenExactLossTwo,N42+1)-INDEX(GenExactLossTwo,N42+$B$7+1))/$B$7 | P42: =$B$8*(($B$7+1)/2+N42-$C$14+(INDEX(GenRecipeLossTwo,N42+1)-INDEX(GenRecipeLossTwo,N42+$B$7+1))/$B$7)+$B$9*(INDEX(GenRecipeLossTwo,N42+1)-INDEX(GenRecipeLossTwo,N42+$B$7+1))/$B$7 | Q42: =$B$8*(($B$7+1)/2+N42-$D$14+(INDEX(GenShortcutLossTwo,N42+1)-INDEX(GenShortcutLossTwo,N42+$B$7+1))/$B$7)+$B$9*(INDEX(GenShortcutLossTwo,N42+1)-INDEX(GenShortcutLossTwo,N42+$B$7+1))/$B$7 | R42: =IF($A42-0*$B$6>=0,_xlfn.POISSON.DIST($A42-0*$B$6,$B$5,FALSE),0) | S42: =IF($A42-1*$B$6>=0,_xlfn.POISSON.DIST($A42-1*$B$6,$B$5,FALSE),0) | T42: =IF($A42-2*$B$6>=0,_xlfn.POISSON.DIST($A42-2*$B$6,$B$5,FALSE),0) | U42: =IF($A42-3*$B$6>=0,_xlfn.POISSON.DIST($A42-3*$B$6,$B$5,FALSE),0) | V42: =IF($A42-4*$B$6>=0,_xlfn.POISSON.DIST($A42-4*$B$6,$B$5,FALSE),0) | W42: =IF($A42-5*$B$6>=0,_xlfn.POISSON.DIST($A42-5*$B$6,$B$5,FALSE),0) | X42: =IF($A42-6*$B$6>=0,_xlfn.POISSON.DIST($A42-6*$B$6,$B$5,FALSE),0) | Y42: =IF($A42-7*$B$6>=0,_xlfn.POISSON.DIST($A42-7*$B$6,$B$5,FALSE),0) | Z42: =IF($A42-8*$B$6>=0,_xlfn.POISSON.DIST($A42-8*$B$6,$B$5,FALSE),0) | AA42: =IF($A42-9*$B$6>=0,_xlfn.POISSON.DIST($A42-9*$B$6,$B$5,FALSE),0) | AB42: =IF($A42-10*$B$6>=0,_xlfn.POISSON.DIST($A42-10*$B$6,$B$5,FALSE),0) | AC42: =IF($A42-11*$B$6>=0,_xlfn.POISSON.DIST($A42-11*$B$6,$B$5,FALSE),0) | AD42: =IF($A42-12*$B$6>=0,_xlfn.POISSON.DIST($A42-12*$B$6,$B$5,FALSE),0) | AE42: =IF($A42-13*$B$6>=0,_xlfn.POISSON.DIST($A42-13*$B$6,$B$5,FALSE),0) | AF42: =IF($A42-14*$B$6>=0,_xlfn.POISSON.DIST($A42-14*$B$6,$B$5,FALSE),0)
A43: 11 | B43: =SUMPRODUCT(R43:AF43,$R$29:$AF$29) | C43: =C42+B43 | D43: =D42-(1-C42) | E43: =E42-D43 | F43: =F42*($C$17+11-1)*(1-$C$16)/11 | G43: =G42+F43 | H43: =H42-(1-G42) | I43: =I42-H43 | J43: =J42*($D$17+11-1)*(1-$D$16)/11 | K43: =K42+J43 | L43: =L42-(1-K42) | M43: =M42-L43 | N43: 11 | O43: =$B$8*(($B$7+1)/2+N43-$B$14+(INDEX(GenExactLossTwo,N43+1)-INDEX(GenExactLossTwo,N43+$B$7+1))/$B$7)+$B$9*(INDEX(GenExactLossTwo,N43+1)-INDEX(GenExactLossTwo,N43+$B$7+1))/$B$7 | P43: =$B$8*(($B$7+1)/2+N43-$C$14+(INDEX(GenRecipeLossTwo,N43+1)-INDEX(GenRecipeLossTwo,N43+$B$7+1))/$B$7)+$B$9*(INDEX(GenRecipeLossTwo,N43+1)-INDEX(GenRecipeLossTwo,N43+$B$7+1))/$B$7 | Q43: =$B$8*(($B$7+1)/2+N43-$D$14+(INDEX(GenShortcutLossTwo,N43+1)-INDEX(GenShortcutLossTwo,N43+$B$7+1))/$B$7)+$B$9*(INDEX(GenShortcutLossTwo,N43+1)-INDEX(GenShortcutLossTwo,N43+$B$7+1))/$B$7 | R43: =IF($A43-0*$B$6>=0,_xlfn.POISSON.DIST($A43-0*$B$6,$B$5,FALSE),0) | S43: =IF($A43-1*$B$6>=0,_xlfn.POISSON.DIST($A43-1*$B$6,$B$5,FALSE),0) | T43: =IF($A43-2*$B$6>=0,_xlfn.POISSON.DIST($A43-2*$B$6,$B$5,FALSE),0) | U43: =IF($A43-3*$B$6>=0,_xlfn.POISSON.DIST($A43-3*$B$6,$B$5,FALSE),0) | V43: =IF($A43-4*$B$6>=0,_xlfn.POISSON.DIST($A43-4*$B$6,$B$5,FALSE),0) | W43: =IF($A43-5*$B$6>=0,_xlfn.POISSON.DIST($A43-5*$B$6,$B$5,FALSE),0) | X43: =IF($A43-6*$B$6>=0,_xlfn.POISSON.DIST($A43-6*$B$6,$B$5,FALSE),0) | Y43: =IF($A43-7*$B$6>=0,_xlfn.POISSON.DIST($A43-7*$B$6,$B$5,FALSE),0) | Z43: =IF($A43-8*$B$6>=0,_xlfn.POISSON.DIST($A43-8*$B$6,$B$5,FALSE),0) | AA43: =IF($A43-9*$B$6>=0,_xlfn.POISSON.DIST($A43-9*$B$6,$B$5,FALSE),0) | AB43: =IF($A43-10*$B$6>=0,_xlfn.POISSON.DIST($A43-10*$B$6,$B$5,FALSE),0) | AC43: =IF($A43-11*$B$6>=0,_xlfn.POISSON.DIST($A43-11*$B$6,$B$5,FALSE),0) | AD43: =IF($A43-12*$B$6>=0,_xlfn.POISSON.DIST($A43-12*$B$6,$B$5,FALSE),0) | AE43: =IF($A43-13*$B$6>=0,_xlfn.POISSON.DIST($A43-13*$B$6,$B$5,FALSE),0) | AF43: =IF($A43-14*$B$6>=0,_xlfn.POISSON.DIST($A43-14*$B$6,$B$5,FALSE),0)
A44: 12 | B44: =SUMPRODUCT(R44:AF44,$R$29:$AF$29) | C44: =C43+B44 | D44: =D43-(1-C43) | E44: =E43-D44 | F44: =F43*($C$17+12-1)*(1-$C$16)/12 | G44: =G43+F44 | H44: =H43-(1-G43) | I44: =I43-H44 | J44: =J43*($D$17+12-1)*(1-$D$16)/12 | K44: =K43+J44 | L44: =L43-(1-K43) | M44: =M43-L44 | N44: 12 | O44: =$B$8*(($B$7+1)/2+N44-$B$14+(INDEX(GenExactLossTwo,N44+1)-INDEX(GenExactLossTwo,N44+$B$7+1))/$B$7)+$B$9*(INDEX(GenExactLossTwo,N44+1)-INDEX(GenExactLossTwo,N44+$B$7+1))/$B$7 | P44: =$B$8*(($B$7+1)/2+N44-$C$14+(INDEX(GenRecipeLossTwo,N44+1)-INDEX(GenRecipeLossTwo,N44+$B$7+1))/$B$7)+$B$9*(INDEX(GenRecipeLossTwo,N44+1)-INDEX(GenRecipeLossTwo,N44+$B$7+1))/$B$7 | Q44: =$B$8*(($B$7+1)/2+N44-$D$14+(INDEX(GenShortcutLossTwo,N44+1)-INDEX(GenShortcutLossTwo,N44+$B$7+1))/$B$7)+$B$9*(INDEX(GenShortcutLossTwo,N44+1)-INDEX(GenShortcutLossTwo,N44+$B$7+1))/$B$7 | R44: =IF($A44-0*$B$6>=0,_xlfn.POISSON.DIST($A44-0*$B$6,$B$5,FALSE),0) | S44: =IF($A44-1*$B$6>=0,_xlfn.POISSON.DIST($A44-1*$B$6,$B$5,FALSE),0) | T44: =IF($A44-2*$B$6>=0,_xlfn.POISSON.DIST($A44-2*$B$6,$B$5,FALSE),0) | U44: =IF($A44-3*$B$6>=0,_xlfn.POISSON.DIST($A44-3*$B$6,$B$5,FALSE),0) | V44: =IF($A44-4*$B$6>=0,_xlfn.POISSON.DIST($A44-4*$B$6,$B$5,FALSE),0) | W44: =IF($A44-5*$B$6>=0,_xlfn.POISSON.DIST($A44-5*$B$6,$B$5,FALSE),0) | X44: =IF($A44-6*$B$6>=0,_xlfn.POISSON.DIST($A44-6*$B$6,$B$5,FALSE),0) | Y44: =IF($A44-7*$B$6>=0,_xlfn.POISSON.DIST($A44-7*$B$6,$B$5,FALSE),0) | Z44: =IF($A44-8*$B$6>=0,_xlfn.POISSON.DIST($A44-8*$B$6,$B$5,FALSE),0) | AA44: =IF($A44-9*$B$6>=0,_xlfn.POISSON.DIST($A44-9*$B$6,$B$5,FALSE),0) | AB44: =IF($A44-10*$B$6>=0,_xlfn.POISSON.DIST($A44-10*$B$6,$B$5,FALSE),0) | AC44: =IF($A44-11*$B$6>=0,_xlfn.POISSON.DIST($A44-11*$B$6,$B$5,FALSE),0) | AD44: =IF($A44-12*$B$6>=0,_xlfn.POISSON.DIST($A44-12*$B$6,$B$5,FALSE),0) | AE44: =IF($A44-13*$B$6>=0,_xlfn.POISSON.DIST($A44-13*$B$6,$B$5,FALSE),0) | AF44: =IF($A44-14*$B$6>=0,_xlfn.POISSON.DIST($A44-14*$B$6,$B$5,FALSE),0)
A45: 13 | B45: =SUMPRODUCT(R45:AF45,$R$29:$AF$29) | C45: =C44+B45 | D45: =D44-(1-C44) | E45: =E44-D45 | F45: =F44*($C$17+13-1)*(1-$C$16)/13 | G45: =G44+F45 | H45: =H44-(1-G44) | I45: =I44-H45 | J45: =J44*($D$17+13-1)*(1-$D$16)/13 | K45: =K44+J45 | L45: =L44-(1-K44) | M45: =M44-L45 | N45: 13 | O45: =$B$8*(($B$7+1)/2+N45-$B$14+(INDEX(GenExactLossTwo,N45+1)-INDEX(GenExactLossTwo,N45+$B$7+1))/$B$7)+$B$9*(INDEX(GenExactLossTwo,N45+1)-INDEX(GenExactLossTwo,N45+$B$7+1))/$B$7 | P45: =$B$8*(($B$7+1)/2+N45-$C$14+(INDEX(GenRecipeLossTwo,N45+1)-INDEX(GenRecipeLossTwo,N45+$B$7+1))/$B$7)+$B$9*(INDEX(GenRecipeLossTwo,N45+1)-INDEX(GenRecipeLossTwo,N45+$B$7+1))/$B$7 | Q45: =$B$8*(($B$7+1)/2+N45-$D$14+(INDEX(GenShortcutLossTwo,N45+1)-INDEX(GenShortcutLossTwo,N45+$B$7+1))/$B$7)+$B$9*(INDEX(GenShortcutLossTwo,N45+1)-INDEX(GenShortcutLossTwo,N45+$B$7+1))/$B$7 | R45: =IF($A45-0*$B$6>=0,_xlfn.POISSON.DIST($A45-0*$B$6,$B$5,FALSE),0) | S45: =IF($A45-1*$B$6>=0,_xlfn.POISSON.DIST($A45-1*$B$6,$B$5,FALSE),0) | T45: =IF($A45-2*$B$6>=0,_xlfn.POISSON.DIST($A45-2*$B$6,$B$5,FALSE),0) | U45: =IF($A45-3*$B$6>=0,_xlfn.POISSON.DIST($A45-3*$B$6,$B$5,FALSE),0) | V45: =IF($A45-4*$B$6>=0,_xlfn.POISSON.DIST($A45-4*$B$6,$B$5,FALSE),0) | W45: =IF($A45-5*$B$6>=0,_xlfn.POISSON.DIST($A45-5*$B$6,$B$5,FALSE),0) | X45: =IF($A45-6*$B$6>=0,_xlfn.POISSON.DIST($A45-6*$B$6,$B$5,FALSE),0) | Y45: =IF($A45-7*$B$6>=0,_xlfn.POISSON.DIST($A45-7*$B$6,$B$5,FALSE),0) | Z45: =IF($A45-8*$B$6>=0,_xlfn.POISSON.DIST($A45-8*$B$6,$B$5,FALSE),0) | AA45: =IF($A45-9*$B$6>=0,_xlfn.POISSON.DIST($A45-9*$B$6,$B$5,FALSE),0) | AB45: =IF($A45-10*$B$6>=0,_xlfn.POISSON.DIST($A45-10*$B$6,$B$5,FALSE),0) | AC45: =IF($A45-11*$B$6>=0,_xlfn.POISSON.DIST($A45-11*$B$6,$B$5,FALSE),0) | AD45: =IF($A45-12*$B$6>=0,_xlfn.POISSON.DIST($A45-12*$B$6,$B$5,FALSE),0) | AE45: =IF($A45-13*$B$6>=0,_xlfn.POISSON.DIST($A45-13*$B$6,$B$5,FALSE),0) | AF45: =IF($A45-14*$B$6>=0,_xlfn.POISSON.DIST($A45-14*$B$6,$B$5,FALSE),0)
A46: 14 | B46: =SUMPRODUCT(R46:AF46,$R$29:$AF$29) | C46: =C45+B46 | D46: =D45-(1-C45) | E46: =E45-D46 | F46: =F45*($C$17+14-1)*(1-$C$16)/14 | G46: =G45+F46 | H46: =H45-(1-G45) | I46: =I45-H46 | J46: =J45*($D$17+14-1)*(1-$D$16)/14 | K46: =K45+J46 | L46: =L45-(1-K45) | M46: =M45-L46 | N46: 14 | O46: =$B$8*(($B$7+1)/2+N46-$B$14+(INDEX(GenExactLossTwo,N46+1)-INDEX(GenExactLossTwo,N46+$B$7+1))/$B$7)+$B$9*(INDEX(GenExactLossTwo,N46+1)-INDEX(GenExactLossTwo,N46+$B$7+1))/$B$7 | P46: =$B$8*(($B$7+1)/2+N46-$C$14+(INDEX(GenRecipeLossTwo,N46+1)-INDEX(GenRecipeLossTwo,N46+$B$7+1))/$B$7)+$B$9*(INDEX(GenRecipeLossTwo,N46+1)-INDEX(GenRecipeLossTwo,N46+$B$7+1))/$B$7 | Q46: =$B$8*(($B$7+1)/2+N46-$D$14+(INDEX(GenShortcutLossTwo,N46+1)-INDEX(GenShortcutLossTwo,N46+$B$7+1))/$B$7)+$B$9*(INDEX(GenShortcutLossTwo,N46+1)-INDEX(GenShortcutLossTwo,N46+$B$7+1))/$B$7 | R46: =IF($A46-0*$B$6>=0,_xlfn.POISSON.DIST($A46-0*$B$6,$B$5,FALSE),0) | S46: =IF($A46-1*$B$6>=0,_xlfn.POISSON.DIST($A46-1*$B$6,$B$5,FALSE),0) | T46: =IF($A46-2*$B$6>=0,_xlfn.POISSON.DIST($A46-2*$B$6,$B$5,FALSE),0) | U46: =IF($A46-3*$B$6>=0,_xlfn.POISSON.DIST($A46-3*$B$6,$B$5,FALSE),0) | V46: =IF($A46-4*$B$6>=0,_xlfn.POISSON.DIST($A46-4*$B$6,$B$5,FALSE),0) | W46: =IF($A46-5*$B$6>=0,_xlfn.POISSON.DIST($A46-5*$B$6,$B$5,FALSE),0) | X46: =IF($A46-6*$B$6>=0,_xlfn.POISSON.DIST($A46-6*$B$6,$B$5,FALSE),0) | Y46: =IF($A46-7*$B$6>=0,_xlfn.POISSON.DIST($A46-7*$B$6,$B$5,FALSE),0) | Z46: =IF($A46-8*$B$6>=0,_xlfn.POISSON.DIST($A46-8*$B$6,$B$5,FALSE),0) | AA46: =IF($A46-9*$B$6>=0,_xlfn.POISSON.DIST($A46-9*$B$6,$B$5,FALSE),0) | AB46: =IF($A46-10*$B$6>=0,_xlfn.POISSON.DIST($A46-10*$B$6,$B$5,FALSE),0) | AC46: =IF($A46-11*$B$6>=0,_xlfn.POISSON.DIST($A46-11*$B$6,$B$5,FALSE),0) | AD46: =IF($A46-12*$B$6>=0,_xlfn.POISSON.DIST($A46-12*$B$6,$B$5,FALSE),0) | AE46: =IF($A46-13*$B$6>=0,_xlfn.POISSON.DIST($A46-13*$B$6,$B$5,FALSE),0) | AF46: =IF($A46-14*$B$6>=0,_xlfn.POISSON.DIST($A46-14*$B$6,$B$5,FALSE),0)
A47: 15 | B47: =SUMPRODUCT(R47:AF47,$R$29:$AF$29) | C47: =C46+B47 | D47: =D46-(1-C46) | E47: =E46-D47 | F47: =F46*($C$17+15-1)*(1-$C$16)/15 | G47: =G46+F47 | H47: =H46-(1-G46) | I47: =I46-H47 | J47: =J46*($D$17+15-1)*(1-$D$16)/15 | K47: =K46+J47 | L47: =L46-(1-K46) | M47: =M46-L47 | N47: 15 | O47: =$B$8*(($B$7+1)/2+N47-$B$14+(INDEX(GenExactLossTwo,N47+1)-INDEX(GenExactLossTwo,N47+$B$7+1))/$B$7)+$B$9*(INDEX(GenExactLossTwo,N47+1)-INDEX(GenExactLossTwo,N47+$B$7+1))/$B$7 | P47: =$B$8*(($B$7+1)/2+N47-$C$14+(INDEX(GenRecipeLossTwo,N47+1)-INDEX(GenRecipeLossTwo,N47+$B$7+1))/$B$7)+$B$9*(INDEX(GenRecipeLossTwo,N47+1)-INDEX(GenRecipeLossTwo,N47+$B$7+1))/$B$7 | Q47: =$B$8*(($B$7+1)/2+N47-$D$14+(INDEX(GenShortcutLossTwo,N47+1)-INDEX(GenShortcutLossTwo,N47+$B$7+1))/$B$7)+$B$9*(INDEX(GenShortcutLossTwo,N47+1)-INDEX(GenShortcutLossTwo,N47+$B$7+1))/$B$7 | R47: =IF($A47-0*$B$6>=0,_xlfn.POISSON.DIST($A47-0*$B$6,$B$5,FALSE),0) | S47: =IF($A47-1*$B$6>=0,_xlfn.POISSON.DIST($A47-1*$B$6,$B$5,FALSE),0) | T47: =IF($A47-2*$B$6>=0,_xlfn.POISSON.DIST($A47-2*$B$6,$B$5,FALSE),0) | U47: =IF($A47-3*$B$6>=0,_xlfn.POISSON.DIST($A47-3*$B$6,$B$5,FALSE),0) | V47: =IF($A47-4*$B$6>=0,_xlfn.POISSON.DIST($A47-4*$B$6,$B$5,FALSE),0) | W47: =IF($A47-5*$B$6>=0,_xlfn.POISSON.DIST($A47-5*$B$6,$B$5,FALSE),0) | X47: =IF($A47-6*$B$6>=0,_xlfn.POISSON.DIST($A47-6*$B$6,$B$5,FALSE),0) | Y47: =IF($A47-7*$B$6>=0,_xlfn.POISSON.DIST($A47-7*$B$6,$B$5,FALSE),0) | Z47: =IF($A47-8*$B$6>=0,_xlfn.POISSON.DIST($A47-8*$B$6,$B$5,FALSE),0) | AA47: =IF($A47-9*$B$6>=0,_xlfn.POISSON.DIST($A47-9*$B$6,$B$5,FALSE),0) | AB47: =IF($A47-10*$B$6>=0,_xlfn.POISSON.DIST($A47-10*$B$6,$B$5,FALSE),0) | AC47: =IF($A47-11*$B$6>=0,_xlfn.POISSON.DIST($A47-11*$B$6,$B$5,FALSE),0) | AD47: =IF($A47-12*$B$6>=0,_xlfn.POISSON.DIST($A47-12*$B$6,$B$5,FALSE),0) | AE47: =IF($A47-13*$B$6>=0,_xlfn.POISSON.DIST($A47-13*$B$6,$B$5,FALSE),0) | AF47: =IF($A47-14*$B$6>=0,_xlfn.POISSON.DIST($A47-14*$B$6,$B$5,FALSE),0)
A48: 16 | B48: =SUMPRODUCT(R48:AF48,$R$29:$AF$29) | C48: =C47+B48 | D48: =D47-(1-C47) | E48: =E47-D48 | F48: =F47*($C$17+16-1)*(1-$C$16)/16 | G48: =G47+F48 | H48: =H47-(1-G47) | I48: =I47-H48 | J48: =J47*($D$17+16-1)*(1-$D$16)/16 | K48: =K47+J48 | L48: =L47-(1-K47) | M48: =M47-L48 | N48: 16 | O48: =$B$8*(($B$7+1)/2+N48-$B$14+(INDEX(GenExactLossTwo,N48+1)-INDEX(GenExactLossTwo,N48+$B$7+1))/$B$7)+$B$9*(INDEX(GenExactLossTwo,N48+1)-INDEX(GenExactLossTwo,N48+$B$7+1))/$B$7 | P48: =$B$8*(($B$7+1)/2+N48-$C$14+(INDEX(GenRecipeLossTwo,N48+1)-INDEX(GenRecipeLossTwo,N48+$B$7+1))/$B$7)+$B$9*(INDEX(GenRecipeLossTwo,N48+1)-INDEX(GenRecipeLossTwo,N48+$B$7+1))/$B$7 | Q48: =$B$8*(($B$7+1)/2+N48-$D$14+(INDEX(GenShortcutLossTwo,N48+1)-INDEX(GenShortcutLossTwo,N48+$B$7+1))/$B$7)+$B$9*(INDEX(GenShortcutLossTwo,N48+1)-INDEX(GenShortcutLossTwo,N48+$B$7+1))/$B$7 | R48: =IF($A48-0*$B$6>=0,_xlfn.POISSON.DIST($A48-0*$B$6,$B$5,FALSE),0) | S48: =IF($A48-1*$B$6>=0,_xlfn.POISSON.DIST($A48-1*$B$6,$B$5,FALSE),0) | T48: =IF($A48-2*$B$6>=0,_xlfn.POISSON.DIST($A48-2*$B$6,$B$5,FALSE),0) | U48: =IF($A48-3*$B$6>=0,_xlfn.POISSON.DIST($A48-3*$B$6,$B$5,FALSE),0) | V48: =IF($A48-4*$B$6>=0,_xlfn.POISSON.DIST($A48-4*$B$6,$B$5,FALSE),0) | W48: =IF($A48-5*$B$6>=0,_xlfn.POISSON.DIST($A48-5*$B$6,$B$5,FALSE),0) | X48: =IF($A48-6*$B$6>=0,_xlfn.POISSON.DIST($A48-6*$B$6,$B$5,FALSE),0) | Y48: =IF($A48-7*$B$6>=0,_xlfn.POISSON.DIST($A48-7*$B$6,$B$5,FALSE),0) | Z48: =IF($A48-8*$B$6>=0,_xlfn.POISSON.DIST($A48-8*$B$6,$B$5,FALSE),0) | AA48: =IF($A48-9*$B$6>=0,_xlfn.POISSON.DIST($A48-9*$B$6,$B$5,FALSE),0) | AB48: =IF($A48-10*$B$6>=0,_xlfn.POISSON.DIST($A48-10*$B$6,$B$5,FALSE),0) | AC48: =IF($A48-11*$B$6>=0,_xlfn.POISSON.DIST($A48-11*$B$6,$B$5,FALSE),0) | AD48: =IF($A48-12*$B$6>=0,_xlfn.POISSON.DIST($A48-12*$B$6,$B$5,FALSE),0) | AE48: =IF($A48-13*$B$6>=0,_xlfn.POISSON.DIST($A48-13*$B$6,$B$5,FALSE),0) | AF48: =IF($A48-14*$B$6>=0,_xlfn.POISSON.DIST($A48-14*$B$6,$B$5,FALSE),0)
A49: 17 | B49: =SUMPRODUCT(R49:AF49,$R$29:$AF$29) | C49: =C48+B49 | D49: =D48-(1-C48) | E49: =E48-D49 | F49: =F48*($C$17+17-1)*(1-$C$16)/17 | G49: =G48+F49 | H49: =H48-(1-G48) | I49: =I48-H49 | J49: =J48*($D$17+17-1)*(1-$D$16)/17 | K49: =K48+J49 | L49: =L48-(1-K48) | M49: =M48-L49 | N49: 17 | O49: =$B$8*(($B$7+1)/2+N49-$B$14+(INDEX(GenExactLossTwo,N49+1)-INDEX(GenExactLossTwo,N49+$B$7+1))/$B$7)+$B$9*(INDEX(GenExactLossTwo,N49+1)-INDEX(GenExactLossTwo,N49+$B$7+1))/$B$7 | P49: =$B$8*(($B$7+1)/2+N49-$C$14+(INDEX(GenRecipeLossTwo,N49+1)-INDEX(GenRecipeLossTwo,N49+$B$7+1))/$B$7)+$B$9*(INDEX(GenRecipeLossTwo,N49+1)-INDEX(GenRecipeLossTwo,N49+$B$7+1))/$B$7 | Q49: =$B$8*(($B$7+1)/2+N49-$D$14+(INDEX(GenShortcutLossTwo,N49+1)-INDEX(GenShortcutLossTwo,N49+$B$7+1))/$B$7)+$B$9*(INDEX(GenShortcutLossTwo,N49+1)-INDEX(GenShortcutLossTwo,N49+$B$7+1))/$B$7 | R49: =IF($A49-0*$B$6>=0,_xlfn.POISSON.DIST($A49-0*$B$6,$B$5,FALSE),0) | S49: =IF($A49-1*$B$6>=0,_xlfn.POISSON.DIST($A49-1*$B$6,$B$5,FALSE),0) | T49: =IF($A49-2*$B$6>=0,_xlfn.POISSON.DIST($A49-2*$B$6,$B$5,FALSE),0) | U49: =IF($A49-3*$B$6>=0,_xlfn.POISSON.DIST($A49-3*$B$6,$B$5,FALSE),0) | V49: =IF($A49-4*$B$6>=0,_xlfn.POISSON.DIST($A49-4*$B$6,$B$5,FALSE),0) | W49: =IF($A49-5*$B$6>=0,_xlfn.POISSON.DIST($A49-5*$B$6,$B$5,FALSE),0) | X49: =IF($A49-6*$B$6>=0,_xlfn.POISSON.DIST($A49-6*$B$6,$B$5,FALSE),0) | Y49: =IF($A49-7*$B$6>=0,_xlfn.POISSON.DIST($A49-7*$B$6,$B$5,FALSE),0) | Z49: =IF($A49-8*$B$6>=0,_xlfn.POISSON.DIST($A49-8*$B$6,$B$5,FALSE),0) | AA49: =IF($A49-9*$B$6>=0,_xlfn.POISSON.DIST($A49-9*$B$6,$B$5,FALSE),0) | AB49: =IF($A49-10*$B$6>=0,_xlfn.POISSON.DIST($A49-10*$B$6,$B$5,FALSE),0) | AC49: =IF($A49-11*$B$6>=0,_xlfn.POISSON.DIST($A49-11*$B$6,$B$5,FALSE),0) | AD49: =IF($A49-12*$B$6>=0,_xlfn.POISSON.DIST($A49-12*$B$6,$B$5,FALSE),0) | AE49: =IF($A49-13*$B$6>=0,_xlfn.POISSON.DIST($A49-13*$B$6,$B$5,FALSE),0) | AF49: =IF($A49-14*$B$6>=0,_xlfn.POISSON.DIST($A49-14*$B$6,$B$5,FALSE),0)
A50: 18 | B50: =SUMPRODUCT(R50:AF50,$R$29:$AF$29) | C50: =C49+B50 | D50: =D49-(1-C49) | E50: =E49-D50 | F50: =F49*($C$17+18-1)*(1-$C$16)/18 | G50: =G49+F50 | H50: =H49-(1-G49) | I50: =I49-H50 | J50: =J49*($D$17+18-1)*(1-$D$16)/18 | K50: =K49+J50 | L50: =L49-(1-K49) | M50: =M49-L50 | N50: 18 | O50: =$B$8*(($B$7+1)/2+N50-$B$14+(INDEX(GenExactLossTwo,N50+1)-INDEX(GenExactLossTwo,N50+$B$7+1))/$B$7)+$B$9*(INDEX(GenExactLossTwo,N50+1)-INDEX(GenExactLossTwo,N50+$B$7+1))/$B$7 | P50: =$B$8*(($B$7+1)/2+N50-$C$14+(INDEX(GenRecipeLossTwo,N50+1)-INDEX(GenRecipeLossTwo,N50+$B$7+1))/$B$7)+$B$9*(INDEX(GenRecipeLossTwo,N50+1)-INDEX(GenRecipeLossTwo,N50+$B$7+1))/$B$7 | Q50: =$B$8*(($B$7+1)/2+N50-$D$14+(INDEX(GenShortcutLossTwo,N50+1)-INDEX(GenShortcutLossTwo,N50+$B$7+1))/$B$7)+$B$9*(INDEX(GenShortcutLossTwo,N50+1)-INDEX(GenShortcutLossTwo,N50+$B$7+1))/$B$7 | R50: =IF($A50-0*$B$6>=0,_xlfn.POISSON.DIST($A50-0*$B$6,$B$5,FALSE),0) | S50: =IF($A50-1*$B$6>=0,_xlfn.POISSON.DIST($A50-1*$B$6,$B$5,FALSE),0) | T50: =IF($A50-2*$B$6>=0,_xlfn.POISSON.DIST($A50-2*$B$6,$B$5,FALSE),0) | U50: =IF($A50-3*$B$6>=0,_xlfn.POISSON.DIST($A50-3*$B$6,$B$5,FALSE),0) | V50: =IF($A50-4*$B$6>=0,_xlfn.POISSON.DIST($A50-4*$B$6,$B$5,FALSE),0) | W50: =IF($A50-5*$B$6>=0,_xlfn.POISSON.DIST($A50-5*$B$6,$B$5,FALSE),0) | X50: =IF($A50-6*$B$6>=0,_xlfn.POISSON.DIST($A50-6*$B$6,$B$5,FALSE),0) | Y50: =IF($A50-7*$B$6>=0,_xlfn.POISSON.DIST($A50-7*$B$6,$B$5,FALSE),0) | Z50: =IF($A50-8*$B$6>=0,_xlfn.POISSON.DIST($A50-8*$B$6,$B$5,FALSE),0) | AA50: =IF($A50-9*$B$6>=0,_xlfn.POISSON.DIST($A50-9*$B$6,$B$5,FALSE),0) | AB50: =IF($A50-10*$B$6>=0,_xlfn.POISSON.DIST($A50-10*$B$6,$B$5,FALSE),0) | AC50: =IF($A50-11*$B$6>=0,_xlfn.POISSON.DIST($A50-11*$B$6,$B$5,FALSE),0) | AD50: =IF($A50-12*$B$6>=0,_xlfn.POISSON.DIST($A50-12*$B$6,$B$5,FALSE),0) | AE50: =IF($A50-13*$B$6>=0,_xlfn.POISSON.DIST($A50-13*$B$6,$B$5,FALSE),0) | AF50: =IF($A50-14*$B$6>=0,_xlfn.POISSON.DIST($A50-14*$B$6,$B$5,FALSE),0)
A51: 19 | B51: =SUMPRODUCT(R51:AF51,$R$29:$AF$29) | C51: =C50+B51 | D51: =D50-(1-C50) | E51: =E50-D51 | F51: =F50*($C$17+19-1)*(1-$C$16)/19 | G51: =G50+F51 | H51: =H50-(1-G50) | I51: =I50-H51 | J51: =J50*($D$17+19-1)*(1-$D$16)/19 | K51: =K50+J51 | L51: =L50-(1-K50) | M51: =M50-L51 | N51: 19 | O51: =$B$8*(($B$7+1)/2+N51-$B$14+(INDEX(GenExactLossTwo,N51+1)-INDEX(GenExactLossTwo,N51+$B$7+1))/$B$7)+$B$9*(INDEX(GenExactLossTwo,N51+1)-INDEX(GenExactLossTwo,N51+$B$7+1))/$B$7 | P51: =$B$8*(($B$7+1)/2+N51-$C$14+(INDEX(GenRecipeLossTwo,N51+1)-INDEX(GenRecipeLossTwo,N51+$B$7+1))/$B$7)+$B$9*(INDEX(GenRecipeLossTwo,N51+1)-INDEX(GenRecipeLossTwo,N51+$B$7+1))/$B$7 | Q51: =$B$8*(($B$7+1)/2+N51-$D$14+(INDEX(GenShortcutLossTwo,N51+1)-INDEX(GenShortcutLossTwo,N51+$B$7+1))/$B$7)+$B$9*(INDEX(GenShortcutLossTwo,N51+1)-INDEX(GenShortcutLossTwo,N51+$B$7+1))/$B$7 | R51: =IF($A51-0*$B$6>=0,_xlfn.POISSON.DIST($A51-0*$B$6,$B$5,FALSE),0) | S51: =IF($A51-1*$B$6>=0,_xlfn.POISSON.DIST($A51-1*$B$6,$B$5,FALSE),0) | T51: =IF($A51-2*$B$6>=0,_xlfn.POISSON.DIST($A51-2*$B$6,$B$5,FALSE),0) | U51: =IF($A51-3*$B$6>=0,_xlfn.POISSON.DIST($A51-3*$B$6,$B$5,FALSE),0) | V51: =IF($A51-4*$B$6>=0,_xlfn.POISSON.DIST($A51-4*$B$6,$B$5,FALSE),0) | W51: =IF($A51-5*$B$6>=0,_xlfn.POISSON.DIST($A51-5*$B$6,$B$5,FALSE),0) | X51: =IF($A51-6*$B$6>=0,_xlfn.POISSON.DIST($A51-6*$B$6,$B$5,FALSE),0) | Y51: =IF($A51-7*$B$6>=0,_xlfn.POISSON.DIST($A51-7*$B$6,$B$5,FALSE),0) | Z51: =IF($A51-8*$B$6>=0,_xlfn.POISSON.DIST($A51-8*$B$6,$B$5,FALSE),0) | AA51: =IF($A51-9*$B$6>=0,_xlfn.POISSON.DIST($A51-9*$B$6,$B$5,FALSE),0) | AB51: =IF($A51-10*$B$6>=0,_xlfn.POISSON.DIST($A51-10*$B$6,$B$5,FALSE),0) | AC51: =IF($A51-11*$B$6>=0,_xlfn.POISSON.DIST($A51-11*$B$6,$B$5,FALSE),0) | AD51: =IF($A51-12*$B$6>=0,_xlfn.POISSON.DIST($A51-12*$B$6,$B$5,FALSE),0) | AE51: =IF($A51-13*$B$6>=0,_xlfn.POISSON.DIST($A51-13*$B$6,$B$5,FALSE),0) | AF51: =IF($A51-14*$B$6>=0,_xlfn.POISSON.DIST($A51-14*$B$6,$B$5,FALSE),0)
A52: 20 | B52: =SUMPRODUCT(R52:AF52,$R$29:$AF$29) | C52: =C51+B52 | D52: =D51-(1-C51) | E52: =E51-D52 | F52: =F51*($C$17+20-1)*(1-$C$16)/20 | G52: =G51+F52 | H52: =H51-(1-G51) | I52: =I51-H52 | J52: =J51*($D$17+20-1)*(1-$D$16)/20 | K52: =K51+J52 | L52: =L51-(1-K51) | M52: =M51-L52 | N52: 20 | O52: =$B$8*(($B$7+1)/2+N52-$B$14+(INDEX(GenExactLossTwo,N52+1)-INDEX(GenExactLossTwo,N52+$B$7+1))/$B$7)+$B$9*(INDEX(GenExactLossTwo,N52+1)-INDEX(GenExactLossTwo,N52+$B$7+1))/$B$7 | P52: =$B$8*(($B$7+1)/2+N52-$C$14+(INDEX(GenRecipeLossTwo,N52+1)-INDEX(GenRecipeLossTwo,N52+$B$7+1))/$B$7)+$B$9*(INDEX(GenRecipeLossTwo,N52+1)-INDEX(GenRecipeLossTwo,N52+$B$7+1))/$B$7 | Q52: =$B$8*(($B$7+1)/2+N52-$D$14+(INDEX(GenShortcutLossTwo,N52+1)-INDEX(GenShortcutLossTwo,N52+$B$7+1))/$B$7)+$B$9*(INDEX(GenShortcutLossTwo,N52+1)-INDEX(GenShortcutLossTwo,N52+$B$7+1))/$B$7 | R52: =IF($A52-0*$B$6>=0,_xlfn.POISSON.DIST($A52-0*$B$6,$B$5,FALSE),0) | S52: =IF($A52-1*$B$6>=0,_xlfn.POISSON.DIST($A52-1*$B$6,$B$5,FALSE),0) | T52: =IF($A52-2*$B$6>=0,_xlfn.POISSON.DIST($A52-2*$B$6,$B$5,FALSE),0) | U52: =IF($A52-3*$B$6>=0,_xlfn.POISSON.DIST($A52-3*$B$6,$B$5,FALSE),0) | V52: =IF($A52-4*$B$6>=0,_xlfn.POISSON.DIST($A52-4*$B$6,$B$5,FALSE),0) | W52: =IF($A52-5*$B$6>=0,_xlfn.POISSON.DIST($A52-5*$B$6,$B$5,FALSE),0) | X52: =IF($A52-6*$B$6>=0,_xlfn.POISSON.DIST($A52-6*$B$6,$B$5,FALSE),0) | Y52: =IF($A52-7*$B$6>=0,_xlfn.POISSON.DIST($A52-7*$B$6,$B$5,FALSE),0) | Z52: =IF($A52-8*$B$6>=0,_xlfn.POISSON.DIST($A52-8*$B$6,$B$5,FALSE),0) | AA52: =IF($A52-9*$B$6>=0,_xlfn.POISSON.DIST($A52-9*$B$6,$B$5,FALSE),0) | AB52: =IF($A52-10*$B$6>=0,_xlfn.POISSON.DIST($A52-10*$B$6,$B$5,FALSE),0) | AC52: =IF($A52-11*$B$6>=0,_xlfn.POISSON.DIST($A52-11*$B$6,$B$5,FALSE),0) | AD52: =IF($A52-12*$B$6>=0,_xlfn.POISSON.DIST($A52-12*$B$6,$B$5,FALSE),0) | AE52: =IF($A52-13*$B$6>=0,_xlfn.POISSON.DIST($A52-13*$B$6,$B$5,FALSE),0) | AF52: =IF($A52-14*$B$6>=0,_xlfn.POISSON.DIST($A52-14*$B$6,$B$5,FALSE),0)
A53: 21 | B53: =SUMPRODUCT(R53:AF53,$R$29:$AF$29) | C53: =C52+B53 | D53: =D52-(1-C52) | E53: =E52-D53 | F53: =F52*($C$17+21-1)*(1-$C$16)/21 | G53: =G52+F53 | H53: =H52-(1-G52) | I53: =I52-H53 | J53: =J52*($D$17+21-1)*(1-$D$16)/21 | K53: =K52+J53 | L53: =L52-(1-K52) | M53: =M52-L53 | N53: 21 | O53: =$B$8*(($B$7+1)/2+N53-$B$14+(INDEX(GenExactLossTwo,N53+1)-INDEX(GenExactLossTwo,N53+$B$7+1))/$B$7)+$B$9*(INDEX(GenExactLossTwo,N53+1)-INDEX(GenExactLossTwo,N53+$B$7+1))/$B$7 | P53: =$B$8*(($B$7+1)/2+N53-$C$14+(INDEX(GenRecipeLossTwo,N53+1)-INDEX(GenRecipeLossTwo,N53+$B$7+1))/$B$7)+$B$9*(INDEX(GenRecipeLossTwo,N53+1)-INDEX(GenRecipeLossTwo,N53+$B$7+1))/$B$7 | Q53: =$B$8*(($B$7+1)/2+N53-$D$14+(INDEX(GenShortcutLossTwo,N53+1)-INDEX(GenShortcutLossTwo,N53+$B$7+1))/$B$7)+$B$9*(INDEX(GenShortcutLossTwo,N53+1)-INDEX(GenShortcutLossTwo,N53+$B$7+1))/$B$7 | R53: =IF($A53-0*$B$6>=0,_xlfn.POISSON.DIST($A53-0*$B$6,$B$5,FALSE),0) | S53: =IF($A53-1*$B$6>=0,_xlfn.POISSON.DIST($A53-1*$B$6,$B$5,FALSE),0) | T53: =IF($A53-2*$B$6>=0,_xlfn.POISSON.DIST($A53-2*$B$6,$B$5,FALSE),0) | U53: =IF($A53-3*$B$6>=0,_xlfn.POISSON.DIST($A53-3*$B$6,$B$5,FALSE),0) | V53: =IF($A53-4*$B$6>=0,_xlfn.POISSON.DIST($A53-4*$B$6,$B$5,FALSE),0) | W53: =IF($A53-5*$B$6>=0,_xlfn.POISSON.DIST($A53-5*$B$6,$B$5,FALSE),0) | X53: =IF($A53-6*$B$6>=0,_xlfn.POISSON.DIST($A53-6*$B$6,$B$5,FALSE),0) | Y53: =IF($A53-7*$B$6>=0,_xlfn.POISSON.DIST($A53-7*$B$6,$B$5,FALSE),0) | Z53: =IF($A53-8*$B$6>=0,_xlfn.POISSON.DIST($A53-8*$B$6,$B$5,FALSE),0) | AA53: =IF($A53-9*$B$6>=0,_xlfn.POISSON.DIST($A53-9*$B$6,$B$5,FALSE),0) | AB53: =IF($A53-10*$B$6>=0,_xlfn.POISSON.DIST($A53-10*$B$6,$B$5,FALSE),0) | AC53: =IF($A53-11*$B$6>=0,_xlfn.POISSON.DIST($A53-11*$B$6,$B$5,FALSE),0) | AD53: =IF($A53-12*$B$6>=0,_xlfn.POISSON.DIST($A53-12*$B$6,$B$5,FALSE),0) | AE53: =IF($A53-13*$B$6>=0,_xlfn.POISSON.DIST($A53-13*$B$6,$B$5,FALSE),0) | AF53: =IF($A53-14*$B$6>=0,_xlfn.POISSON.DIST($A53-14*$B$6,$B$5,FALSE),0)
A54: 22 | B54: =SUMPRODUCT(R54:AF54,$R$29:$AF$29) | C54: =C53+B54 | D54: =D53-(1-C53) | E54: =E53-D54 | F54: =F53*($C$17+22-1)*(1-$C$16)/22 | G54: =G53+F54 | H54: =H53-(1-G53) | I54: =I53-H54 | J54: =J53*($D$17+22-1)*(1-$D$16)/22 | K54: =K53+J54 | L54: =L53-(1-K53) | M54: =M53-L54 | N54: 22 | O54: =$B$8*(($B$7+1)/2+N54-$B$14+(INDEX(GenExactLossTwo,N54+1)-INDEX(GenExactLossTwo,N54+$B$7+1))/$B$7)+$B$9*(INDEX(GenExactLossTwo,N54+1)-INDEX(GenExactLossTwo,N54+$B$7+1))/$B$7 | P54: =$B$8*(($B$7+1)/2+N54-$C$14+(INDEX(GenRecipeLossTwo,N54+1)-INDEX(GenRecipeLossTwo,N54+$B$7+1))/$B$7)+$B$9*(INDEX(GenRecipeLossTwo,N54+1)-INDEX(GenRecipeLossTwo,N54+$B$7+1))/$B$7 | Q54: =$B$8*(($B$7+1)/2+N54-$D$14+(INDEX(GenShortcutLossTwo,N54+1)-INDEX(GenShortcutLossTwo,N54+$B$7+1))/$B$7)+$B$9*(INDEX(GenShortcutLossTwo,N54+1)-INDEX(GenShortcutLossTwo,N54+$B$7+1))/$B$7 | R54: =IF($A54-0*$B$6>=0,_xlfn.POISSON.DIST($A54-0*$B$6,$B$5,FALSE),0) | S54: =IF($A54-1*$B$6>=0,_xlfn.POISSON.DIST($A54-1*$B$6,$B$5,FALSE),0) | T54: =IF($A54-2*$B$6>=0,_xlfn.POISSON.DIST($A54-2*$B$6,$B$5,FALSE),0) | U54: =IF($A54-3*$B$6>=0,_xlfn.POISSON.DIST($A54-3*$B$6,$B$5,FALSE),0) | V54: =IF($A54-4*$B$6>=0,_xlfn.POISSON.DIST($A54-4*$B$6,$B$5,FALSE),0) | W54: =IF($A54-5*$B$6>=0,_xlfn.POISSON.DIST($A54-5*$B$6,$B$5,FALSE),0) | X54: =IF($A54-6*$B$6>=0,_xlfn.POISSON.DIST($A54-6*$B$6,$B$5,FALSE),0) | Y54: =IF($A54-7*$B$6>=0,_xlfn.POISSON.DIST($A54-7*$B$6,$B$5,FALSE),0) | Z54: =IF($A54-8*$B$6>=0,_xlfn.POISSON.DIST($A54-8*$B$6,$B$5,FALSE),0) | AA54: =IF($A54-9*$B$6>=0,_xlfn.POISSON.DIST($A54-9*$B$6,$B$5,FALSE),0) | AB54: =IF($A54-10*$B$6>=0,_xlfn.POISSON.DIST($A54-10*$B$6,$B$5,FALSE),0) | AC54: =IF($A54-11*$B$6>=0,_xlfn.POISSON.DIST($A54-11*$B$6,$B$5,FALSE),0) | AD54: =IF($A54-12*$B$6>=0,_xlfn.POISSON.DIST($A54-12*$B$6,$B$5,FALSE),0) | AE54: =IF($A54-13*$B$6>=0,_xlfn.POISSON.DIST($A54-13*$B$6,$B$5,FALSE),0) | AF54: =IF($A54-14*$B$6>=0,_xlfn.POISSON.DIST($A54-14*$B$6,$B$5,FALSE),0)
A55: 23 | B55: =SUMPRODUCT(R55:AF55,$R$29:$AF$29) | C55: =C54+B55 | D55: =D54-(1-C54) | E55: =E54-D55 | F55: =F54*($C$17+23-1)*(1-$C$16)/23 | G55: =G54+F55 | H55: =H54-(1-G54) | I55: =I54-H55 | J55: =J54*($D$17+23-1)*(1-$D$16)/23 | K55: =K54+J55 | L55: =L54-(1-K54) | M55: =M54-L55 | N55: 23 | O55: =$B$8*(($B$7+1)/2+N55-$B$14+(INDEX(GenExactLossTwo,N55+1)-INDEX(GenExactLossTwo,N55+$B$7+1))/$B$7)+$B$9*(INDEX(GenExactLossTwo,N55+1)-INDEX(GenExactLossTwo,N55+$B$7+1))/$B$7 | P55: =$B$8*(($B$7+1)/2+N55-$C$14+(INDEX(GenRecipeLossTwo,N55+1)-INDEX(GenRecipeLossTwo,N55+$B$7+1))/$B$7)+$B$9*(INDEX(GenRecipeLossTwo,N55+1)-INDEX(GenRecipeLossTwo,N55+$B$7+1))/$B$7 | Q55: =$B$8*(($B$7+1)/2+N55-$D$14+(INDEX(GenShortcutLossTwo,N55+1)-INDEX(GenShortcutLossTwo,N55+$B$7+1))/$B$7)+$B$9*(INDEX(GenShortcutLossTwo,N55+1)-INDEX(GenShortcutLossTwo,N55+$B$7+1))/$B$7 | R55: =IF($A55-0*$B$6>=0,_xlfn.POISSON.DIST($A55-0*$B$6,$B$5,FALSE),0) | S55: =IF($A55-1*$B$6>=0,_xlfn.POISSON.DIST($A55-1*$B$6,$B$5,FALSE),0) | T55: =IF($A55-2*$B$6>=0,_xlfn.POISSON.DIST($A55-2*$B$6,$B$5,FALSE),0) | U55: =IF($A55-3*$B$6>=0,_xlfn.POISSON.DIST($A55-3*$B$6,$B$5,FALSE),0) | V55: =IF($A55-4*$B$6>=0,_xlfn.POISSON.DIST($A55-4*$B$6,$B$5,FALSE),0) | W55: =IF($A55-5*$B$6>=0,_xlfn.POISSON.DIST($A55-5*$B$6,$B$5,FALSE),0) | X55: =IF($A55-6*$B$6>=0,_xlfn.POISSON.DIST($A55-6*$B$6,$B$5,FALSE),0) | Y55: =IF($A55-7*$B$6>=0,_xlfn.POISSON.DIST($A55-7*$B$6,$B$5,FALSE),0) | Z55: =IF($A55-8*$B$6>=0,_xlfn.POISSON.DIST($A55-8*$B$6,$B$5,FALSE),0) | AA55: =IF($A55-9*$B$6>=0,_xlfn.POISSON.DIST($A55-9*$B$6,$B$5,FALSE),0) | AB55: =IF($A55-10*$B$6>=0,_xlfn.POISSON.DIST($A55-10*$B$6,$B$5,FALSE),0) | AC55: =IF($A55-11*$B$6>=0,_xlfn.POISSON.DIST($A55-11*$B$6,$B$5,FALSE),0) | AD55: =IF($A55-12*$B$6>=0,_xlfn.POISSON.DIST($A55-12*$B$6,$B$5,FALSE),0) | AE55: =IF($A55-13*$B$6>=0,_xlfn.POISSON.DIST($A55-13*$B$6,$B$5,FALSE),0) | AF55: =IF($A55-14*$B$6>=0,_xlfn.POISSON.DIST($A55-14*$B$6,$B$5,FALSE),0)
A56: 24 | B56: =SUMPRODUCT(R56:AF56,$R$29:$AF$29) | C56: =C55+B56 | D56: =D55-(1-C55) | E56: =E55-D56 | F56: =F55*($C$17+24-1)*(1-$C$16)/24 | G56: =G55+F56 | H56: =H55-(1-G55) | I56: =I55-H56 | J56: =J55*($D$17+24-1)*(1-$D$16)/24 | K56: =K55+J56 | L56: =L55-(1-K55) | M56: =M55-L56 | N56: 24 | O56: =$B$8*(($B$7+1)/2+N56-$B$14+(INDEX(GenExactLossTwo,N56+1)-INDEX(GenExactLossTwo,N56+$B$7+1))/$B$7)+$B$9*(INDEX(GenExactLossTwo,N56+1)-INDEX(GenExactLossTwo,N56+$B$7+1))/$B$7 | P56: =$B$8*(($B$7+1)/2+N56-$C$14+(INDEX(GenRecipeLossTwo,N56+1)-INDEX(GenRecipeLossTwo,N56+$B$7+1))/$B$7)+$B$9*(INDEX(GenRecipeLossTwo,N56+1)-INDEX(GenRecipeLossTwo,N56+$B$7+1))/$B$7 | Q56: =$B$8*(($B$7+1)/2+N56-$D$14+(INDEX(GenShortcutLossTwo,N56+1)-INDEX(GenShortcutLossTwo,N56+$B$7+1))/$B$7)+$B$9*(INDEX(GenShortcutLossTwo,N56+1)-INDEX(GenShortcutLossTwo,N56+$B$7+1))/$B$7 | R56: =IF($A56-0*$B$6>=0,_xlfn.POISSON.DIST($A56-0*$B$6,$B$5,FALSE),0) | S56: =IF($A56-1*$B$6>=0,_xlfn.POISSON.DIST($A56-1*$B$6,$B$5,FALSE),0) | T56: =IF($A56-2*$B$6>=0,_xlfn.POISSON.DIST($A56-2*$B$6,$B$5,FALSE),0) | U56: =IF($A56-3*$B$6>=0,_xlfn.POISSON.DIST($A56-3*$B$6,$B$5,FALSE),0) | V56: =IF($A56-4*$B$6>=0,_xlfn.POISSON.DIST($A56-4*$B$6,$B$5,FALSE),0) | W56: =IF($A56-5*$B$6>=0,_xlfn.POISSON.DIST($A56-5*$B$6,$B$5,FALSE),0) | X56: =IF($A56-6*$B$6>=0,_xlfn.POISSON.DIST($A56-6*$B$6,$B$5,FALSE),0) | Y56: =IF($A56-7*$B$6>=0,_xlfn.POISSON.DIST($A56-7*$B$6,$B$5,FALSE),0) | Z56: =IF($A56-8*$B$6>=0,_xlfn.POISSON.DIST($A56-8*$B$6,$B$5,FALSE),0) | AA56: =IF($A56-9*$B$6>=0,_xlfn.POISSON.DIST($A56-9*$B$6,$B$5,FALSE),0) | AB56: =IF($A56-10*$B$6>=0,_xlfn.POISSON.DIST($A56-10*$B$6,$B$5,FALSE),0) | AC56: =IF($A56-11*$B$6>=0,_xlfn.POISSON.DIST($A56-11*$B$6,$B$5,FALSE),0) | AD56: =IF($A56-12*$B$6>=0,_xlfn.POISSON.DIST($A56-12*$B$6,$B$5,FALSE),0) | AE56: =IF($A56-13*$B$6>=0,_xlfn.POISSON.DIST($A56-13*$B$6,$B$5,FALSE),0) | AF56: =IF($A56-14*$B$6>=0,_xlfn.POISSON.DIST($A56-14*$B$6,$B$5,FALSE),0)
A57: 25 | B57: =SUMPRODUCT(R57:AF57,$R$29:$AF$29) | C57: =C56+B57 | D57: =D56-(1-C56) | E57: =E56-D57 | F57: =F56*($C$17+25-1)*(1-$C$16)/25 | G57: =G56+F57 | H57: =H56-(1-G56) | I57: =I56-H57 | J57: =J56*($D$17+25-1)*(1-$D$16)/25 | K57: =K56+J57 | L57: =L56-(1-K56) | M57: =M56-L57 | N57: 25 | O57: =$B$8*(($B$7+1)/2+N57-$B$14+(INDEX(GenExactLossTwo,N57+1)-INDEX(GenExactLossTwo,N57+$B$7+1))/$B$7)+$B$9*(INDEX(GenExactLossTwo,N57+1)-INDEX(GenExactLossTwo,N57+$B$7+1))/$B$7 | P57: =$B$8*(($B$7+1)/2+N57-$C$14+(INDEX(GenRecipeLossTwo,N57+1)-INDEX(GenRecipeLossTwo,N57+$B$7+1))/$B$7)+$B$9*(INDEX(GenRecipeLossTwo,N57+1)-INDEX(GenRecipeLossTwo,N57+$B$7+1))/$B$7 | Q57: =$B$8*(($B$7+1)/2+N57-$D$14+(INDEX(GenShortcutLossTwo,N57+1)-INDEX(GenShortcutLossTwo,N57+$B$7+1))/$B$7)+$B$9*(INDEX(GenShortcutLossTwo,N57+1)-INDEX(GenShortcutLossTwo,N57+$B$7+1))/$B$7 | R57: =IF($A57-0*$B$6>=0,_xlfn.POISSON.DIST($A57-0*$B$6,$B$5,FALSE),0) | S57: =IF($A57-1*$B$6>=0,_xlfn.POISSON.DIST($A57-1*$B$6,$B$5,FALSE),0) | T57: =IF($A57-2*$B$6>=0,_xlfn.POISSON.DIST($A57-2*$B$6,$B$5,FALSE),0) | U57: =IF($A57-3*$B$6>=0,_xlfn.POISSON.DIST($A57-3*$B$6,$B$5,FALSE),0) | V57: =IF($A57-4*$B$6>=0,_xlfn.POISSON.DIST($A57-4*$B$6,$B$5,FALSE),0) | W57: =IF($A57-5*$B$6>=0,_xlfn.POISSON.DIST($A57-5*$B$6,$B$5,FALSE),0) | X57: =IF($A57-6*$B$6>=0,_xlfn.POISSON.DIST($A57-6*$B$6,$B$5,FALSE),0) | Y57: =IF($A57-7*$B$6>=0,_xlfn.POISSON.DIST($A57-7*$B$6,$B$5,FALSE),0) | Z57: =IF($A57-8*$B$6>=0,_xlfn.POISSON.DIST($A57-8*$B$6,$B$5,FALSE),0) | AA57: =IF($A57-9*$B$6>=0,_xlfn.POISSON.DIST($A57-9*$B$6,$B$5,FALSE),0) | AB57: =IF($A57-10*$B$6>=0,_xlfn.POISSON.DIST($A57-10*$B$6,$B$5,FALSE),0) | AC57: =IF($A57-11*$B$6>=0,_xlfn.POISSON.DIST($A57-11*$B$6,$B$5,FALSE),0) | AD57: =IF($A57-12*$B$6>=0,_xlfn.POISSON.DIST($A57-12*$B$6,$B$5,FALSE),0) | AE57: =IF($A57-13*$B$6>=0,_xlfn.POISSON.DIST($A57-13*$B$6,$B$5,FALSE),0) | AF57: =IF($A57-14*$B$6>=0,_xlfn.POISSON.DIST($A57-14*$B$6,$B$5,FALSE),0)
A58: 26 | B58: =SUMPRODUCT(R58:AF58,$R$29:$AF$29) | C58: =C57+B58 | D58: =D57-(1-C57) | E58: =E57-D58 | F58: =F57*($C$17+26-1)*(1-$C$16)/26 | G58: =G57+F58 | H58: =H57-(1-G57) | I58: =I57-H58 | J58: =J57*($D$17+26-1)*(1-$D$16)/26 | K58: =K57+J58 | L58: =L57-(1-K57) | M58: =M57-L58 | N58: 26 | O58: =$B$8*(($B$7+1)/2+N58-$B$14+(INDEX(GenExactLossTwo,N58+1)-INDEX(GenExactLossTwo,N58+$B$7+1))/$B$7)+$B$9*(INDEX(GenExactLossTwo,N58+1)-INDEX(GenExactLossTwo,N58+$B$7+1))/$B$7 | P58: =$B$8*(($B$7+1)/2+N58-$C$14+(INDEX(GenRecipeLossTwo,N58+1)-INDEX(GenRecipeLossTwo,N58+$B$7+1))/$B$7)+$B$9*(INDEX(GenRecipeLossTwo,N58+1)-INDEX(GenRecipeLossTwo,N58+$B$7+1))/$B$7 | Q58: =$B$8*(($B$7+1)/2+N58-$D$14+(INDEX(GenShortcutLossTwo,N58+1)-INDEX(GenShortcutLossTwo,N58+$B$7+1))/$B$7)+$B$9*(INDEX(GenShortcutLossTwo,N58+1)-INDEX(GenShortcutLossTwo,N58+$B$7+1))/$B$7 | R58: =IF($A58-0*$B$6>=0,_xlfn.POISSON.DIST($A58-0*$B$6,$B$5,FALSE),0) | S58: =IF($A58-1*$B$6>=0,_xlfn.POISSON.DIST($A58-1*$B$6,$B$5,FALSE),0) | T58: =IF($A58-2*$B$6>=0,_xlfn.POISSON.DIST($A58-2*$B$6,$B$5,FALSE),0) | U58: =IF($A58-3*$B$6>=0,_xlfn.POISSON.DIST($A58-3*$B$6,$B$5,FALSE),0) | V58: =IF($A58-4*$B$6>=0,_xlfn.POISSON.DIST($A58-4*$B$6,$B$5,FALSE),0) | W58: =IF($A58-5*$B$6>=0,_xlfn.POISSON.DIST($A58-5*$B$6,$B$5,FALSE),0) | X58: =IF($A58-6*$B$6>=0,_xlfn.POISSON.DIST($A58-6*$B$6,$B$5,FALSE),0) | Y58: =IF($A58-7*$B$6>=0,_xlfn.POISSON.DIST($A58-7*$B$6,$B$5,FALSE),0) | Z58: =IF($A58-8*$B$6>=0,_xlfn.POISSON.DIST($A58-8*$B$6,$B$5,FALSE),0) | AA58: =IF($A58-9*$B$6>=0,_xlfn.POISSON.DIST($A58-9*$B$6,$B$5,FALSE),0) | AB58: =IF($A58-10*$B$6>=0,_xlfn.POISSON.DIST($A58-10*$B$6,$B$5,FALSE),0) | AC58: =IF($A58-11*$B$6>=0,_xlfn.POISSON.DIST($A58-11*$B$6,$B$5,FALSE),0) | AD58: =IF($A58-12*$B$6>=0,_xlfn.POISSON.DIST($A58-12*$B$6,$B$5,FALSE),0) | AE58: =IF($A58-13*$B$6>=0,_xlfn.POISSON.DIST($A58-13*$B$6,$B$5,FALSE),0) | AF58: =IF($A58-14*$B$6>=0,_xlfn.POISSON.DIST($A58-14*$B$6,$B$5,FALSE),0)
A59: 27 | B59: =SUMPRODUCT(R59:AF59,$R$29:$AF$29) | C59: =C58+B59 | D59: =D58-(1-C58) | E59: =E58-D59 | F59: =F58*($C$17+27-1)*(1-$C$16)/27 | G59: =G58+F59 | H59: =H58-(1-G58) | I59: =I58-H59 | J59: =J58*($D$17+27-1)*(1-$D$16)/27 | K59: =K58+J59 | L59: =L58-(1-K58) | M59: =M58-L59 | N59: 27 | O59: =$B$8*(($B$7+1)/2+N59-$B$14+(INDEX(GenExactLossTwo,N59+1)-INDEX(GenExactLossTwo,N59+$B$7+1))/$B$7)+$B$9*(INDEX(GenExactLossTwo,N59+1)-INDEX(GenExactLossTwo,N59+$B$7+1))/$B$7 | P59: =$B$8*(($B$7+1)/2+N59-$C$14+(INDEX(GenRecipeLossTwo,N59+1)-INDEX(GenRecipeLossTwo,N59+$B$7+1))/$B$7)+$B$9*(INDEX(GenRecipeLossTwo,N59+1)-INDEX(GenRecipeLossTwo,N59+$B$7+1))/$B$7 | Q59: =$B$8*(($B$7+1)/2+N59-$D$14+(INDEX(GenShortcutLossTwo,N59+1)-INDEX(GenShortcutLossTwo,N59+$B$7+1))/$B$7)+$B$9*(INDEX(GenShortcutLossTwo,N59+1)-INDEX(GenShortcutLossTwo,N59+$B$7+1))/$B$7 | R59: =IF($A59-0*$B$6>=0,_xlfn.POISSON.DIST($A59-0*$B$6,$B$5,FALSE),0) | S59: =IF($A59-1*$B$6>=0,_xlfn.POISSON.DIST($A59-1*$B$6,$B$5,FALSE),0) | T59: =IF($A59-2*$B$6>=0,_xlfn.POISSON.DIST($A59-2*$B$6,$B$5,FALSE),0) | U59: =IF($A59-3*$B$6>=0,_xlfn.POISSON.DIST($A59-3*$B$6,$B$5,FALSE),0) | V59: =IF($A59-4*$B$6>=0,_xlfn.POISSON.DIST($A59-4*$B$6,$B$5,FALSE),0) | W59: =IF($A59-5*$B$6>=0,_xlfn.POISSON.DIST($A59-5*$B$6,$B$5,FALSE),0) | X59: =IF($A59-6*$B$6>=0,_xlfn.POISSON.DIST($A59-6*$B$6,$B$5,FALSE),0) | Y59: =IF($A59-7*$B$6>=0,_xlfn.POISSON.DIST($A59-7*$B$6,$B$5,FALSE),0) | Z59: =IF($A59-8*$B$6>=0,_xlfn.POISSON.DIST($A59-8*$B$6,$B$5,FALSE),0) | AA59: =IF($A59-9*$B$6>=0,_xlfn.POISSON.DIST($A59-9*$B$6,$B$5,FALSE),0) | AB59: =IF($A59-10*$B$6>=0,_xlfn.POISSON.DIST($A59-10*$B$6,$B$5,FALSE),0) | AC59: =IF($A59-11*$B$6>=0,_xlfn.POISSON.DIST($A59-11*$B$6,$B$5,FALSE),0) | AD59: =IF($A59-12*$B$6>=0,_xlfn.POISSON.DIST($A59-12*$B$6,$B$5,FALSE),0) | AE59: =IF($A59-13*$B$6>=0,_xlfn.POISSON.DIST($A59-13*$B$6,$B$5,FALSE),0) | AF59: =IF($A59-14*$B$6>=0,_xlfn.POISSON.DIST($A59-14*$B$6,$B$5,FALSE),0)
A60: 28 | B60: =SUMPRODUCT(R60:AF60,$R$29:$AF$29) | C60: =C59+B60 | D60: =D59-(1-C59) | E60: =E59-D60 | F60: =F59*($C$17+28-1)*(1-$C$16)/28 | G60: =G59+F60 | H60: =H59-(1-G59) | I60: =I59-H60 | J60: =J59*($D$17+28-1)*(1-$D$16)/28 | K60: =K59+J60 | L60: =L59-(1-K59) | M60: =M59-L60 | N60: 28 | O60: =$B$8*(($B$7+1)/2+N60-$B$14+(INDEX(GenExactLossTwo,N60+1)-INDEX(GenExactLossTwo,N60+$B$7+1))/$B$7)+$B$9*(INDEX(GenExactLossTwo,N60+1)-INDEX(GenExactLossTwo,N60+$B$7+1))/$B$7 | P60: =$B$8*(($B$7+1)/2+N60-$C$14+(INDEX(GenRecipeLossTwo,N60+1)-INDEX(GenRecipeLossTwo,N60+$B$7+1))/$B$7)+$B$9*(INDEX(GenRecipeLossTwo,N60+1)-INDEX(GenRecipeLossTwo,N60+$B$7+1))/$B$7 | Q60: =$B$8*(($B$7+1)/2+N60-$D$14+(INDEX(GenShortcutLossTwo,N60+1)-INDEX(GenShortcutLossTwo,N60+$B$7+1))/$B$7)+$B$9*(INDEX(GenShortcutLossTwo,N60+1)-INDEX(GenShortcutLossTwo,N60+$B$7+1))/$B$7 | R60: =IF($A60-0*$B$6>=0,_xlfn.POISSON.DIST($A60-0*$B$6,$B$5,FALSE),0) | S60: =IF($A60-1*$B$6>=0,_xlfn.POISSON.DIST($A60-1*$B$6,$B$5,FALSE),0) | T60: =IF($A60-2*$B$6>=0,_xlfn.POISSON.DIST($A60-2*$B$6,$B$5,FALSE),0) | U60: =IF($A60-3*$B$6>=0,_xlfn.POISSON.DIST($A60-3*$B$6,$B$5,FALSE),0) | V60: =IF($A60-4*$B$6>=0,_xlfn.POISSON.DIST($A60-4*$B$6,$B$5,FALSE),0) | W60: =IF($A60-5*$B$6>=0,_xlfn.POISSON.DIST($A60-5*$B$6,$B$5,FALSE),0) | X60: =IF($A60-6*$B$6>=0,_xlfn.POISSON.DIST($A60-6*$B$6,$B$5,FALSE),0) | Y60: =IF($A60-7*$B$6>=0,_xlfn.POISSON.DIST($A60-7*$B$6,$B$5,FALSE),0) | Z60: =IF($A60-8*$B$6>=0,_xlfn.POISSON.DIST($A60-8*$B$6,$B$5,FALSE),0) | AA60: =IF($A60-9*$B$6>=0,_xlfn.POISSON.DIST($A60-9*$B$6,$B$5,FALSE),0) | AB60: =IF($A60-10*$B$6>=0,_xlfn.POISSON.DIST($A60-10*$B$6,$B$5,FALSE),0) | AC60: =IF($A60-11*$B$6>=0,_xlfn.POISSON.DIST($A60-11*$B$6,$B$5,FALSE),0) | AD60: =IF($A60-12*$B$6>=0,_xlfn.POISSON.DIST($A60-12*$B$6,$B$5,FALSE),0) | AE60: =IF($A60-13*$B$6>=0,_xlfn.POISSON.DIST($A60-13*$B$6,$B$5,FALSE),0) | AF60: =IF($A60-14*$B$6>=0,_xlfn.POISSON.DIST($A60-14*$B$6,$B$5,FALSE),0)
A61: 29 | B61: =SUMPRODUCT(R61:AF61,$R$29:$AF$29) | C61: =C60+B61 | D61: =D60-(1-C60) | E61: =E60-D61 | F61: =F60*($C$17+29-1)*(1-$C$16)/29 | G61: =G60+F61 | H61: =H60-(1-G60) | I61: =I60-H61 | J61: =J60*($D$17+29-1)*(1-$D$16)/29 | K61: =K60+J61 | L61: =L60-(1-K60) | M61: =M60-L61 | N61: 29 | O61: =$B$8*(($B$7+1)/2+N61-$B$14+(INDEX(GenExactLossTwo,N61+1)-INDEX(GenExactLossTwo,N61+$B$7+1))/$B$7)+$B$9*(INDEX(GenExactLossTwo,N61+1)-INDEX(GenExactLossTwo,N61+$B$7+1))/$B$7 | P61: =$B$8*(($B$7+1)/2+N61-$C$14+(INDEX(GenRecipeLossTwo,N61+1)-INDEX(GenRecipeLossTwo,N61+$B$7+1))/$B$7)+$B$9*(INDEX(GenRecipeLossTwo,N61+1)-INDEX(GenRecipeLossTwo,N61+$B$7+1))/$B$7 | Q61: =$B$8*(($B$7+1)/2+N61-$D$14+(INDEX(GenShortcutLossTwo,N61+1)-INDEX(GenShortcutLossTwo,N61+$B$7+1))/$B$7)+$B$9*(INDEX(GenShortcutLossTwo,N61+1)-INDEX(GenShortcutLossTwo,N61+$B$7+1))/$B$7 | R61: =IF($A61-0*$B$6>=0,_xlfn.POISSON.DIST($A61-0*$B$6,$B$5,FALSE),0) | S61: =IF($A61-1*$B$6>=0,_xlfn.POISSON.DIST($A61-1*$B$6,$B$5,FALSE),0) | T61: =IF($A61-2*$B$6>=0,_xlfn.POISSON.DIST($A61-2*$B$6,$B$5,FALSE),0) | U61: =IF($A61-3*$B$6>=0,_xlfn.POISSON.DIST($A61-3*$B$6,$B$5,FALSE),0) | V61: =IF($A61-4*$B$6>=0,_xlfn.POISSON.DIST($A61-4*$B$6,$B$5,FALSE),0) | W61: =IF($A61-5*$B$6>=0,_xlfn.POISSON.DIST($A61-5*$B$6,$B$5,FALSE),0) | X61: =IF($A61-6*$B$6>=0,_xlfn.POISSON.DIST($A61-6*$B$6,$B$5,FALSE),0) | Y61: =IF($A61-7*$B$6>=0,_xlfn.POISSON.DIST($A61-7*$B$6,$B$5,FALSE),0) | Z61: =IF($A61-8*$B$6>=0,_xlfn.POISSON.DIST($A61-8*$B$6,$B$5,FALSE),0) | AA61: =IF($A61-9*$B$6>=0,_xlfn.POISSON.DIST($A61-9*$B$6,$B$5,FALSE),0) | AB61: =IF($A61-10*$B$6>=0,_xlfn.POISSON.DIST($A61-10*$B$6,$B$5,FALSE),0) | AC61: =IF($A61-11*$B$6>=0,_xlfn.POISSON.DIST($A61-11*$B$6,$B$5,FALSE),0) | AD61: =IF($A61-12*$B$6>=0,_xlfn.POISSON.DIST($A61-12*$B$6,$B$5,FALSE),0) | AE61: =IF($A61-13*$B$6>=0,_xlfn.POISSON.DIST($A61-13*$B$6,$B$5,FALSE),0) | AF61: =IF($A61-14*$B$6>=0,_xlfn.POISSON.DIST($A61-14*$B$6,$B$5,FALSE),0)
A62: 30 | B62: =SUMPRODUCT(R62:AF62,$R$29:$AF$29) | C62: =C61+B62 | D62: =D61-(1-C61) | E62: =E61-D62 | F62: =F61*($C$17+30-1)*(1-$C$16)/30 | G62: =G61+F62 | H62: =H61-(1-G61) | I62: =I61-H62 | J62: =J61*($D$17+30-1)*(1-$D$16)/30 | K62: =K61+J62 | L62: =L61-(1-K61) | M62: =M61-L62 | N62: 30 | O62: =$B$8*(($B$7+1)/2+N62-$B$14+(INDEX(GenExactLossTwo,N62+1)-INDEX(GenExactLossTwo,N62+$B$7+1))/$B$7)+$B$9*(INDEX(GenExactLossTwo,N62+1)-INDEX(GenExactLossTwo,N62+$B$7+1))/$B$7 | P62: =$B$8*(($B$7+1)/2+N62-$C$14+(INDEX(GenRecipeLossTwo,N62+1)-INDEX(GenRecipeLossTwo,N62+$B$7+1))/$B$7)+$B$9*(INDEX(GenRecipeLossTwo,N62+1)-INDEX(GenRecipeLossTwo,N62+$B$7+1))/$B$7 | Q62: =$B$8*(($B$7+1)/2+N62-$D$14+(INDEX(GenShortcutLossTwo,N62+1)-INDEX(GenShortcutLossTwo,N62+$B$7+1))/$B$7)+$B$9*(INDEX(GenShortcutLossTwo,N62+1)-INDEX(GenShortcutLossTwo,N62+$B$7+1))/$B$7 | R62: =IF($A62-0*$B$6>=0,_xlfn.POISSON.DIST($A62-0*$B$6,$B$5,FALSE),0) | S62: =IF($A62-1*$B$6>=0,_xlfn.POISSON.DIST($A62-1*$B$6,$B$5,FALSE),0) | T62: =IF($A62-2*$B$6>=0,_xlfn.POISSON.DIST($A62-2*$B$6,$B$5,FALSE),0) | U62: =IF($A62-3*$B$6>=0,_xlfn.POISSON.DIST($A62-3*$B$6,$B$5,FALSE),0) | V62: =IF($A62-4*$B$6>=0,_xlfn.POISSON.DIST($A62-4*$B$6,$B$5,FALSE),0) | W62: =IF($A62-5*$B$6>=0,_xlfn.POISSON.DIST($A62-5*$B$6,$B$5,FALSE),0) | X62: =IF($A62-6*$B$6>=0,_xlfn.POISSON.DIST($A62-6*$B$6,$B$5,FALSE),0) | Y62: =IF($A62-7*$B$6>=0,_xlfn.POISSON.DIST($A62-7*$B$6,$B$5,FALSE),0) | Z62: =IF($A62-8*$B$6>=0,_xlfn.POISSON.DIST($A62-8*$B$6,$B$5,FALSE),0) | AA62: =IF($A62-9*$B$6>=0,_xlfn.POISSON.DIST($A62-9*$B$6,$B$5,FALSE),0) | AB62: =IF($A62-10*$B$6>=0,_xlfn.POISSON.DIST($A62-10*$B$6,$B$5,FALSE),0) | AC62: =IF($A62-11*$B$6>=0,_xlfn.POISSON.DIST($A62-11*$B$6,$B$5,FALSE),0) | AD62: =IF($A62-12*$B$6>=0,_xlfn.POISSON.DIST($A62-12*$B$6,$B$5,FALSE),0) | AE62: =IF($A62-13*$B$6>=0,_xlfn.POISSON.DIST($A62-13*$B$6,$B$5,FALSE),0) | AF62: =IF($A62-14*$B$6>=0,_xlfn.POISSON.DIST($A62-14*$B$6,$B$5,FALSE),0)
A63: 31 | B63: =SUMPRODUCT(R63:AF63,$R$29:$AF$29) | C63: =C62+B63 | D63: =D62-(1-C62) | E63: =E62-D63 | F63: =F62*($C$17+31-1)*(1-$C$16)/31 | G63: =G62+F63 | H63: =H62-(1-G62) | I63: =I62-H63 | J63: =J62*($D$17+31-1)*(1-$D$16)/31 | K63: =K62+J63 | L63: =L62-(1-K62) | M63: =M62-L63 | R63: =IF($A63-0*$B$6>=0,_xlfn.POISSON.DIST($A63-0*$B$6,$B$5,FALSE),0) | S63: =IF($A63-1*$B$6>=0,_xlfn.POISSON.DIST($A63-1*$B$6,$B$5,FALSE),0) | T63: =IF($A63-2*$B$6>=0,_xlfn.POISSON.DIST($A63-2*$B$6,$B$5,FALSE),0) | U63: =IF($A63-3*$B$6>=0,_xlfn.POISSON.DIST($A63-3*$B$6,$B$5,FALSE),0) | V63: =IF($A63-4*$B$6>=0,_xlfn.POISSON.DIST($A63-4*$B$6,$B$5,FALSE),0) | W63: =IF($A63-5*$B$6>=0,_xlfn.POISSON.DIST($A63-5*$B$6,$B$5,FALSE),0) | X63: =IF($A63-6*$B$6>=0,_xlfn.POISSON.DIST($A63-6*$B$6,$B$5,FALSE),0) | Y63: =IF($A63-7*$B$6>=0,_xlfn.POISSON.DIST($A63-7*$B$6,$B$5,FALSE),0) | Z63: =IF($A63-8*$B$6>=0,_xlfn.POISSON.DIST($A63-8*$B$6,$B$5,FALSE),0) | AA63: =IF($A63-9*$B$6>=0,_xlfn.POISSON.DIST($A63-9*$B$6,$B$5,FALSE),0) | AB63: =IF($A63-10*$B$6>=0,_xlfn.POISSON.DIST($A63-10*$B$6,$B$5,FALSE),0) | AC63: =IF($A63-11*$B$6>=0,_xlfn.POISSON.DIST($A63-11*$B$6,$B$5,FALSE),0) | AD63: =IF($A63-12*$B$6>=0,_xlfn.POISSON.DIST($A63-12*$B$6,$B$5,FALSE),0) | AE63: =IF($A63-13*$B$6>=0,_xlfn.POISSON.DIST($A63-13*$B$6,$B$5,FALSE),0) | AF63: =IF($A63-14*$B$6>=0,_xlfn.POISSON.DIST($A63-14*$B$6,$B$5,FALSE),0)
A64: 32 | B64: =SUMPRODUCT(R64:AF64,$R$29:$AF$29) | C64: =C63+B64 | D64: =D63-(1-C63) | E64: =E63-D64 | F64: =F63*($C$17+32-1)*(1-$C$16)/32 | G64: =G63+F64 | H64: =H63-(1-G63) | I64: =I63-H64 | J64: =J63*($D$17+32-1)*(1-$D$16)/32 | K64: =K63+J64 | L64: =L63-(1-K63) | M64: =M63-L64 | R64: =IF($A64-0*$B$6>=0,_xlfn.POISSON.DIST($A64-0*$B$6,$B$5,FALSE),0) | S64: =IF($A64-1*$B$6>=0,_xlfn.POISSON.DIST($A64-1*$B$6,$B$5,FALSE),0) | T64: =IF($A64-2*$B$6>=0,_xlfn.POISSON.DIST($A64-2*$B$6,$B$5,FALSE),0) | U64: =IF($A64-3*$B$6>=0,_xlfn.POISSON.DIST($A64-3*$B$6,$B$5,FALSE),0) | V64: =IF($A64-4*$B$6>=0,_xlfn.POISSON.DIST($A64-4*$B$6,$B$5,FALSE),0) | W64: =IF($A64-5*$B$6>=0,_xlfn.POISSON.DIST($A64-5*$B$6,$B$5,FALSE),0) | X64: =IF($A64-6*$B$6>=0,_xlfn.POISSON.DIST($A64-6*$B$6,$B$5,FALSE),0) | Y64: =IF($A64-7*$B$6>=0,_xlfn.POISSON.DIST($A64-7*$B$6,$B$5,FALSE),0) | Z64: =IF($A64-8*$B$6>=0,_xlfn.POISSON.DIST($A64-8*$B$6,$B$5,FALSE),0) | AA64: =IF($A64-9*$B$6>=0,_xlfn.POISSON.DIST($A64-9*$B$6,$B$5,FALSE),0) | AB64: =IF($A64-10*$B$6>=0,_xlfn.POISSON.DIST($A64-10*$B$6,$B$5,FALSE),0) | AC64: =IF($A64-11*$B$6>=0,_xlfn.POISSON.DIST($A64-11*$B$6,$B$5,FALSE),0) | AD64: =IF($A64-12*$B$6>=0,_xlfn.POISSON.DIST($A64-12*$B$6,$B$5,FALSE),0) | AE64: =IF($A64-13*$B$6>=0,_xlfn.POISSON.DIST($A64-13*$B$6,$B$5,FALSE),0) | AF64: =IF($A64-14*$B$6>=0,_xlfn.POISSON.DIST($A64-14*$B$6,$B$5,FALSE),0)
A65: 33 | B65: =SUMPRODUCT(R65:AF65,$R$29:$AF$29) | C65: =C64+B65 | D65: =D64-(1-C64) | E65: =E64-D65 | F65: =F64*($C$17+33-1)*(1-$C$16)/33 | G65: =G64+F65 | H65: =H64-(1-G64) | I65: =I64-H65 | J65: =J64*($D$17+33-1)*(1-$D$16)/33 | K65: =K64+J65 | L65: =L64-(1-K64) | M65: =M64-L65 | R65: =IF($A65-0*$B$6>=0,_xlfn.POISSON.DIST($A65-0*$B$6,$B$5,FALSE),0) | S65: =IF($A65-1*$B$6>=0,_xlfn.POISSON.DIST($A65-1*$B$6,$B$5,FALSE),0) | T65: =IF($A65-2*$B$6>=0,_xlfn.POISSON.DIST($A65-2*$B$6,$B$5,FALSE),0) | U65: =IF($A65-3*$B$6>=0,_xlfn.POISSON.DIST($A65-3*$B$6,$B$5,FALSE),0) | V65: =IF($A65-4*$B$6>=0,_xlfn.POISSON.DIST($A65-4*$B$6,$B$5,FALSE),0) | W65: =IF($A65-5*$B$6>=0,_xlfn.POISSON.DIST($A65-5*$B$6,$B$5,FALSE),0) | X65: =IF($A65-6*$B$6>=0,_xlfn.POISSON.DIST($A65-6*$B$6,$B$5,FALSE),0) | Y65: =IF($A65-7*$B$6>=0,_xlfn.POISSON.DIST($A65-7*$B$6,$B$5,FALSE),0) | Z65: =IF($A65-8*$B$6>=0,_xlfn.POISSON.DIST($A65-8*$B$6,$B$5,FALSE),0) | AA65: =IF($A65-9*$B$6>=0,_xlfn.POISSON.DIST($A65-9*$B$6,$B$5,FALSE),0) | AB65: =IF($A65-10*$B$6>=0,_xlfn.POISSON.DIST($A65-10*$B$6,$B$5,FALSE),0) | AC65: =IF($A65-11*$B$6>=0,_xlfn.POISSON.DIST($A65-11*$B$6,$B$5,FALSE),0) | AD65: =IF($A65-12*$B$6>=0,_xlfn.POISSON.DIST($A65-12*$B$6,$B$5,FALSE),0) | AE65: =IF($A65-13*$B$6>=0,_xlfn.POISSON.DIST($A65-13*$B$6,$B$5,FALSE),0) | AF65: =IF($A65-14*$B$6>=0,_xlfn.POISSON.DIST($A65-14*$B$6,$B$5,FALSE),0)
A66: 34 | B66: =SUMPRODUCT(R66:AF66,$R$29:$AF$29) | C66: =C65+B66 | D66: =D65-(1-C65) | E66: =E65-D66 | F66: =F65*($C$17+34-1)*(1-$C$16)/34 | G66: =G65+F66 | H66: =H65-(1-G65) | I66: =I65-H66 | J66: =J65*($D$17+34-1)*(1-$D$16)/34 | K66: =K65+J66 | L66: =L65-(1-K65) | M66: =M65-L66 | R66: =IF($A66-0*$B$6>=0,_xlfn.POISSON.DIST($A66-0*$B$6,$B$5,FALSE),0) | S66: =IF($A66-1*$B$6>=0,_xlfn.POISSON.DIST($A66-1*$B$6,$B$5,FALSE),0) | T66: =IF($A66-2*$B$6>=0,_xlfn.POISSON.DIST($A66-2*$B$6,$B$5,FALSE),0) | U66: =IF($A66-3*$B$6>=0,_xlfn.POISSON.DIST($A66-3*$B$6,$B$5,FALSE),0) | V66: =IF($A66-4*$B$6>=0,_xlfn.POISSON.DIST($A66-4*$B$6,$B$5,FALSE),0) | W66: =IF($A66-5*$B$6>=0,_xlfn.POISSON.DIST($A66-5*$B$6,$B$5,FALSE),0) | X66: =IF($A66-6*$B$6>=0,_xlfn.POISSON.DIST($A66-6*$B$6,$B$5,FALSE),0) | Y66: =IF($A66-7*$B$6>=0,_xlfn.POISSON.DIST($A66-7*$B$6,$B$5,FALSE),0) | Z66: =IF($A66-8*$B$6>=0,_xlfn.POISSON.DIST($A66-8*$B$6,$B$5,FALSE),0) | AA66: =IF($A66-9*$B$6>=0,_xlfn.POISSON.DIST($A66-9*$B$6,$B$5,FALSE),0) | AB66: =IF($A66-10*$B$6>=0,_xlfn.POISSON.DIST($A66-10*$B$6,$B$5,FALSE),0) | AC66: =IF($A66-11*$B$6>=0,_xlfn.POISSON.DIST($A66-11*$B$6,$B$5,FALSE),0) | AD66: =IF($A66-12*$B$6>=0,_xlfn.POISSON.DIST($A66-12*$B$6,$B$5,FALSE),0) | AE66: =IF($A66-13*$B$6>=0,_xlfn.POISSON.DIST($A66-13*$B$6,$B$5,FALSE),0) | AF66: =IF($A66-14*$B$6>=0,_xlfn.POISSON.DIST($A66-14*$B$6,$B$5,FALSE),0)
A67: 35 | B67: =SUMPRODUCT(R67:AF67,$R$29:$AF$29) | C67: =C66+B67 | D67: =D66-(1-C66) | E67: =E66-D67 | F67: =F66*($C$17+35-1)*(1-$C$16)/35 | G67: =G66+F67 | H67: =H66-(1-G66) | I67: =I66-H67 | J67: =J66*($D$17+35-1)*(1-$D$16)/35 | K67: =K66+J67 | L67: =L66-(1-K66) | M67: =M66-L67 | R67: =IF($A67-0*$B$6>=0,_xlfn.POISSON.DIST($A67-0*$B$6,$B$5,FALSE),0) | S67: =IF($A67-1*$B$6>=0,_xlfn.POISSON.DIST($A67-1*$B$6,$B$5,FALSE),0) | T67: =IF($A67-2*$B$6>=0,_xlfn.POISSON.DIST($A67-2*$B$6,$B$5,FALSE),0) | U67: =IF($A67-3*$B$6>=0,_xlfn.POISSON.DIST($A67-3*$B$6,$B$5,FALSE),0) | V67: =IF($A67-4*$B$6>=0,_xlfn.POISSON.DIST($A67-4*$B$6,$B$5,FALSE),0) | W67: =IF($A67-5*$B$6>=0,_xlfn.POISSON.DIST($A67-5*$B$6,$B$5,FALSE),0) | X67: =IF($A67-6*$B$6>=0,_xlfn.POISSON.DIST($A67-6*$B$6,$B$5,FALSE),0) | Y67: =IF($A67-7*$B$6>=0,_xlfn.POISSON.DIST($A67-7*$B$6,$B$5,FALSE),0) | Z67: =IF($A67-8*$B$6>=0,_xlfn.POISSON.DIST($A67-8*$B$6,$B$5,FALSE),0) | AA67: =IF($A67-9*$B$6>=0,_xlfn.POISSON.DIST($A67-9*$B$6,$B$5,FALSE),0) | AB67: =IF($A67-10*$B$6>=0,_xlfn.POISSON.DIST($A67-10*$B$6,$B$5,FALSE),0) | AC67: =IF($A67-11*$B$6>=0,_xlfn.POISSON.DIST($A67-11*$B$6,$B$5,FALSE),0) | AD67: =IF($A67-12*$B$6>=0,_xlfn.POISSON.DIST($A67-12*$B$6,$B$5,FALSE),0) | AE67: =IF($A67-13*$B$6>=0,_xlfn.POISSON.DIST($A67-13*$B$6,$B$5,FALSE),0) | AF67: =IF($A67-14*$B$6>=0,_xlfn.POISSON.DIST($A67-14*$B$6,$B$5,FALSE),0)
A68: 36 | B68: =SUMPRODUCT(R68:AF68,$R$29:$AF$29) | C68: =C67+B68 | D68: =D67-(1-C67) | E68: =E67-D68 | F68: =F67*($C$17+36-1)*(1-$C$16)/36 | G68: =G67+F68 | H68: =H67-(1-G67) | I68: =I67-H68 | J68: =J67*($D$17+36-1)*(1-$D$16)/36 | K68: =K67+J68 | L68: =L67-(1-K67) | M68: =M67-L68 | R68: =IF($A68-0*$B$6>=0,_xlfn.POISSON.DIST($A68-0*$B$6,$B$5,FALSE),0) | S68: =IF($A68-1*$B$6>=0,_xlfn.POISSON.DIST($A68-1*$B$6,$B$5,FALSE),0) | T68: =IF($A68-2*$B$6>=0,_xlfn.POISSON.DIST($A68-2*$B$6,$B$5,FALSE),0) | U68: =IF($A68-3*$B$6>=0,_xlfn.POISSON.DIST($A68-3*$B$6,$B$5,FALSE),0) | V68: =IF($A68-4*$B$6>=0,_xlfn.POISSON.DIST($A68-4*$B$6,$B$5,FALSE),0) | W68: =IF($A68-5*$B$6>=0,_xlfn.POISSON.DIST($A68-5*$B$6,$B$5,FALSE),0) | X68: =IF($A68-6*$B$6>=0,_xlfn.POISSON.DIST($A68-6*$B$6,$B$5,FALSE),0) | Y68: =IF($A68-7*$B$6>=0,_xlfn.POISSON.DIST($A68-7*$B$6,$B$5,FALSE),0) | Z68: =IF($A68-8*$B$6>=0,_xlfn.POISSON.DIST($A68-8*$B$6,$B$5,FALSE),0) | AA68: =IF($A68-9*$B$6>=0,_xlfn.POISSON.DIST($A68-9*$B$6,$B$5,FALSE),0) | AB68: =IF($A68-10*$B$6>=0,_xlfn.POISSON.DIST($A68-10*$B$6,$B$5,FALSE),0) | AC68: =IF($A68-11*$B$6>=0,_xlfn.POISSON.DIST($A68-11*$B$6,$B$5,FALSE),0) | AD68: =IF($A68-12*$B$6>=0,_xlfn.POISSON.DIST($A68-12*$B$6,$B$5,FALSE),0) | AE68: =IF($A68-13*$B$6>=0,_xlfn.POISSON.DIST($A68-13*$B$6,$B$5,FALSE),0) | AF68: =IF($A68-14*$B$6>=0,_xlfn.POISSON.DIST($A68-14*$B$6,$B$5,FALSE),0)
A69: 37 | B69: =SUMPRODUCT(R69:AF69,$R$29:$AF$29) | C69: =C68+B69 | D69: =D68-(1-C68) | E69: =E68-D69 | F69: =F68*($C$17+37-1)*(1-$C$16)/37 | G69: =G68+F69 | H69: =H68-(1-G68) | I69: =I68-H69 | J69: =J68*($D$17+37-1)*(1-$D$16)/37 | K69: =K68+J69 | L69: =L68-(1-K68) | M69: =M68-L69 | R69: =IF($A69-0*$B$6>=0,_xlfn.POISSON.DIST($A69-0*$B$6,$B$5,FALSE),0) | S69: =IF($A69-1*$B$6>=0,_xlfn.POISSON.DIST($A69-1*$B$6,$B$5,FALSE),0) | T69: =IF($A69-2*$B$6>=0,_xlfn.POISSON.DIST($A69-2*$B$6,$B$5,FALSE),0) | U69: =IF($A69-3*$B$6>=0,_xlfn.POISSON.DIST($A69-3*$B$6,$B$5,FALSE),0) | V69: =IF($A69-4*$B$6>=0,_xlfn.POISSON.DIST($A69-4*$B$6,$B$5,FALSE),0) | W69: =IF($A69-5*$B$6>=0,_xlfn.POISSON.DIST($A69-5*$B$6,$B$5,FALSE),0) | X69: =IF($A69-6*$B$6>=0,_xlfn.POISSON.DIST($A69-6*$B$6,$B$5,FALSE),0) | Y69: =IF($A69-7*$B$6>=0,_xlfn.POISSON.DIST($A69-7*$B$6,$B$5,FALSE),0) | Z69: =IF($A69-8*$B$6>=0,_xlfn.POISSON.DIST($A69-8*$B$6,$B$5,FALSE),0) | AA69: =IF($A69-9*$B$6>=0,_xlfn.POISSON.DIST($A69-9*$B$6,$B$5,FALSE),0) | AB69: =IF($A69-10*$B$6>=0,_xlfn.POISSON.DIST($A69-10*$B$6,$B$5,FALSE),0) | AC69: =IF($A69-11*$B$6>=0,_xlfn.POISSON.DIST($A69-11*$B$6,$B$5,FALSE),0) | AD69: =IF($A69-12*$B$6>=0,_xlfn.POISSON.DIST($A69-12*$B$6,$B$5,FALSE),0) | AE69: =IF($A69-13*$B$6>=0,_xlfn.POISSON.DIST($A69-13*$B$6,$B$5,FALSE),0) | AF69: =IF($A69-14*$B$6>=0,_xlfn.POISSON.DIST($A69-14*$B$6,$B$5,FALSE),0)
A70: 38 | B70: =SUMPRODUCT(R70:AF70,$R$29:$AF$29) | C70: =C69+B70 | D70: =D69-(1-C69) | E70: =E69-D70 | F70: =F69*($C$17+38-1)*(1-$C$16)/38 | G70: =G69+F70 | H70: =H69-(1-G69) | I70: =I69-H70 | J70: =J69*($D$17+38-1)*(1-$D$16)/38 | K70: =K69+J70 | L70: =L69-(1-K69) | M70: =M69-L70 | R70: =IF($A70-0*$B$6>=0,_xlfn.POISSON.DIST($A70-0*$B$6,$B$5,FALSE),0) | S70: =IF($A70-1*$B$6>=0,_xlfn.POISSON.DIST($A70-1*$B$6,$B$5,FALSE),0) | T70: =IF($A70-2*$B$6>=0,_xlfn.POISSON.DIST($A70-2*$B$6,$B$5,FALSE),0) | U70: =IF($A70-3*$B$6>=0,_xlfn.POISSON.DIST($A70-3*$B$6,$B$5,FALSE),0) | V70: =IF($A70-4*$B$6>=0,_xlfn.POISSON.DIST($A70-4*$B$6,$B$5,FALSE),0) | W70: =IF($A70-5*$B$6>=0,_xlfn.POISSON.DIST($A70-5*$B$6,$B$5,FALSE),0) | X70: =IF($A70-6*$B$6>=0,_xlfn.POISSON.DIST($A70-6*$B$6,$B$5,FALSE),0) | Y70: =IF($A70-7*$B$6>=0,_xlfn.POISSON.DIST($A70-7*$B$6,$B$5,FALSE),0) | Z70: =IF($A70-8*$B$6>=0,_xlfn.POISSON.DIST($A70-8*$B$6,$B$5,FALSE),0) | AA70: =IF($A70-9*$B$6>=0,_xlfn.POISSON.DIST($A70-9*$B$6,$B$5,FALSE),0) | AB70: =IF($A70-10*$B$6>=0,_xlfn.POISSON.DIST($A70-10*$B$6,$B$5,FALSE),0) | AC70: =IF($A70-11*$B$6>=0,_xlfn.POISSON.DIST($A70-11*$B$6,$B$5,FALSE),0) | AD70: =IF($A70-12*$B$6>=0,_xlfn.POISSON.DIST($A70-12*$B$6,$B$5,FALSE),0) | AE70: =IF($A70-13*$B$6>=0,_xlfn.POISSON.DIST($A70-13*$B$6,$B$5,FALSE),0) | AF70: =IF($A70-14*$B$6>=0,_xlfn.POISSON.DIST($A70-14*$B$6,$B$5,FALSE),0)
A71: 39 | B71: =SUMPRODUCT(R71:AF71,$R$29:$AF$29) | C71: =C70+B71 | D71: =D70-(1-C70) | E71: =E70-D71 | F71: =F70*($C$17+39-1)*(1-$C$16)/39 | G71: =G70+F71 | H71: =H70-(1-G70) | I71: =I70-H71 | J71: =J70*($D$17+39-1)*(1-$D$16)/39 | K71: =K70+J71 | L71: =L70-(1-K70) | M71: =M70-L71 | R71: =IF($A71-0*$B$6>=0,_xlfn.POISSON.DIST($A71-0*$B$6,$B$5,FALSE),0) | S71: =IF($A71-1*$B$6>=0,_xlfn.POISSON.DIST($A71-1*$B$6,$B$5,FALSE),0) | T71: =IF($A71-2*$B$6>=0,_xlfn.POISSON.DIST($A71-2*$B$6,$B$5,FALSE),0) | U71: =IF($A71-3*$B$6>=0,_xlfn.POISSON.DIST($A71-3*$B$6,$B$5,FALSE),0) | V71: =IF($A71-4*$B$6>=0,_xlfn.POISSON.DIST($A71-4*$B$6,$B$5,FALSE),0) | W71: =IF($A71-5*$B$6>=0,_xlfn.POISSON.DIST($A71-5*$B$6,$B$5,FALSE),0) | X71: =IF($A71-6*$B$6>=0,_xlfn.POISSON.DIST($A71-6*$B$6,$B$5,FALSE),0) | Y71: =IF($A71-7*$B$6>=0,_xlfn.POISSON.DIST($A71-7*$B$6,$B$5,FALSE),0) | Z71: =IF($A71-8*$B$6>=0,_xlfn.POISSON.DIST($A71-8*$B$6,$B$5,FALSE),0) | AA71: =IF($A71-9*$B$6>=0,_xlfn.POISSON.DIST($A71-9*$B$6,$B$5,FALSE),0) | AB71: =IF($A71-10*$B$6>=0,_xlfn.POISSON.DIST($A71-10*$B$6,$B$5,FALSE),0) | AC71: =IF($A71-11*$B$6>=0,_xlfn.POISSON.DIST($A71-11*$B$6,$B$5,FALSE),0) | AD71: =IF($A71-12*$B$6>=0,_xlfn.POISSON.DIST($A71-12*$B$6,$B$5,FALSE),0) | AE71: =IF($A71-13*$B$6>=0,_xlfn.POISSON.DIST($A71-13*$B$6,$B$5,FALSE),0) | AF71: =IF($A71-14*$B$6>=0,_xlfn.POISSON.DIST($A71-14*$B$6,$B$5,FALSE),0)
A72: 40 | B72: =SUMPRODUCT(R72:AF72,$R$29:$AF$29) | C72: =C71+B72 | D72: =D71-(1-C71) | E72: =E71-D72 | F72: =F71*($C$17+40-1)*(1-$C$16)/40 | G72: =G71+F72 | H72: =H71-(1-G71) | I72: =I71-H72 | J72: =J71*($D$17+40-1)*(1-$D$16)/40 | K72: =K71+J72 | L72: =L71-(1-K71) | M72: =M71-L72 | R72: =IF($A72-0*$B$6>=0,_xlfn.POISSON.DIST($A72-0*$B$6,$B$5,FALSE),0) | S72: =IF($A72-1*$B$6>=0,_xlfn.POISSON.DIST($A72-1*$B$6,$B$5,FALSE),0) | T72: =IF($A72-2*$B$6>=0,_xlfn.POISSON.DIST($A72-2*$B$6,$B$5,FALSE),0) | U72: =IF($A72-3*$B$6>=0,_xlfn.POISSON.DIST($A72-3*$B$6,$B$5,FALSE),0) | V72: =IF($A72-4*$B$6>=0,_xlfn.POISSON.DIST($A72-4*$B$6,$B$5,FALSE),0) | W72: =IF($A72-5*$B$6>=0,_xlfn.POISSON.DIST($A72-5*$B$6,$B$5,FALSE),0) | X72: =IF($A72-6*$B$6>=0,_xlfn.POISSON.DIST($A72-6*$B$6,$B$5,FALSE),0) | Y72: =IF($A72-7*$B$6>=0,_xlfn.POISSON.DIST($A72-7*$B$6,$B$5,FALSE),0) | Z72: =IF($A72-8*$B$6>=0,_xlfn.POISSON.DIST($A72-8*$B$6,$B$5,FALSE),0) | AA72: =IF($A72-9*$B$6>=0,_xlfn.POISSON.DIST($A72-9*$B$6,$B$5,FALSE),0) | AB72: =IF($A72-10*$B$6>=0,_xlfn.POISSON.DIST($A72-10*$B$6,$B$5,FALSE),0) | AC72: =IF($A72-11*$B$6>=0,_xlfn.POISSON.DIST($A72-11*$B$6,$B$5,FALSE),0) | AD72: =IF($A72-12*$B$6>=0,_xlfn.POISSON.DIST($A72-12*$B$6,$B$5,FALSE),0) | AE72: =IF($A72-13*$B$6>=0,_xlfn.POISSON.DIST($A72-13*$B$6,$B$5,FALSE),0) | AF72: =IF($A72-14*$B$6>=0,_xlfn.POISSON.DIST($A72-14*$B$6,$B$5,FALSE),0)
A73: 41 | B73: =SUMPRODUCT(R73:AF73,$R$29:$AF$29) | C73: =C72+B73 | D73: =D72-(1-C72) | E73: =E72-D73 | F73: =F72*($C$17+41-1)*(1-$C$16)/41 | G73: =G72+F73 | H73: =H72-(1-G72) | I73: =I72-H73 | J73: =J72*($D$17+41-1)*(1-$D$16)/41 | K73: =K72+J73 | L73: =L72-(1-K72) | M73: =M72-L73 | R73: =IF($A73-0*$B$6>=0,_xlfn.POISSON.DIST($A73-0*$B$6,$B$5,FALSE),0) | S73: =IF($A73-1*$B$6>=0,_xlfn.POISSON.DIST($A73-1*$B$6,$B$5,FALSE),0) | T73: =IF($A73-2*$B$6>=0,_xlfn.POISSON.DIST($A73-2*$B$6,$B$5,FALSE),0) | U73: =IF($A73-3*$B$6>=0,_xlfn.POISSON.DIST($A73-3*$B$6,$B$5,FALSE),0) | V73: =IF($A73-4*$B$6>=0,_xlfn.POISSON.DIST($A73-4*$B$6,$B$5,FALSE),0) | W73: =IF($A73-5*$B$6>=0,_xlfn.POISSON.DIST($A73-5*$B$6,$B$5,FALSE),0) | X73: =IF($A73-6*$B$6>=0,_xlfn.POISSON.DIST($A73-6*$B$6,$B$5,FALSE),0) | Y73: =IF($A73-7*$B$6>=0,_xlfn.POISSON.DIST($A73-7*$B$6,$B$5,FALSE),0) | Z73: =IF($A73-8*$B$6>=0,_xlfn.POISSON.DIST($A73-8*$B$6,$B$5,FALSE),0) | AA73: =IF($A73-9*$B$6>=0,_xlfn.POISSON.DIST($A73-9*$B$6,$B$5,FALSE),0) | AB73: =IF($A73-10*$B$6>=0,_xlfn.POISSON.DIST($A73-10*$B$6,$B$5,FALSE),0) | AC73: =IF($A73-11*$B$6>=0,_xlfn.POISSON.DIST($A73-11*$B$6,$B$5,FALSE),0) | AD73: =IF($A73-12*$B$6>=0,_xlfn.POISSON.DIST($A73-12*$B$6,$B$5,FALSE),0) | AE73: =IF($A73-13*$B$6>=0,_xlfn.POISSON.DIST($A73-13*$B$6,$B$5,FALSE),0) | AF73: =IF($A73-14*$B$6>=0,_xlfn.POISSON.DIST($A73-14*$B$6,$B$5,FALSE),0)
A74: 42 | B74: =SUMPRODUCT(R74:AF74,$R$29:$AF$29) | C74: =C73+B74 | D74: =D73-(1-C73) | E74: =E73-D74 | F74: =F73*($C$17+42-1)*(1-$C$16)/42 | G74: =G73+F74 | H74: =H73-(1-G73) | I74: =I73-H74 | J74: =J73*($D$17+42-1)*(1-$D$16)/42 | K74: =K73+J74 | L74: =L73-(1-K73) | M74: =M73-L74 | R74: =IF($A74-0*$B$6>=0,_xlfn.POISSON.DIST($A74-0*$B$6,$B$5,FALSE),0) | S74: =IF($A74-1*$B$6>=0,_xlfn.POISSON.DIST($A74-1*$B$6,$B$5,FALSE),0) | T74: =IF($A74-2*$B$6>=0,_xlfn.POISSON.DIST($A74-2*$B$6,$B$5,FALSE),0) | U74: =IF($A74-3*$B$6>=0,_xlfn.POISSON.DIST($A74-3*$B$6,$B$5,FALSE),0) | V74: =IF($A74-4*$B$6>=0,_xlfn.POISSON.DIST($A74-4*$B$6,$B$5,FALSE),0) | W74: =IF($A74-5*$B$6>=0,_xlfn.POISSON.DIST($A74-5*$B$6,$B$5,FALSE),0) | X74: =IF($A74-6*$B$6>=0,_xlfn.POISSON.DIST($A74-6*$B$6,$B$5,FALSE),0) | Y74: =IF($A74-7*$B$6>=0,_xlfn.POISSON.DIST($A74-7*$B$6,$B$5,FALSE),0) | Z74: =IF($A74-8*$B$6>=0,_xlfn.POISSON.DIST($A74-8*$B$6,$B$5,FALSE),0) | AA74: =IF($A74-9*$B$6>=0,_xlfn.POISSON.DIST($A74-9*$B$6,$B$5,FALSE),0) | AB74: =IF($A74-10*$B$6>=0,_xlfn.POISSON.DIST($A74-10*$B$6,$B$5,FALSE),0) | AC74: =IF($A74-11*$B$6>=0,_xlfn.POISSON.DIST($A74-11*$B$6,$B$5,FALSE),0) | AD74: =IF($A74-12*$B$6>=0,_xlfn.POISSON.DIST($A74-12*$B$6,$B$5,FALSE),0) | AE74: =IF($A74-13*$B$6>=0,_xlfn.POISSON.DIST($A74-13*$B$6,$B$5,FALSE),0) | AF74: =IF($A74-14*$B$6>=0,_xlfn.POISSON.DIST($A74-14*$B$6,$B$5,FALSE),0)
A75: 43 | B75: =SUMPRODUCT(R75:AF75,$R$29:$AF$29) | C75: =C74+B75 | D75: =D74-(1-C74) | E75: =E74-D75 | F75: =F74*($C$17+43-1)*(1-$C$16)/43 | G75: =G74+F75 | H75: =H74-(1-G74) | I75: =I74-H75 | J75: =J74*($D$17+43-1)*(1-$D$16)/43 | K75: =K74+J75 | L75: =L74-(1-K74) | M75: =M74-L75 | R75: =IF($A75-0*$B$6>=0,_xlfn.POISSON.DIST($A75-0*$B$6,$B$5,FALSE),0) | S75: =IF($A75-1*$B$6>=0,_xlfn.POISSON.DIST($A75-1*$B$6,$B$5,FALSE),0) | T75: =IF($A75-2*$B$6>=0,_xlfn.POISSON.DIST($A75-2*$B$6,$B$5,FALSE),0) | U75: =IF($A75-3*$B$6>=0,_xlfn.POISSON.DIST($A75-3*$B$6,$B$5,FALSE),0) | V75: =IF($A75-4*$B$6>=0,_xlfn.POISSON.DIST($A75-4*$B$6,$B$5,FALSE),0) | W75: =IF($A75-5*$B$6>=0,_xlfn.POISSON.DIST($A75-5*$B$6,$B$5,FALSE),0) | X75: =IF($A75-6*$B$6>=0,_xlfn.POISSON.DIST($A75-6*$B$6,$B$5,FALSE),0) | Y75: =IF($A75-7*$B$6>=0,_xlfn.POISSON.DIST($A75-7*$B$6,$B$5,FALSE),0) | Z75: =IF($A75-8*$B$6>=0,_xlfn.POISSON.DIST($A75-8*$B$6,$B$5,FALSE),0) | AA75: =IF($A75-9*$B$6>=0,_xlfn.POISSON.DIST($A75-9*$B$6,$B$5,FALSE),0) | AB75: =IF($A75-10*$B$6>=0,_xlfn.POISSON.DIST($A75-10*$B$6,$B$5,FALSE),0) | AC75: =IF($A75-11*$B$6>=0,_xlfn.POISSON.DIST($A75-11*$B$6,$B$5,FALSE),0) | AD75: =IF($A75-12*$B$6>=0,_xlfn.POISSON.DIST($A75-12*$B$6,$B$5,FALSE),0) | AE75: =IF($A75-13*$B$6>=0,_xlfn.POISSON.DIST($A75-13*$B$6,$B$5,FALSE),0) | AF75: =IF($A75-14*$B$6>=0,_xlfn.POISSON.DIST($A75-14*$B$6,$B$5,FALSE),0)
A76: 44 | B76: =SUMPRODUCT(R76:AF76,$R$29:$AF$29) | C76: =C75+B76 | D76: =D75-(1-C75) | E76: =E75-D76 | F76: =F75*($C$17+44-1)*(1-$C$16)/44 | G76: =G75+F76 | H76: =H75-(1-G75) | I76: =I75-H76 | J76: =J75*($D$17+44-1)*(1-$D$16)/44 | K76: =K75+J76 | L76: =L75-(1-K75) | M76: =M75-L76 | R76: =IF($A76-0*$B$6>=0,_xlfn.POISSON.DIST($A76-0*$B$6,$B$5,FALSE),0) | S76: =IF($A76-1*$B$6>=0,_xlfn.POISSON.DIST($A76-1*$B$6,$B$5,FALSE),0) | T76: =IF($A76-2*$B$6>=0,_xlfn.POISSON.DIST($A76-2*$B$6,$B$5,FALSE),0) | U76: =IF($A76-3*$B$6>=0,_xlfn.POISSON.DIST($A76-3*$B$6,$B$5,FALSE),0) | V76: =IF($A76-4*$B$6>=0,_xlfn.POISSON.DIST($A76-4*$B$6,$B$5,FALSE),0) | W76: =IF($A76-5*$B$6>=0,_xlfn.POISSON.DIST($A76-5*$B$6,$B$5,FALSE),0) | X76: =IF($A76-6*$B$6>=0,_xlfn.POISSON.DIST($A76-6*$B$6,$B$5,FALSE),0) | Y76: =IF($A76-7*$B$6>=0,_xlfn.POISSON.DIST($A76-7*$B$6,$B$5,FALSE),0) | Z76: =IF($A76-8*$B$6>=0,_xlfn.POISSON.DIST($A76-8*$B$6,$B$5,FALSE),0) | AA76: =IF($A76-9*$B$6>=0,_xlfn.POISSON.DIST($A76-9*$B$6,$B$5,FALSE),0) | AB76: =IF($A76-10*$B$6>=0,_xlfn.POISSON.DIST($A76-10*$B$6,$B$5,FALSE),0) | AC76: =IF($A76-11*$B$6>=0,_xlfn.POISSON.DIST($A76-11*$B$6,$B$5,FALSE),0) | AD76: =IF($A76-12*$B$6>=0,_xlfn.POISSON.DIST($A76-12*$B$6,$B$5,FALSE),0) | AE76: =IF($A76-13*$B$6>=0,_xlfn.POISSON.DIST($A76-13*$B$6,$B$5,FALSE),0) | AF76: =IF($A76-14*$B$6>=0,_xlfn.POISSON.DIST($A76-14*$B$6,$B$5,FALSE),0)
A77: 45 | B77: =SUMPRODUCT(R77:AF77,$R$29:$AF$29) | C77: =C76+B77 | D77: =D76-(1-C76) | E77: =E76-D77 | F77: =F76*($C$17+45-1)*(1-$C$16)/45 | G77: =G76+F77 | H77: =H76-(1-G76) | I77: =I76-H77 | J77: =J76*($D$17+45-1)*(1-$D$16)/45 | K77: =K76+J77 | L77: =L76-(1-K76) | M77: =M76-L77 | R77: =IF($A77-0*$B$6>=0,_xlfn.POISSON.DIST($A77-0*$B$6,$B$5,FALSE),0) | S77: =IF($A77-1*$B$6>=0,_xlfn.POISSON.DIST($A77-1*$B$6,$B$5,FALSE),0) | T77: =IF($A77-2*$B$6>=0,_xlfn.POISSON.DIST($A77-2*$B$6,$B$5,FALSE),0) | U77: =IF($A77-3*$B$6>=0,_xlfn.POISSON.DIST($A77-3*$B$6,$B$5,FALSE),0) | V77: =IF($A77-4*$B$6>=0,_xlfn.POISSON.DIST($A77-4*$B$6,$B$5,FALSE),0) | W77: =IF($A77-5*$B$6>=0,_xlfn.POISSON.DIST($A77-5*$B$6,$B$5,FALSE),0) | X77: =IF($A77-6*$B$6>=0,_xlfn.POISSON.DIST($A77-6*$B$6,$B$5,FALSE),0) | Y77: =IF($A77-7*$B$6>=0,_xlfn.POISSON.DIST($A77-7*$B$6,$B$5,FALSE),0) | Z77: =IF($A77-8*$B$6>=0,_xlfn.POISSON.DIST($A77-8*$B$6,$B$5,FALSE),0) | AA77: =IF($A77-9*$B$6>=0,_xlfn.POISSON.DIST($A77-9*$B$6,$B$5,FALSE),0) | AB77: =IF($A77-10*$B$6>=0,_xlfn.POISSON.DIST($A77-10*$B$6,$B$5,FALSE),0) | AC77: =IF($A77-11*$B$6>=0,_xlfn.POISSON.DIST($A77-11*$B$6,$B$5,FALSE),0) | AD77: =IF($A77-12*$B$6>=0,_xlfn.POISSON.DIST($A77-12*$B$6,$B$5,FALSE),0) | AE77: =IF($A77-13*$B$6>=0,_xlfn.POISSON.DIST($A77-13*$B$6,$B$5,FALSE),0) | AF77: =IF($A77-14*$B$6>=0,_xlfn.POISSON.DIST($A77-14*$B$6,$B$5,FALSE),0)
A78: 46 | B78: =SUMPRODUCT(R78:AF78,$R$29:$AF$29) | C78: =C77+B78 | D78: =D77-(1-C77) | E78: =E77-D78 | F78: =F77*($C$17+46-1)*(1-$C$16)/46 | G78: =G77+F78 | H78: =H77-(1-G77) | I78: =I77-H78 | J78: =J77*($D$17+46-1)*(1-$D$16)/46 | K78: =K77+J78 | L78: =L77-(1-K77) | M78: =M77-L78 | R78: =IF($A78-0*$B$6>=0,_xlfn.POISSON.DIST($A78-0*$B$6,$B$5,FALSE),0) | S78: =IF($A78-1*$B$6>=0,_xlfn.POISSON.DIST($A78-1*$B$6,$B$5,FALSE),0) | T78: =IF($A78-2*$B$6>=0,_xlfn.POISSON.DIST($A78-2*$B$6,$B$5,FALSE),0) | U78: =IF($A78-3*$B$6>=0,_xlfn.POISSON.DIST($A78-3*$B$6,$B$5,FALSE),0) | V78: =IF($A78-4*$B$6>=0,_xlfn.POISSON.DIST($A78-4*$B$6,$B$5,FALSE),0) | W78: =IF($A78-5*$B$6>=0,_xlfn.POISSON.DIST($A78-5*$B$6,$B$5,FALSE),0) | X78: =IF($A78-6*$B$6>=0,_xlfn.POISSON.DIST($A78-6*$B$6,$B$5,FALSE),0) | Y78: =IF($A78-7*$B$6>=0,_xlfn.POISSON.DIST($A78-7*$B$6,$B$5,FALSE),0) | Z78: =IF($A78-8*$B$6>=0,_xlfn.POISSON.DIST($A78-8*$B$6,$B$5,FALSE),0) | AA78: =IF($A78-9*$B$6>=0,_xlfn.POISSON.DIST($A78-9*$B$6,$B$5,FALSE),0) | AB78: =IF($A78-10*$B$6>=0,_xlfn.POISSON.DIST($A78-10*$B$6,$B$5,FALSE),0) | AC78: =IF($A78-11*$B$6>=0,_xlfn.POISSON.DIST($A78-11*$B$6,$B$5,FALSE),0) | AD78: =IF($A78-12*$B$6>=0,_xlfn.POISSON.DIST($A78-12*$B$6,$B$5,FALSE),0) | AE78: =IF($A78-13*$B$6>=0,_xlfn.POISSON.DIST($A78-13*$B$6,$B$5,FALSE),0) | AF78: =IF($A78-14*$B$6>=0,_xlfn.POISSON.DIST($A78-14*$B$6,$B$5,FALSE),0)
A79: 47 | B79: =SUMPRODUCT(R79:AF79,$R$29:$AF$29) | C79: =C78+B79 | D79: =D78-(1-C78) | E79: =E78-D79 | F79: =F78*($C$17+47-1)*(1-$C$16)/47 | G79: =G78+F79 | H79: =H78-(1-G78) | I79: =I78-H79 | J79: =J78*($D$17+47-1)*(1-$D$16)/47 | K79: =K78+J79 | L79: =L78-(1-K78) | M79: =M78-L79 | R79: =IF($A79-0*$B$6>=0,_xlfn.POISSON.DIST($A79-0*$B$6,$B$5,FALSE),0) | S79: =IF($A79-1*$B$6>=0,_xlfn.POISSON.DIST($A79-1*$B$6,$B$5,FALSE),0) | T79: =IF($A79-2*$B$6>=0,_xlfn.POISSON.DIST($A79-2*$B$6,$B$5,FALSE),0) | U79: =IF($A79-3*$B$6>=0,_xlfn.POISSON.DIST($A79-3*$B$6,$B$5,FALSE),0) | V79: =IF($A79-4*$B$6>=0,_xlfn.POISSON.DIST($A79-4*$B$6,$B$5,FALSE),0) | W79: =IF($A79-5*$B$6>=0,_xlfn.POISSON.DIST($A79-5*$B$6,$B$5,FALSE),0) | X79: =IF($A79-6*$B$6>=0,_xlfn.POISSON.DIST($A79-6*$B$6,$B$5,FALSE),0) | Y79: =IF($A79-7*$B$6>=0,_xlfn.POISSON.DIST($A79-7*$B$6,$B$5,FALSE),0) | Z79: =IF($A79-8*$B$6>=0,_xlfn.POISSON.DIST($A79-8*$B$6,$B$5,FALSE),0) | AA79: =IF($A79-9*$B$6>=0,_xlfn.POISSON.DIST($A79-9*$B$6,$B$5,FALSE),0) | AB79: =IF($A79-10*$B$6>=0,_xlfn.POISSON.DIST($A79-10*$B$6,$B$5,FALSE),0) | AC79: =IF($A79-11*$B$6>=0,_xlfn.POISSON.DIST($A79-11*$B$6,$B$5,FALSE),0) | AD79: =IF($A79-12*$B$6>=0,_xlfn.POISSON.DIST($A79-12*$B$6,$B$5,FALSE),0) | AE79: =IF($A79-13*$B$6>=0,_xlfn.POISSON.DIST($A79-13*$B$6,$B$5,FALSE),0) | AF79: =IF($A79-14*$B$6>=0,_xlfn.POISSON.DIST($A79-14*$B$6,$B$5,FALSE),0)
A80: 48 | B80: =SUMPRODUCT(R80:AF80,$R$29:$AF$29) | C80: =C79+B80 | D80: =D79-(1-C79) | E80: =E79-D80 | F80: =F79*($C$17+48-1)*(1-$C$16)/48 | G80: =G79+F80 | H80: =H79-(1-G79) | I80: =I79-H80 | J80: =J79*($D$17+48-1)*(1-$D$16)/48 | K80: =K79+J80 | L80: =L79-(1-K79) | M80: =M79-L80 | R80: =IF($A80-0*$B$6>=0,_xlfn.POISSON.DIST($A80-0*$B$6,$B$5,FALSE),0) | S80: =IF($A80-1*$B$6>=0,_xlfn.POISSON.DIST($A80-1*$B$6,$B$5,FALSE),0) | T80: =IF($A80-2*$B$6>=0,_xlfn.POISSON.DIST($A80-2*$B$6,$B$5,FALSE),0) | U80: =IF($A80-3*$B$6>=0,_xlfn.POISSON.DIST($A80-3*$B$6,$B$5,FALSE),0) | V80: =IF($A80-4*$B$6>=0,_xlfn.POISSON.DIST($A80-4*$B$6,$B$5,FALSE),0) | W80: =IF($A80-5*$B$6>=0,_xlfn.POISSON.DIST($A80-5*$B$6,$B$5,FALSE),0) | X80: =IF($A80-6*$B$6>=0,_xlfn.POISSON.DIST($A80-6*$B$6,$B$5,FALSE),0) | Y80: =IF($A80-7*$B$6>=0,_xlfn.POISSON.DIST($A80-7*$B$6,$B$5,FALSE),0) | Z80: =IF($A80-8*$B$6>=0,_xlfn.POISSON.DIST($A80-8*$B$6,$B$5,FALSE),0) | AA80: =IF($A80-9*$B$6>=0,_xlfn.POISSON.DIST($A80-9*$B$6,$B$5,FALSE),0) | AB80: =IF($A80-10*$B$6>=0,_xlfn.POISSON.DIST($A80-10*$B$6,$B$5,FALSE),0) | AC80: =IF($A80-11*$B$6>=0,_xlfn.POISSON.DIST($A80-11*$B$6,$B$5,FALSE),0) | AD80: =IF($A80-12*$B$6>=0,_xlfn.POISSON.DIST($A80-12*$B$6,$B$5,FALSE),0) | AE80: =IF($A80-13*$B$6>=0,_xlfn.POISSON.DIST($A80-13*$B$6,$B$5,FALSE),0) | AF80: =IF($A80-14*$B$6>=0,_xlfn.POISSON.DIST($A80-14*$B$6,$B$5,FALSE),0)
A81: 49 | B81: =SUMPRODUCT(R81:AF81,$R$29:$AF$29) | C81: =C80+B81 | D81: =D80-(1-C80) | E81: =E80-D81 | F81: =F80*($C$17+49-1)*(1-$C$16)/49 | G81: =G80+F81 | H81: =H80-(1-G80) | I81: =I80-H81 | J81: =J80*($D$17+49-1)*(1-$D$16)/49 | K81: =K80+J81 | L81: =L80-(1-K80) | M81: =M80-L81 | R81: =IF($A81-0*$B$6>=0,_xlfn.POISSON.DIST($A81-0*$B$6,$B$5,FALSE),0) | S81: =IF($A81-1*$B$6>=0,_xlfn.POISSON.DIST($A81-1*$B$6,$B$5,FALSE),0) | T81: =IF($A81-2*$B$6>=0,_xlfn.POISSON.DIST($A81-2*$B$6,$B$5,FALSE),0) | U81: =IF($A81-3*$B$6>=0,_xlfn.POISSON.DIST($A81-3*$B$6,$B$5,FALSE),0) | V81: =IF($A81-4*$B$6>=0,_xlfn.POISSON.DIST($A81-4*$B$6,$B$5,FALSE),0) | W81: =IF($A81-5*$B$6>=0,_xlfn.POISSON.DIST($A81-5*$B$6,$B$5,FALSE),0) | X81: =IF($A81-6*$B$6>=0,_xlfn.POISSON.DIST($A81-6*$B$6,$B$5,FALSE),0) | Y81: =IF($A81-7*$B$6>=0,_xlfn.POISSON.DIST($A81-7*$B$6,$B$5,FALSE),0) | Z81: =IF($A81-8*$B$6>=0,_xlfn.POISSON.DIST($A81-8*$B$6,$B$5,FALSE),0) | AA81: =IF($A81-9*$B$6>=0,_xlfn.POISSON.DIST($A81-9*$B$6,$B$5,FALSE),0) | AB81: =IF($A81-10*$B$6>=0,_xlfn.POISSON.DIST($A81-10*$B$6,$B$5,FALSE),0) | AC81: =IF($A81-11*$B$6>=0,_xlfn.POISSON.DIST($A81-11*$B$6,$B$5,FALSE),0) | AD81: =IF($A81-12*$B$6>=0,_xlfn.POISSON.DIST($A81-12*$B$6,$B$5,FALSE),0) | AE81: =IF($A81-13*$B$6>=0,_xlfn.POISSON.DIST($A81-13*$B$6,$B$5,FALSE),0) | AF81: =IF($A81-14*$B$6>=0,_xlfn.POISSON.DIST($A81-14*$B$6,$B$5,FALSE),0)
A82: 50 | B82: =SUMPRODUCT(R82:AF82,$R$29:$AF$29) | C82: =C81+B82 | D82: =D81-(1-C81) | E82: =E81-D82 | F82: =F81*($C$17+50-1)*(1-$C$16)/50 | G82: =G81+F82 | H82: =H81-(1-G81) | I82: =I81-H82 | J82: =J81*($D$17+50-1)*(1-$D$16)/50 | K82: =K81+J82 | L82: =L81-(1-K81) | M82: =M81-L82 | R82: =IF($A82-0*$B$6>=0,_xlfn.POISSON.DIST($A82-0*$B$6,$B$5,FALSE),0) | S82: =IF($A82-1*$B$6>=0,_xlfn.POISSON.DIST($A82-1*$B$6,$B$5,FALSE),0) | T82: =IF($A82-2*$B$6>=0,_xlfn.POISSON.DIST($A82-2*$B$6,$B$5,FALSE),0) | U82: =IF($A82-3*$B$6>=0,_xlfn.POISSON.DIST($A82-3*$B$6,$B$5,FALSE),0) | V82: =IF($A82-4*$B$6>=0,_xlfn.POISSON.DIST($A82-4*$B$6,$B$5,FALSE),0) | W82: =IF($A82-5*$B$6>=0,_xlfn.POISSON.DIST($A82-5*$B$6,$B$5,FALSE),0) | X82: =IF($A82-6*$B$6>=0,_xlfn.POISSON.DIST($A82-6*$B$6,$B$5,FALSE),0) | Y82: =IF($A82-7*$B$6>=0,_xlfn.POISSON.DIST($A82-7*$B$6,$B$5,FALSE),0) | Z82: =IF($A82-8*$B$6>=0,_xlfn.POISSON.DIST($A82-8*$B$6,$B$5,FALSE),0) | AA82: =IF($A82-9*$B$6>=0,_xlfn.POISSON.DIST($A82-9*$B$6,$B$5,FALSE),0) | AB82: =IF($A82-10*$B$6>=0,_xlfn.POISSON.DIST($A82-10*$B$6,$B$5,FALSE),0) | AC82: =IF($A82-11*$B$6>=0,_xlfn.POISSON.DIST($A82-11*$B$6,$B$5,FALSE),0) | AD82: =IF($A82-12*$B$6>=0,_xlfn.POISSON.DIST($A82-12*$B$6,$B$5,FALSE),0) | AE82: =IF($A82-13*$B$6>=0,_xlfn.POISSON.DIST($A82-13*$B$6,$B$5,FALSE),0) | AF82: =IF($A82-14*$B$6>=0,_xlfn.POISSON.DIST($A82-14*$B$6,$B$5,FALSE),0)
A83: 51 | B83: =SUMPRODUCT(R83:AF83,$R$29:$AF$29) | C83: =C82+B83 | D83: =D82-(1-C82) | E83: =E82-D83 | F83: =F82*($C$17+51-1)*(1-$C$16)/51 | G83: =G82+F83 | H83: =H82-(1-G82) | I83: =I82-H83 | J83: =J82*($D$17+51-1)*(1-$D$16)/51 | K83: =K82+J83 | L83: =L82-(1-K82) | M83: =M82-L83 | R83: =IF($A83-0*$B$6>=0,_xlfn.POISSON.DIST($A83-0*$B$6,$B$5,FALSE),0) | S83: =IF($A83-1*$B$6>=0,_xlfn.POISSON.DIST($A83-1*$B$6,$B$5,FALSE),0) | T83: =IF($A83-2*$B$6>=0,_xlfn.POISSON.DIST($A83-2*$B$6,$B$5,FALSE),0) | U83: =IF($A83-3*$B$6>=0,_xlfn.POISSON.DIST($A83-3*$B$6,$B$5,FALSE),0) | V83: =IF($A83-4*$B$6>=0,_xlfn.POISSON.DIST($A83-4*$B$6,$B$5,FALSE),0) | W83: =IF($A83-5*$B$6>=0,_xlfn.POISSON.DIST($A83-5*$B$6,$B$5,FALSE),0) | X83: =IF($A83-6*$B$6>=0,_xlfn.POISSON.DIST($A83-6*$B$6,$B$5,FALSE),0) | Y83: =IF($A83-7*$B$6>=0,_xlfn.POISSON.DIST($A83-7*$B$6,$B$5,FALSE),0) | Z83: =IF($A83-8*$B$6>=0,_xlfn.POISSON.DIST($A83-8*$B$6,$B$5,FALSE),0) | AA83: =IF($A83-9*$B$6>=0,_xlfn.POISSON.DIST($A83-9*$B$6,$B$5,FALSE),0) | AB83: =IF($A83-10*$B$6>=0,_xlfn.POISSON.DIST($A83-10*$B$6,$B$5,FALSE),0) | AC83: =IF($A83-11*$B$6>=0,_xlfn.POISSON.DIST($A83-11*$B$6,$B$5,FALSE),0) | AD83: =IF($A83-12*$B$6>=0,_xlfn.POISSON.DIST($A83-12*$B$6,$B$5,FALSE),0) | AE83: =IF($A83-13*$B$6>=0,_xlfn.POISSON.DIST($A83-13*$B$6,$B$5,FALSE),0) | AF83: =IF($A83-14*$B$6>=0,_xlfn.POISSON.DIST($A83-14*$B$6,$B$5,FALSE),0)
