Workbook
Name Dls_t: 'Data'!$A$31:$A$42
Name Dls_d: 'Data'!$B$31:$B$42
Name Dls_k: 'Data'!$C$31:$C$42
Name Dls_c: 'Data'!$D$31:$D$42
Name Dls_h: 'Data'!$E$31:$E$42
Name Dls_N: 'Data'!$B$9

Sheet Notes
A1: Chapter 5, Dynamic Lot Sizing
A3: One item, twelve months of known but time-varying requirements, and several ways to plan them.
A5: Sheets, in the order to read them:
A6: Data the requirements and the costs. The only cells anyone types into.
A7: Plans four plans side by side. Type over a plan's order column and read what it costs.
A8: WagnerWhitin the window costs, the recursion, and the traceback that reads the optimal plan off it.
A9: Heuristics Silver-Meal, least unit cost and part-period balancing against the same windows.
A10: Solver the same problem as a mixed integer program, for Solver to run.
A12: Conventions:
A13: Blue cells are inputs. Grey cells are computed and should not be typed over.
A14: Every sheet ends with a check block giving what the shipped data should produce.
A15: A sub-range of the requirements is written INDEX(Dls_d,a):INDEX(Dls_d,b), which is the
... A20: Rebuild this file with scripts/build-ch5-workbook.py and check it with scripts/check-ch5-workbook.py.

Sheet Data
A1: The item and its requirements
A2: Chapter 5, section 5.1.
A4: INPUTS
A5: Order cost, k | B5: 300 | C5: dollars per order
A6: Unit cost, c | B6: 50 | C6: dollars per belt
A7: Carrying charge, i | B7: 0.02 | C7: per dollar per month
A8: Holding rate, h = ic | B8: =B6*B7
A9: Periods in the horizon, N | B9: =COUNT(Dls_d)
A11: WHAT THE PATTERN LOOKS LIKE
A12: Total requirement | B12: =SUM(Dls_d)
A13: Average requirement per month | B13: =B12/B9
A14: Variability coefficient | B14: =SUM(F31:F42)/B9/B13^2
A15: Use a heuristic? | B15: =IF(B14>=0.2,"yes, the pattern varies enough","no, an ordinary EOQ will serve")
A16: k / h, the carrying a single order buys | B16: =B5/B8
A17: First month whose requirement forces an order | B17: =IF(COUNT(G31:G42)=0,"none",MIN(G31:G42))
A18: Section 5.3: a requirement larger than k/h cannot be carried in from any earlier month.
A20: THE ECONOMIC ORDER QUANTITY, FOR COMPARISON
A21: EOQ on the average requirement | B21: =SQRT(2*B5*B13/B8)
A22: As a time supply, months | B22: =B21/B13
A23: Rounded to whole months | B23: =MAX(1,ROUND(B22,0))
A25: CHECK with the data as shipped
A26: Total 1,840 belts; average 153.3333; variability coefficient 0.6191; k/h = 300;
A27: the first forced month is 5; EOQ 303.3 belts, 1.98 months, rounding to 2.
A29: REQUIREMENTS type over column B to change the pattern
A30: Month t | B30: Requirement d(t) | C30: Order cost k(t) | D30: Unit cost c(t) | E30: Holding rate h(t) | F30: (d(t) - mean)^2 | G30: Forced?
A31: 1 | B31: 40 | C31: =$B$5 | D31: =$B$6 | E31: =$B$8 | F31: =(B31-$B$13)^2 | G31: =IF(B31*$B$8>$B$5,A31,"")
A32: 2 | B32: 60 | C32: =$B$5 | D32: =$B$6 | E32: =$B$8 | F32: =(B32-$B$13)^2 | G32: =IF(B32*$B$8>$B$5,A32,"")
A33: 3 | B33: 120 | C33: =$B$5 | D33: =$B$6 | E33: =$B$8 | F33: =(B33-$B$13)^2 | G33: =IF(B33*$B$8>$B$5,A33,"")
A34: 4 | B34: 300 | C34: =$B$5 | D34: =$B$6 | E34: =$B$8 | F34: =(B34-$B$13)^2 | G34: =IF(B34*$B$8>$B$5,A34,"")
A35: 5 | B35: 420 | C35: =$B$5 | D35: =$B$6 | E35: =$B$8 | F35: =(B35-$B$13)^2 | G35: =IF(B35*$B$8>$B$5,A35,"")
A36: 6 | B36: 260 | C36: =$B$5 | D36: =$B$6 | E36: =$B$8 | F36: =(B36-$B$13)^2 | G36: =IF(B36*$B$8>$B$5,A36,"")
A37: 7 | B37: 120 | C37: =$B$5 | D37: =$B$6 | E37: =$B$8 | F37: =(B37-$B$13)^2 | G37: =IF(B37*$B$8>$B$5,A37,"")
A38: 8 | B38: 40 | C38: =$B$5 | D38: =$B$6 | E38: =$B$8 | F38: =(B38-$B$13)^2 | G38: =IF(B38*$B$8>$B$5,A38,"")
A39: 9 | B39: 0 | C39: =$B$5 | D39: =$B$6 | E39: =$B$8 | F39: =(B39-$B$13)^2 | G39: =IF(B39*$B$8>$B$5,A39,"")
A40: 10 | B40: 80 | C40: =$B$5 | D40: =$B$6 | E40: =$B$8 | F40: =(B40-$B$13)^2 | G40: =IF(B40*$B$8>$B$5,A40,"")
A41: 11 | B41: 180 | C41: =$B$5 | D41: =$B$6 | E41: =$B$8 | F41: =(B41-$B$13)^2 | G41: =IF(B41*$B$8>$B$5,A41,"")
A42: 12 | B42: 220 | C42: =$B$5 | D42: =$B$6 | E42: =$B$8 | F42: =(B42-$B$13)^2 | G42: =IF(B42*$B$8>$B$5,A42,"")
A44: The cost columns point at the inputs above, so a constant-cost problem is typed once.
A45: Type a number over one of them to make that month's cost differ, which is the case of Section 5.2.
A46: Columns F and G feed the variability coefficient and the forced month. They are not data.

Sheet Plans
A1: What a plan costs
A2: Chapter 5, section 5.2. Each plan owns an order column. Type over one and the results above it move.
A4: RESULTS
C5: Lot-for-lot | E5: Adjusted EOQ | G5: Periodic, T = 2 | I5: Your plan
A6: Orders placed | C6: =COUNTIF(C19:C30,">0") | E6: =COUNTIF(E19:E30,">0") | G6: =COUNTIF(G19:G30,">0") | I6: =COUNTIF(I19:I30,">0")
A7: Setup cost | C7: =Data!$B$5*COUNTIF(C19:C30,">0") | E7: =Data!$B$5*COUNTIF(E19:E30,">0") | G7: =Data!$B$5*COUNTIF(G19:G30,">0") | I7: =Data!$B$5*COUNTIF(I19:I30,">0")
A8: Carrying cost | C8: =SUMPRODUCT(Dls_h,D19:D30) | E8: =SUMPRODUCT(Dls_h,F19:F30) | G8: =SUMPRODUCT(Dls_h,H19:H30) | I8: =SUMPRODUCT(Dls_h,J19:J30)
A9: Purchase cost | C9: =SUMPRODUCT(Dls_c,C19:C30) | E9: =SUMPRODUCT(Dls_c,E19:E30) | G9: =SUMPRODUCT(Dls_c,G19:G30) | I9: =SUMPRODUCT(Dls_c,I19:I30)
A10: Relevant cost | C10: =C7+C8 | E10: =E7+E8 | G10: =G7+G8 | I10: =I7+I8
A11: Total cost | C11: =C10+C9 | E11: =E10+E9 | G11: =G10+G9 | I11: =I10+I9
A12: Penalty against the optimum | C12: =C10/WagnerWhitin!$B$5-1 | E12: =E10/WagnerWhitin!$B$5-1 | G12: =G10/WagnerWhitin!$B$5-1 | I12: =I10/WagnerWhitin!$B$5-1
A14: CHECK with the data as shipped
A15: Lot-for-lot: eleven orders, $3,300 of setup, nothing carried, 33.06% above the optimum.
A16: Adjusted EOQ: six orders, $1,800 and $800, for $2,600 and 4.84%. Periodic: $1,800 and $960, for $2,760 and 11.29%.
A17: THE LEDGER one row per month
A18: Month | B18: Requirement | C18: Order | D18: End | E18: Order | F18: End | G18: Order | H18: End | I18: Order | J18: End
A19: =INDEX(Dls_t,1) | B19: =INDEX(Dls_d,1) | C19: 40 | D19: =0+C19-$B19 | E19: 220 | F19: =0+E19-$B19 | G19: 100 | H19: =0+G19-$B19 | I19: 40 | J19: =0+I19-$B19
A20: =INDEX(Dls_t,2) | B20: =INDEX(Dls_d,2) | C20: 60 | D20: =D19+C20-$B20 | E20: 0 | F20: =F19+E20-$B20 | G20: 0 | H20: =H19+G20-$B20 | I20: 60 | J20: =J19+I20-$B20
A21: =INDEX(Dls_t,3) | B21: =INDEX(Dls_d,3) | C21: 120 | D21: =D20+C21-$B21 | E21: 0 | F21: =F20+E21-$B21 | G21: 420 | H21: =H20+G21-$B21 | I21: 120 | J21: =J20+I21-$B21
A22: =INDEX(Dls_t,4) | B22: =INDEX(Dls_d,4) | C22: 300 | D22: =D21+C22-$B22 | E22: 300 | F22: =F21+E22-$B22 | G22: 0 | H22: =H21+G22-$B22 | I22: 300 | J22: =J21+I22-$B22
A23: =INDEX(Dls_t,5) | B23: =INDEX(Dls_d,5) | C23: 420 | D23: =D22+C23-$B23 | E23: 420 | F23: =F22+E23-$B23 | G23: 680 | H23: =H22+G23-$B23 | I23: 420 | J23: =J22+I23-$B23
A24: =INDEX(Dls_t,6) | B24: =INDEX(Dls_d,6) | C24: 260 | D24: =D23+C24-$B24 | E24: 260 | F24: =F23+E24-$B24 | G24: 0 | H24: =H23+G24-$B24 | I24: 260 | J24: =J23+I24-$B24
A25: =INDEX(Dls_t,7) | B25: =INDEX(Dls_d,7) | C25: 120 | D25: =D24+C25-$B25 | E25: 240 | F25: =F24+E25-$B25 | G25: 160 | H25: =H24+G25-$B25 | I25: 120 | J25: =J24+I25-$B25
A26: =INDEX(Dls_t,8) | B26: =INDEX(Dls_d,8) | C26: 40 | D26: =D25+C26-$B26 | E26: 0 | F26: =F25+E26-$B26 | G26: 0 | H26: =H25+G26-$B26 | I26: 40 | J26: =J25+I26-$B26
A27: =INDEX(Dls_t,9) | B27: =INDEX(Dls_d,9) | C27: 0 | D27: =D26+C27-$B27 | E27: 0 | F27: =F26+E27-$B27 | G27: 80 | H27: =H26+G27-$B27 | I27: 0 | J27: =J26+I27-$B27
A28: =INDEX(Dls_t,10) | B28: =INDEX(Dls_d,10) | C28: 80 | D28: =D27+C28-$B28 | E28: 0 | F28: =F27+E28-$B28 | G28: 0 | H28: =H27+G28-$B28 | I28: 80 | J28: =J27+I28-$B28
A29: =INDEX(Dls_t,11) | B29: =INDEX(Dls_d,11) | C29: 180 | D29: =D28+C29-$B29 | E29: 400 | F29: =F28+E29-$B29 | G29: 400 | H29: =H28+G29-$B29 | I29: 180 | J29: =J28+I29-$B29
A30: =INDEX(Dls_t,12) | B30: =INDEX(Dls_d,12) | C30: 220 | D30: =D29+C30-$B30 | E30: 0 | F30: =F29+E30-$B30 | G30: 0 | H30: =H29+G30-$B30 | I30: 220 | J30: =J29+I30-$B30
A31: End = previous end + order - requirement. A negative end is a shortage, which section 5.1 forbids.
A32: Carrying cost charges the end-of-month balance, so a plan that orders only when empty carries nothing.

Sheet WagnerWhitin
A1: The optimal plan
A2: Chapter 5, section 5.4. Nothing here is typed; everything reads the Data sheet.
A4: RESULTS
A5: Optimal relevant cost, V(N) | B5: =M32
A6: Orders placed | B6: =COUNTIF(C58:C69,">0")
A7: Setup cost | B7: =E70
A8: Carrying cost | B8: =F70
A9: Setup plus carrying, which must equal V(N) | B9: =B7+B8
A11: CHECK with the data as shipped
A12: V(12) = $2,480 in six orders: $1,800 of setup and $680 of carrying.
A13: The orders fall in months 1, 4, 5, 6, 10 and 12, for 220, 300, 420, 420, 260 and 220 belts.
A14: WINDOW COSTS w(t,u) order in month t, cover through month u
A15: t \ u | B15: 1 | C15: 2 | D15: 3 | E15: 4 | F15: 5 | G15: 6 | H15: 7 | I15: 8 | J15: 9 | K15: 10 | L15: 11 | M15: 12
A16: 1 | B16: =INDEX(Dls_k,1) | C16: =B16+INDEX(Dls_d,2)*SUM(INDEX(Dls_h,2):INDEX(Dls_h,2)) | D16: =C16+INDEX(Dls_d,3)*SUM(INDEX(Dls_h,2):INDEX(Dls_h,3)) | E16: =D16+INDEX(Dls_d,4)*SUM(INDEX(Dls_h,2):INDEX(Dls_h,4)) | F16: =E16+INDEX(Dls_d,5)*SUM(INDEX(Dls_h,2):INDEX(Dls_h,5)) | G16: =F16+INDEX(Dls_d,6)*SUM(INDEX(Dls_h,2):INDEX(Dls_h,6)) | H16: =G16+INDEX(Dls_d,7)*SUM(INDEX(Dls_h,2):INDEX(Dls_h,7)) | I16: =H16+INDEX(Dls_d,8)*SUM(INDEX(Dls_h,2):INDEX(Dls_h,8)) | J16: =I16+INDEX(Dls_d,9)*SUM(INDEX(Dls_h,2):INDEX(Dls_h,9)) | K16: =J16+INDEX(Dls_d,10)*SUM(INDEX(Dls_h,2):INDEX(Dls_h,10)) | L16: =K16+INDEX(Dls_d,11)*SUM(INDEX(Dls_h,2):INDEX(Dls_h,11)) | M16: =L16+INDEX(Dls_d,12)*SUM(INDEX(Dls_h,2):INDEX(Dls_h,12))
A17: 2 | C17: =INDEX(Dls_k,2) | D17: =C17+INDEX(Dls_d,3)*SUM(INDEX(Dls_h,3):INDEX(Dls_h,3)) | E17: =D17+INDEX(Dls_d,4)*SUM(INDEX(Dls_h,3):INDEX(Dls_h,4)) | F17: =E17+INDEX(Dls_d,5)*SUM(INDEX(Dls_h,3):INDEX(Dls_h,5)) | G17: =F17+INDEX(Dls_d,6)*SUM(INDEX(Dls_h,3):INDEX(Dls_h,6)) | H17: =G17+INDEX(Dls_d,7)*SUM(INDEX(Dls_h,3):INDEX(Dls_h,7)) | I17: =H17+INDEX(Dls_d,8)*SUM(INDEX(Dls_h,3):INDEX(Dls_h,8)) | J17: =I17+INDEX(Dls_d,9)*SUM(INDEX(Dls_h,3):INDEX(Dls_h,9)) | K17: =J17+INDEX(Dls_d,10)*SUM(INDEX(Dls_h,3):INDEX(Dls_h,10)) | L17: =K17+INDEX(Dls_d,11)*SUM(INDEX(Dls_h,3):INDEX(Dls_h,11)) | M17: =L17+INDEX(Dls_d,12)*SUM(INDEX(Dls_h,3):INDEX(Dls_h,12))
A18: 3 | D18: =INDEX(Dls_k,3) | E18: =D18+INDEX(Dls_d,4)*SUM(INDEX(Dls_h,4):INDEX(Dls_h,4)) | F18: =E18+INDEX(Dls_d,5)*SUM(INDEX(Dls_h,4):INDEX(Dls_h,5)) | G18: =F18+INDEX(Dls_d,6)*SUM(INDEX(Dls_h,4):INDEX(Dls_h,6)) | H18: =G18+INDEX(Dls_d,7)*SUM(INDEX(Dls_h,4):INDEX(Dls_h,7)) | I18: =H18+INDEX(Dls_d,8)*SUM(INDEX(Dls_h,4):INDEX(Dls_h,8)) | J18: =I18+INDEX(Dls_d,9)*SUM(INDEX(Dls_h,4):INDEX(Dls_h,9)) | K18: =J18+INDEX(Dls_d,10)*SUM(INDEX(Dls_h,4):INDEX(Dls_h,10)) | L18: =K18+INDEX(Dls_d,11)*SUM(INDEX(Dls_h,4):INDEX(Dls_h,11)) | M18: =L18+INDEX(Dls_d,12)*SUM(INDEX(Dls_h,4):INDEX(Dls_h,12))
A19: 4 | E19: =INDEX(Dls_k,4) | F19: =E19+INDEX(Dls_d,5)*SUM(INDEX(Dls_h,5):INDEX(Dls_h,5)) | G19: =F19+INDEX(Dls_d,6)*SUM(INDEX(Dls_h,5):INDEX(Dls_h,6)) | H19: =G19+INDEX(Dls_d,7)*SUM(INDEX(Dls_h,5):INDEX(Dls_h,7)) | I19: =H19+INDEX(Dls_d,8)*SUM(INDEX(Dls_h,5):INDEX(Dls_h,8)) | J19: =I19+INDEX(Dls_d,9)*SUM(INDEX(Dls_h,5):INDEX(Dls_h,9)) | K19: =J19+INDEX(Dls_d,10)*SUM(INDEX(Dls_h,5):INDEX(Dls_h,10)) | L19: =K19+INDEX(Dls_d,11)*SUM(INDEX(Dls_h,5):INDEX(Dls_h,11)) | M19: =L19+INDEX(Dls_d,12)*SUM(INDEX(Dls_h,5):INDEX(Dls_h,12))
A20: 5 | F20: =INDEX(Dls_k,5) | G20: =F20+INDEX(Dls_d,6)*SUM(INDEX(Dls_h,6):INDEX(Dls_h,6)) | H20: =G20+INDEX(Dls_d,7)*SUM(INDEX(Dls_h,6):INDEX(Dls_h,7)) | I20: =H20+INDEX(Dls_d,8)*SUM(INDEX(Dls_h,6):INDEX(Dls_h,8)) | J20: =I20+INDEX(Dls_d,9)*SUM(INDEX(Dls_h,6):INDEX(Dls_h,9)) | K20: =J20+INDEX(Dls_d,10)*SUM(INDEX(Dls_h,6):INDEX(Dls_h,10)) | L20: =K20+INDEX(Dls_d,11)*SUM(INDEX(Dls_h,6):INDEX(Dls_h,11)) | M20: =L20+INDEX(Dls_d,12)*SUM(INDEX(Dls_h,6):INDEX(Dls_h,12))
A21: 6 | G21: =INDEX(Dls_k,6) | H21: =G21+INDEX(Dls_d,7)*SUM(INDEX(Dls_h,7):INDEX(Dls_h,7)) | I21: =H21+INDEX(Dls_d,8)*SUM(INDEX(Dls_h,7):INDEX(Dls_h,8)) | J21: =I21+INDEX(Dls_d,9)*SUM(INDEX(Dls_h,7):INDEX(Dls_h,9)) | K21: =J21+INDEX(Dls_d,10)*SUM(INDEX(Dls_h,7):INDEX(Dls_h,10)) | L21: =K21+INDEX(Dls_d,11)*SUM(INDEX(Dls_h,7):INDEX(Dls_h,11)) | M21: =L21+INDEX(Dls_d,12)*SUM(INDEX(Dls_h,7):INDEX(Dls_h,12))
A22: 7 | H22: =INDEX(Dls_k,7) | I22: =H22+INDEX(Dls_d,8)*SUM(INDEX(Dls_h,8):INDEX(Dls_h,8)) | J22: =I22+INDEX(Dls_d,9)*SUM(INDEX(Dls_h,8):INDEX(Dls_h,9)) | K22: =J22+INDEX(Dls_d,10)*SUM(INDEX(Dls_h,8):INDEX(Dls_h,10)) | L22: =K22+INDEX(Dls_d,11)*SUM(INDEX(Dls_h,8):INDEX(Dls_h,11)) | M22: =L22+INDEX(Dls_d,12)*SUM(INDEX(Dls_h,8):INDEX(Dls_h,12))
A23: 8 | I23: =INDEX(Dls_k,8) | J23: =I23+INDEX(Dls_d,9)*SUM(INDEX(Dls_h,9):INDEX(Dls_h,9)) | K23: =J23+INDEX(Dls_d,10)*SUM(INDEX(Dls_h,9):INDEX(Dls_h,10)) | L23: =K23+INDEX(Dls_d,11)*SUM(INDEX(Dls_h,9):INDEX(Dls_h,11)) | M23: =L23+INDEX(Dls_d,12)*SUM(INDEX(Dls_h,9):INDEX(Dls_h,12))
A24: 9 | J24: =INDEX(Dls_k,9) | K24: =J24+INDEX(Dls_d,10)*SUM(INDEX(Dls_h,10):INDEX(Dls_h,10)) | L24: =K24+INDEX(Dls_d,11)*SUM(INDEX(Dls_h,10):INDEX(Dls_h,11)) | M24: =L24+INDEX(Dls_d,12)*SUM(INDEX(Dls_h,10):INDEX(Dls_h,12))
A25: 10 | K25: =INDEX(Dls_k,10) | L25: =K25+INDEX(Dls_d,11)*SUM(INDEX(Dls_h,11):INDEX(Dls_h,11)) | M25: =L25+INDEX(Dls_d,12)*SUM(INDEX(Dls_h,11):INDEX(Dls_h,12))
A26: 11 | L26: =INDEX(Dls_k,11) | M26: =L26+INDEX(Dls_d,12)*SUM(INDEX(Dls_h,12):INDEX(Dls_h,12))
A27: 12 | M27: =INDEX(Dls_k,12)
A28: Each cell adds one month to the cell on its left: the new requirement, carried from the order month.
A29: THE RECURSION V(u) = the least of V(t-1) + w(t,u) over the months t that could start the last order
A31: month u | B31: 1 | C31: 2 | D31: 3 | E31: 4 | F31: 5 | G31: 6 | H31: 7 | I31: 8 | J31: 9 | K31: 10 | L31: 11 | M31: 12
A32: V(u), the least cost through month u | B32: =MIN(B37:B48) | C32: =MIN(C37:C48) | D32: =MIN(D37:D48) | E32: =MIN(E37:E48) | F32: =MIN(F37:F48) | G32: =MIN(G37:G48) | H32: =MIN(H37:H48) | I32: =MIN(I37:I48) | ... M32: =MIN(M37:M48)
A33: S(u), the month that last order starts in | B33: =MATCH(B32,B37:B48,0) | C33: =MATCH(C32,C37:C48,0) | D33: =MATCH(D32,D37:D48,0) | E33: =MATCH(E32,E37:E48,0) | F33: =MATCH(F32,F37:F48,0) | G33: =MATCH(G32,G37:G48,0) | H33: =MATCH(H32,H37:H48,0) | I33: =MATCH(I32,I37:I48,0) | ... M33: =MATCH(M32,M37:M48,0)
A34: MATCH returns the first month achieving the least cost, which breaks a tie toward the earlier order.
A36: candidate V(t-1) + w(t,u) | B36: 1 | C36: 2 | D36: 3 | E36: 4 | F36: 5 | G36: 6 | H36: 7 | I36: 8 | J36: 9 | K36: 10 | L36: 11 | M36: 12
A37: last order starts in month 1 | B37: =0+B16 | C37: =0+C16 | D37: =0+D16 | E37: =0+E16 | F37: =0+F16 | G37: =0+G16 | H37: =0+H16 | I37: =0+I16 | ... M37: =0+M16
A38: last order starts in month 2 | C38: =$B$32+C17 | D38: =$B$32+D17 | E38: =$B$32+E17 | F38: =$B$32+F17 | G38: =$B$32+G17 | H38: =$B$32+H17 | I38: =$B$32+I17 | J38: =$B$32+J17 | ... M38: =$B$32+M17
A39: last order starts in month 3 | D39: =$C$32+D18 | E39: =$C$32+E18 | F39: =$C$32+F18 | G39: =$C$32+G18 | H39: =$C$32+H18 | I39: =$C$32+I18 | J39: =$C$32+J18 | K39: =$C$32+K18 | ... M39: =$C$32+M18
A40: last order starts in month 4 | E40: =$D$32+E19 | F40: =$D$32+F19 | G40: =$D$32+G19 | H40: =$D$32+H19 | I40: =$D$32+I19 | J40: =$D$32+J19 | K40: =$D$32+K19 | L40: =$D$32+L19 | M40: =$D$32+M19
A41: last order starts in month 5 | F41: =$E$32+F20 | G41: =$E$32+G20 | H41: =$E$32+H20 | I41: =$E$32+I20 | J41: =$E$32+J20 | K41: =$E$32+K20 | L41: =$E$32+L20 | M41: =$E$32+M20
A42: last order starts in month 6 | G42: =$F$32+G21 | H42: =$F$32+H21 | I42: =$F$32+I21 | J42: =$F$32+J21 | K42: =$F$32+K21 | L42: =$F$32+L21 | M42: =$F$32+M21
A43: last order starts in month 7 | H43: =$G$32+H22 | I43: =$G$32+I22 | J43: =$G$32+J22 | K43: =$G$32+K22 | L43: =$G$32+L22 | M43: =$G$32+M22
A44: last order starts in month 8 | I44: =$H$32+I23 | J44: =$H$32+J23 | K44: =$H$32+K23 | L44: =$H$32+L23 | M44: =$H$32+M23
A45: last order starts in month 9 | J45: =$I$32+J24 | K45: =$I$32+K24 | L45: =$I$32+L24 | M45: =$I$32+M24
A46: last order starts in month 10 | K46: =$J$32+K25 | L46: =$J$32+L25 | M46: =$J$32+M25
A47: last order starts in month 11 | L47: =$K$32+L26 | M47: =$K$32+M26
A48: last order starts in month 12 | M48: =$L$32+M27
A49: A blank means the window would have to end before it began.
A50: THE TRACEBACK walk the pointers backwards from month N
A51: Step | B51: 1 | C51: 2 | D51: 3 | E51: 4 | F51: 5 | G51: 6 | H51: 7 | I51: 8 | J51: 9 | K51: 10 | L51: 11 | M51: 12
A52: Order starts in month | B52: =INDEX($B$33:$M$33,12) | C52: =IF(B52="","",IF(B52<=1,"",INDEX($B$33:$M$33,B52-1))) | D52: =IF(C52="","",IF(C52<=1,"",INDEX($B$33:$M$33,C52-1))) | E52: =IF(D52="","",IF(D52<=1,"",INDEX($B$33:$M$33,D52-1))) | F52: =IF(E52="","",IF(E52<=1,"",INDEX($B$33:$M$33,E52-1))) | G52: =IF(F52="","",IF(F52<=1,"",INDEX($B$33:$M$33,F52-1))) | H52: =IF(G52="","",IF(G52<=1,"",INDEX($B$33:$M$33,G52-1))) | I52: =IF(H52="","",IF(H52<=1,"",INDEX($B$33:$M$33,H52-1))) | J52: =IF(I52="","",IF(I52<=1,"",INDEX($B$33:$M$33,I52-1))) | ... M52: =IF(L52="","",IF(L52<=1,"",INDEX($B$33:$M$33,L52-1)))
A53: Covers through month | B53: =12 | C53: =IF(C52="","",B52-1) | D53: =IF(D52="","",C52-1) | E53: =IF(E52="","",D52-1) | F53: =IF(F52="","",E52-1) | G53: =IF(G52="","",F52-1) | H53: =IF(H52="","",G52-1) | I53: =IF(I52="","",H52-1) | J53: =IF(J52="","",I52-1) | ... M53: =IF(M52="","",L52-1)
A54: Step 1 is the last order. Each step reads the pointer of the month before the one it starts.
A56: THE PLAN one row per month
A57: Month | B57: Requirement | C57: Order | D57: End | E57: Setup | F57: Carrying
A58: =INDEX(Dls_t,1) | B58: =INDEX(Dls_d,1) | C58: =IF(COUNTIF($B$52:$M$52,A58)=0,0,SUM(INDEX(Dls_d,A58):INDEX(Dls_d,INDEX($B$53:$M$53,MATCH(A58,$B$52:$M$52,0))))) | D58: =0+C58-B58 | E58: =IF(C58>0,INDEX(Dls_k,1),0) | F58: =D58*INDEX(Dls_h,1)
A59: =INDEX(Dls_t,2) | B59: =INDEX(Dls_d,2) | C59: =IF(COUNTIF($B$52:$M$52,A59)=0,0,SUM(INDEX(Dls_d,A59):INDEX(Dls_d,INDEX($B$53:$M$53,MATCH(A59,$B$52:$M$52,0))))) | D59: =D58+C59-B59 | E59: =IF(C59>0,INDEX(Dls_k,2),0) | F59: =D59*INDEX(Dls_h,2)
A60: =INDEX(Dls_t,3) | B60: =INDEX(Dls_d,3) | C60: =IF(COUNTIF($B$52:$M$52,A60)=0,0,SUM(INDEX(Dls_d,A60):INDEX(Dls_d,INDEX($B$53:$M$53,MATCH(A60,$B$52:$M$52,0))))) | D60: =D59+C60-B60 | E60: =IF(C60>0,INDEX(Dls_k,3),0) | F60: =D60*INDEX(Dls_h,3)
A61: =INDEX(Dls_t,4) | B61: =INDEX(Dls_d,4) | C61: =IF(COUNTIF($B$52:$M$52,A61)=0,0,SUM(INDEX(Dls_d,A61):INDEX(Dls_d,INDEX($B$53:$M$53,MATCH(A61,$B$52:$M$52,0))))) | D61: =D60+C61-B61 | E61: =IF(C61>0,INDEX(Dls_k,4),0) | F61: =D61*INDEX(Dls_h,4)
A62: =INDEX(Dls_t,5) | B62: =INDEX(Dls_d,5) | C62: =IF(COUNTIF($B$52:$M$52,A62)=0,0,SUM(INDEX(Dls_d,A62):INDEX(Dls_d,INDEX($B$53:$M$53,MATCH(A62,$B$52:$M$52,0))))) | D62: =D61+C62-B62 | E62: =IF(C62>0,INDEX(Dls_k,5),0) | F62: =D62*INDEX(Dls_h,5)
A63: =INDEX(Dls_t,6) | B63: =INDEX(Dls_d,6) | C63: =IF(COUNTIF($B$52:$M$52,A63)=0,0,SUM(INDEX(Dls_d,A63):INDEX(Dls_d,INDEX($B$53:$M$53,MATCH(A63,$B$52:$M$52,0))))) | D63: =D62+C63-B63 | E63: =IF(C63>0,INDEX(Dls_k,6),0) | F63: =D63*INDEX(Dls_h,6)
A64: =INDEX(Dls_t,7) | B64: =INDEX(Dls_d,7) | C64: =IF(COUNTIF($B$52:$M$52,A64)=0,0,SUM(INDEX(Dls_d,A64):INDEX(Dls_d,INDEX($B$53:$M$53,MATCH(A64,$B$52:$M$52,0))))) | D64: =D63+C64-B64 | E64: =IF(C64>0,INDEX(Dls_k,7),0) | F64: =D64*INDEX(Dls_h,7)
A65: =INDEX(Dls_t,8) | B65: =INDEX(Dls_d,8) | C65: =IF(COUNTIF($B$52:$M$52,A65)=0,0,SUM(INDEX(Dls_d,A65):INDEX(Dls_d,INDEX($B$53:$M$53,MATCH(A65,$B$52:$M$52,0))))) | D65: =D64+C65-B65 | E65: =IF(C65>0,INDEX(Dls_k,8),0) | F65: =D65*INDEX(Dls_h,8)
A66: =INDEX(Dls_t,9) | B66: =INDEX(Dls_d,9) | C66: =IF(COUNTIF($B$52:$M$52,A66)=0,0,SUM(INDEX(Dls_d,A66):INDEX(Dls_d,INDEX($B$53:$M$53,MATCH(A66,$B$52:$M$52,0))))) | D66: =D65+C66-B66 | E66: =IF(C66>0,INDEX(Dls_k,9),0) | F66: =D66*INDEX(Dls_h,9)
A67: =INDEX(Dls_t,10) | B67: =INDEX(Dls_d,10) | C67: =IF(COUNTIF($B$52:$M$52,A67)=0,0,SUM(INDEX(Dls_d,A67):INDEX(Dls_d,INDEX($B$53:$M$53,MATCH(A67,$B$52:$M$52,0))))) | D67: =D66+C67-B67 | E67: =IF(C67>0,INDEX(Dls_k,10),0) | F67: =D67*INDEX(Dls_h,10)
A68: =INDEX(Dls_t,11) | B68: =INDEX(Dls_d,11) | C68: =IF(COUNTIF($B$52:$M$52,A68)=0,0,SUM(INDEX(Dls_d,A68):INDEX(Dls_d,INDEX($B$53:$M$53,MATCH(A68,$B$52:$M$52,0))))) | D68: =D67+C68-B68 | E68: =IF(C68>0,INDEX(Dls_k,11),0) | F68: =D68*INDEX(Dls_h,11)
A69: =INDEX(Dls_t,12) | B69: =INDEX(Dls_d,12) | C69: =IF(COUNTIF($B$52:$M$52,A69)=0,0,SUM(INDEX(Dls_d,A69):INDEX(Dls_d,INDEX($B$53:$M$53,MATCH(A69,$B$52:$M$52,0))))) | D69: =D68+C69-B69 | E69: =IF(C69>0,INDEX(Dls_k,12),0) | F69: =D69*INDEX(Dls_h,12)
A70: Total | E70: =SUM(E58:E69) | F70: =SUM(F58:F69)
A71: These two totals are the setup and carrying reported at the top, and they add to V(N).

Sheet Heuristics
A1: Three heuristics, one procedure
A2: Chapter 5, section 5.5. Each rule extends a window from the order month until its own test says stop.
A4: RESULTS
B5: Silver-Meal | C5: Least unit cost | D5: Part-period balancing
A6: Orders placed | B6: =COUNTIF(C73:C84,">0") | C6: =COUNTIF(G73:G84,">0") | D6: =COUNTIF(K73:K84,">0")
A7: Relevant cost | B7: =E85+F85 | C7: =I85+J85 | D7: =M85+N85
A8: Penalty against the optimum | B8: =B7/WagnerWhitin!$B$5-1 | C8: =C7/WagnerWhitin!$B$5-1 | D8: =D7/WagnerWhitin!$B$5-1
A10: CHECK with the data as shipped
A11: Silver-Meal $2,660, 7.26% above the optimum. Least unit cost $3,040, 22.58%.
A12: Part-period balancing $2,600, 4.84%. All three place five orders; the optimum places six.
A13: The optimum on the WagnerWhitin sheet is $2,480.
A14: SILVER-MEAL the relevant cost of the window, divided by its length
A15: Extend while the cost per period falls. Stop at the first month that raises it. | O15: stop here?
A16: t \ u | B16: 1 | C16: 2 | D16: 3 | E16: 4 | F16: 5 | G16: 6 | H16: 7 | I16: 8 | J16: 9 | K16: 10 | L16: 11 | M16: 12 | O16: 1 | P16: 2 | Q16: 3 | R16: 4 | S16: 5 | T16: 6 | U16: 7 | V16: 8 | W16: 9 | X16: 10 | Y16: 11 | Z16: 12 | AA16: stops at
A17: 1 | B17: =WagnerWhitin!B16/1 | C17: =WagnerWhitin!C16/2 | D17: =WagnerWhitin!D16/3 | E17: =WagnerWhitin!E16/4 | F17: =WagnerWhitin!F16/5 | G17: =WagnerWhitin!G16/6 | H17: =WagnerWhitin!H16/7 | I17: =WagnerWhitin!I16/8 | J17: =WagnerWhitin!J16/9 | K17: =WagnerWhitin!K16/10 | L17: =WagnerWhitin!L16/11 | M17: =WagnerWhitin!M16/12 | O17: =IF(C17>B17+0.000000001,1,0) | P17: =IF(D17>C17+0.000000001,1,0) | Q17: =IF(E17>D17+0.000000001,1,0) | R17: =IF(F17>E17+0.000000001,1,0) | S17: =IF(G17>F17+0.000000001,1,0) | T17: =IF(H17>G17+0.000000001,1,0) | U17: =IF(I17>H17+0.000000001,1,0) | V17: =IF(J17>I17+0.000000001,1,0) | ... Y17: =IF(M17>L17+0.000000001,1,0) | Z17: =1 | AA17: =MATCH(1,O17:Z17,0)
A18: 2 | C18: =WagnerWhitin!C17/1 | D18: =WagnerWhitin!D17/2 | E18: =WagnerWhitin!E17/3 | F18: =WagnerWhitin!F17/4 | G18: =WagnerWhitin!G17/5 | H18: =WagnerWhitin!H17/6 | I18: =WagnerWhitin!I17/7 | J18: =WagnerWhitin!J17/8 | K18: =WagnerWhitin!K17/9 | L18: =WagnerWhitin!L17/10 | M18: =WagnerWhitin!M17/11 | P18: =IF(D18>C18+0.000000001,1,0) | Q18: =IF(E18>D18+0.000000001,1,0) | R18: =IF(F18>E18+0.000000001,1,0) | S18: =IF(G18>F18+0.000000001,1,0) | T18: =IF(H18>G18+0.000000001,1,0) | U18: =IF(I18>H18+0.000000001,1,0) | V18: =IF(J18>I18+0.000000001,1,0) | W18: =IF(K18>J18+0.000000001,1,0) | ... Y18: =IF(M18>L18+0.000000001,1,0) | Z18: =1 | AA18: =MATCH(1,O18:Z18,0)
A19: 3 | D19: =WagnerWhitin!D18/1 | E19: =WagnerWhitin!E18/2 | F19: =WagnerWhitin!F18/3 | G19: =WagnerWhitin!G18/4 | H19: =WagnerWhitin!H18/5 | I19: =WagnerWhitin!I18/6 | J19: =WagnerWhitin!J18/7 | K19: =WagnerWhitin!K18/8 | L19: =WagnerWhitin!L18/9 | M19: =WagnerWhitin!M18/10 | Q19: =IF(E19>D19+0.000000001,1,0) | R19: =IF(F19>E19+0.000000001,1,0) | S19: =IF(G19>F19+0.000000001,1,0) | T19: =IF(H19>G19+0.000000001,1,0) | U19: =IF(I19>H19+0.000000001,1,0) | V19: =IF(J19>I19+0.000000001,1,0) | W19: =IF(K19>J19+0.000000001,1,0) | X19: =IF(L19>K19+0.000000001,1,0) | Y19: =IF(M19>L19+0.000000001,1,0) | Z19: =1 | AA19: =MATCH(1,O19:Z19,0)
A20: 4 | E20: =WagnerWhitin!E19/1 | F20: =WagnerWhitin!F19/2 | G20: =WagnerWhitin!G19/3 | H20: =WagnerWhitin!H19/4 | I20: =WagnerWhitin!I19/5 | J20: =WagnerWhitin!J19/6 | K20: =WagnerWhitin!K19/7 | L20: =WagnerWhitin!L19/8 | M20: =WagnerWhitin!M19/9 | R20: =IF(F20>E20+0.000000001,1,0) | S20: =IF(G20>F20+0.000000001,1,0) | T20: =IF(H20>G20+0.000000001,1,0) | U20: =IF(I20>H20+0.000000001,1,0) | V20: =IF(J20>I20+0.000000001,1,0) | W20: =IF(K20>J20+0.000000001,1,0) | X20: =IF(L20>K20+0.000000001,1,0) | Y20: =IF(M20>L20+0.000000001,1,0) | Z20: =1 | AA20: =MATCH(1,O20:Z20,0)
A21: 5 | F21: =WagnerWhitin!F20/1 | G21: =WagnerWhitin!G20/2 | H21: =WagnerWhitin!H20/3 | I21: =WagnerWhitin!I20/4 | J21: =WagnerWhitin!J20/5 | K21: =WagnerWhitin!K20/6 | L21: =WagnerWhitin!L20/7 | M21: =WagnerWhitin!M20/8 | S21: =IF(G21>F21+0.000000001,1,0) | T21: =IF(H21>G21+0.000000001,1,0) | U21: =IF(I21>H21+0.000000001,1,0) | V21: =IF(J21>I21+0.000000001,1,0) | W21: =IF(K21>J21+0.000000001,1,0) | X21: =IF(L21>K21+0.000000001,1,0) | Y21: =IF(M21>L21+0.000000001,1,0) | Z21: =1 | AA21: =MATCH(1,O21:Z21,0)
A22: 6 | G22: =WagnerWhitin!G21/1 | H22: =WagnerWhitin!H21/2 | I22: =WagnerWhitin!I21/3 | J22: =WagnerWhitin!J21/4 | K22: =WagnerWhitin!K21/5 | L22: =WagnerWhitin!L21/6 | M22: =WagnerWhitin!M21/7 | T22: =IF(H22>G22+0.000000001,1,0) | U22: =IF(I22>H22+0.000000001,1,0) | V22: =IF(J22>I22+0.000000001,1,0) | W22: =IF(K22>J22+0.000000001,1,0) | X22: =IF(L22>K22+0.000000001,1,0) | Y22: =IF(M22>L22+0.000000001,1,0) | Z22: =1 | AA22: =MATCH(1,O22:Z22,0)
A23: 7 | H23: =WagnerWhitin!H22/1 | I23: =WagnerWhitin!I22/2 | J23: =WagnerWhitin!J22/3 | K23: =WagnerWhitin!K22/4 | L23: =WagnerWhitin!L22/5 | M23: =WagnerWhitin!M22/6 | U23: =IF(I23>H23+0.000000001,1,0) | V23: =IF(J23>I23+0.000000001,1,0) | W23: =IF(K23>J23+0.000000001,1,0) | X23: =IF(L23>K23+0.000000001,1,0) | Y23: =IF(M23>L23+0.000000001,1,0) | Z23: =1 | AA23: =MATCH(1,O23:Z23,0)
A24: 8 | I24: =WagnerWhitin!I23/1 | J24: =WagnerWhitin!J23/2 | K24: =WagnerWhitin!K23/3 | L24: =WagnerWhitin!L23/4 | M24: =WagnerWhitin!M23/5 | V24: =IF(J24>I24+0.000000001,1,0) | W24: =IF(K24>J24+0.000000001,1,0) | X24: =IF(L24>K24+0.000000001,1,0) | Y24: =IF(M24>L24+0.000000001,1,0) | Z24: =1 | AA24: =MATCH(1,O24:Z24,0)
A25: 9 | J25: =WagnerWhitin!J24/1 | K25: =WagnerWhitin!K24/2 | L25: =WagnerWhitin!L24/3 | M25: =WagnerWhitin!M24/4 | W25: =IF(K25>J25+0.000000001,1,0) | X25: =IF(L25>K25+0.000000001,1,0) | Y25: =IF(M25>L25+0.000000001,1,0) | Z25: =1 | AA25: =MATCH(1,O25:Z25,0)
A26: 10 | K26: =WagnerWhitin!K25/1 | L26: =WagnerWhitin!L25/2 | M26: =WagnerWhitin!M25/3 | X26: =IF(L26>K26+0.000000001,1,0) | Y26: =IF(M26>L26+0.000000001,1,0) | Z26: =1 | AA26: =MATCH(1,O26:Z26,0)
A27: 11 | L27: =WagnerWhitin!L26/1 | M27: =WagnerWhitin!M26/2 | Y27: =IF(M27>L27+0.000000001,1,0) | Z27: =1 | AA27: =MATCH(1,O27:Z27,0)
A28: 12 | M28: =WagnerWhitin!M27/1 | Z28: =1 | AA28: =MATCH(1,O28:Z28,0)
A30: LEAST UNIT COST the relevant cost of the window, divided by the units it covers
A31: A window covering no units has no cost per unit, so it is left blank and stepped over. | O31: stop here?
A32: t \ u | B32: 1 | C32: 2 | D32: 3 | E32: 4 | F32: 5 | G32: 6 | H32: 7 | I32: 8 | J32: 9 | K32: 10 | L32: 11 | M32: 12 | O32: 1 | P32: 2 | Q32: 3 | R32: 4 | S32: 5 | T32: 6 | U32: 7 | V32: 8 | W32: 9 | X32: 10 | Y32: 11 | Z32: 12 | AA32: stops at
A33: 1 | B33: =IF(SUM(INDEX(Dls_d,1):INDEX(Dls_d,1))=0,"",WagnerWhitin!B16/SUM(INDEX(Dls_d,1):INDEX(Dls_d,1))) | C33: =IF(SUM(INDEX(Dls_d,1):INDEX(Dls_d,2))=0,"",WagnerWhitin!C16/SUM(INDEX(Dls_d,1):INDEX(Dls_d,2))) | D33: =IF(SUM(INDEX(Dls_d,1):INDEX(Dls_d,3))=0,"",WagnerWhitin!D16/SUM(INDEX(Dls_d,1):INDEX(Dls_d,3))) | E33: =IF(SUM(INDEX(Dls_d,1):INDEX(Dls_d,4))=0,"",WagnerWhitin!E16/SUM(INDEX(Dls_d,1):INDEX(Dls_d,4))) | F33: =IF(SUM(INDEX(Dls_d,1):INDEX(Dls_d,5))=0,"",WagnerWhitin!F16/SUM(INDEX(Dls_d,1):INDEX(Dls_d,5))) | G33: =IF(SUM(INDEX(Dls_d,1):INDEX(Dls_d,6))=0,"",WagnerWhitin!G16/SUM(INDEX(Dls_d,1):INDEX(Dls_d,6))) | H33: =IF(SUM(INDEX(Dls_d,1):INDEX(Dls_d,7))=0,"",WagnerWhitin!H16/SUM(INDEX(Dls_d,1):INDEX(Dls_d,7))) | I33: =IF(SUM(INDEX(Dls_d,1):INDEX(Dls_d,8))=0,"",WagnerWhitin!I16/SUM(INDEX(Dls_d,1):INDEX(Dls_d,8))) | J33: =IF(SUM(INDEX(Dls_d,1):INDEX(Dls_d,9))=0,"",WagnerWhitin!J16/SUM(INDEX(Dls_d,1):INDEX(Dls_d,9))) | K33: =IF(SUM(INDEX(Dls_d,1):INDEX(Dls_d,10))=0,"",WagnerWhitin!K16/SUM(INDEX(Dls_d,1):INDEX(Dls_d,10))) | L33: =IF(SUM(INDEX(Dls_d,1):INDEX(Dls_d,11))=0,"",WagnerWhitin!L16/SUM(INDEX(Dls_d,1):INDEX(Dls_d,11))) | M33: =IF(SUM(INDEX(Dls_d,1):INDEX(Dls_d,12))=0,"",WagnerWhitin!M16/SUM(INDEX(Dls_d,1):INDEX(Dls_d,12))) | O33: =IF(B33="",0,IF(C33="",0,IF(C33>B33+0.000000001,1,0))) | P33: =IF(C33="",0,IF(D33="",0,IF(D33>C33+0.000000001,1,0))) | Q33: =IF(D33="",0,IF(E33="",0,IF(E33>D33+0.000000001,1,0))) | R33: =IF(E33="",0,IF(F33="",0,IF(F33>E33+0.000000001,1,0))) | S33: =IF(F33="",0,IF(G33="",0,IF(G33>F33+0.000000001,1,0))) | T33: =IF(G33="",0,IF(H33="",0,IF(H33>G33+0.000000001,1,0))) | U33: =IF(H33="",0,IF(I33="",0,IF(I33>H33+0.000000001,1,0))) | V33: =IF(I33="",0,IF(J33="",0,IF(J33>I33+0.000000001,1,0))) | ... Y33: =IF(L33="",0,IF(M33="",0,IF(M33>L33+0.000000001,1,0))) | Z33: =IF(M33="",0,1) | AA33: =MATCH(1,O33:Z33,0)
A34: 2 | C34: =IF(SUM(INDEX(Dls_d,2):INDEX(Dls_d,2))=0,"",WagnerWhitin!C17/SUM(INDEX(Dls_d,2):INDEX(Dls_d,2))) | D34: =IF(SUM(INDEX(Dls_d,2):INDEX(Dls_d,3))=0,"",WagnerWhitin!D17/SUM(INDEX(Dls_d,2):INDEX(Dls_d,3))) | E34: =IF(SUM(INDEX(Dls_d,2):INDEX(Dls_d,4))=0,"",WagnerWhitin!E17/SUM(INDEX(Dls_d,2):INDEX(Dls_d,4))) | F34: =IF(SUM(INDEX(Dls_d,2):INDEX(Dls_d,5))=0,"",WagnerWhitin!F17/SUM(INDEX(Dls_d,2):INDEX(Dls_d,5))) | G34: =IF(SUM(INDEX(Dls_d,2):INDEX(Dls_d,6))=0,"",WagnerWhitin!G17/SUM(INDEX(Dls_d,2):INDEX(Dls_d,6))) | H34: =IF(SUM(INDEX(Dls_d,2):INDEX(Dls_d,7))=0,"",WagnerWhitin!H17/SUM(INDEX(Dls_d,2):INDEX(Dls_d,7))) | I34: =IF(SUM(INDEX(Dls_d,2):INDEX(Dls_d,8))=0,"",WagnerWhitin!I17/SUM(INDEX(Dls_d,2):INDEX(Dls_d,8))) | J34: =IF(SUM(INDEX(Dls_d,2):INDEX(Dls_d,9))=0,"",WagnerWhitin!J17/SUM(INDEX(Dls_d,2):INDEX(Dls_d,9))) | K34: =IF(SUM(INDEX(Dls_d,2):INDEX(Dls_d,10))=0,"",WagnerWhitin!K17/SUM(INDEX(Dls_d,2):INDEX(Dls_d,10))) | L34: =IF(SUM(INDEX(Dls_d,2):INDEX(Dls_d,11))=0,"",WagnerWhitin!L17/SUM(INDEX(Dls_d,2):INDEX(Dls_d,11))) | M34: =IF(SUM(INDEX(Dls_d,2):INDEX(Dls_d,12))=0,"",WagnerWhitin!M17/SUM(INDEX(Dls_d,2):INDEX(Dls_d,12))) | P34: =IF(C34="",0,IF(D34="",0,IF(D34>C34+0.000000001,1,0))) | Q34: =IF(D34="",0,IF(E34="",0,IF(E34>D34+0.000000001,1,0))) | R34: =IF(E34="",0,IF(F34="",0,IF(F34>E34+0.000000001,1,0))) | S34: =IF(F34="",0,IF(G34="",0,IF(G34>F34+0.000000001,1,0))) | T34: =IF(G34="",0,IF(H34="",0,IF(H34>G34+0.000000001,1,0))) | U34: =IF(H34="",0,IF(I34="",0,IF(I34>H34+0.000000001,1,0))) | V34: =IF(I34="",0,IF(J34="",0,IF(J34>I34+0.000000001,1,0))) | W34: =IF(J34="",0,IF(K34="",0,IF(K34>J34+0.000000001,1,0))) | ... Y34: =IF(L34="",0,IF(M34="",0,IF(M34>L34+0.000000001,1,0))) | Z34: =IF(M34="",0,1) | AA34: =MATCH(1,O34:Z34,0)
A35: 3 | D35: =IF(SUM(INDEX(Dls_d,3):INDEX(Dls_d,3))=0,"",WagnerWhitin!D18/SUM(INDEX(Dls_d,3):INDEX(Dls_d,3))) | E35: =IF(SUM(INDEX(Dls_d,3):INDEX(Dls_d,4))=0,"",WagnerWhitin!E18/SUM(INDEX(Dls_d,3):INDEX(Dls_d,4))) | F35: =IF(SUM(INDEX(Dls_d,3):INDEX(Dls_d,5))=0,"",WagnerWhitin!F18/SUM(INDEX(Dls_d,3):INDEX(Dls_d,5))) | G35: =IF(SUM(INDEX(Dls_d,3):INDEX(Dls_d,6))=0,"",WagnerWhitin!G18/SUM(INDEX(Dls_d,3):INDEX(Dls_d,6))) | H35: =IF(SUM(INDEX(Dls_d,3):INDEX(Dls_d,7))=0,"",WagnerWhitin!H18/SUM(INDEX(Dls_d,3):INDEX(Dls_d,7))) | I35: =IF(SUM(INDEX(Dls_d,3):INDEX(Dls_d,8))=0,"",WagnerWhitin!I18/SUM(INDEX(Dls_d,3):INDEX(Dls_d,8))) | J35: =IF(SUM(INDEX(Dls_d,3):INDEX(Dls_d,9))=0,"",WagnerWhitin!J18/SUM(INDEX(Dls_d,3):INDEX(Dls_d,9))) | K35: =IF(SUM(INDEX(Dls_d,3):INDEX(Dls_d,10))=0,"",WagnerWhitin!K18/SUM(INDEX(Dls_d,3):INDEX(Dls_d,10))) | L35: =IF(SUM(INDEX(Dls_d,3):INDEX(Dls_d,11))=0,"",WagnerWhitin!L18/SUM(INDEX(Dls_d,3):INDEX(Dls_d,11))) | M35: =IF(SUM(INDEX(Dls_d,3):INDEX(Dls_d,12))=0,"",WagnerWhitin!M18/SUM(INDEX(Dls_d,3):INDEX(Dls_d,12))) | Q35: =IF(D35="",0,IF(E35="",0,IF(E35>D35+0.000000001,1,0))) | R35: =IF(E35="",0,IF(F35="",0,IF(F35>E35+0.000000001,1,0))) | S35: =IF(F35="",0,IF(G35="",0,IF(G35>F35+0.000000001,1,0))) | T35: =IF(G35="",0,IF(H35="",0,IF(H35>G35+0.000000001,1,0))) | U35: =IF(H35="",0,IF(I35="",0,IF(I35>H35+0.000000001,1,0))) | V35: =IF(I35="",0,IF(J35="",0,IF(J35>I35+0.000000001,1,0))) | W35: =IF(J35="",0,IF(K35="",0,IF(K35>J35+0.000000001,1,0))) | X35: =IF(K35="",0,IF(L35="",0,IF(L35>K35+0.000000001,1,0))) | Y35: =IF(L35="",0,IF(M35="",0,IF(M35>L35+0.000000001,1,0))) | Z35: =IF(M35="",0,1) | AA35: =MATCH(1,O35:Z35,0)
A36: 4 | E36: =IF(SUM(INDEX(Dls_d,4):INDEX(Dls_d,4))=0,"",WagnerWhitin!E19/SUM(INDEX(Dls_d,4):INDEX(Dls_d,4))) | F36: =IF(SUM(INDEX(Dls_d,4):INDEX(Dls_d,5))=0,"",WagnerWhitin!F19/SUM(INDEX(Dls_d,4):INDEX(Dls_d,5))) | G36: =IF(SUM(INDEX(Dls_d,4):INDEX(Dls_d,6))=0,"",WagnerWhitin!G19/SUM(INDEX(Dls_d,4):INDEX(Dls_d,6))) | H36: =IF(SUM(INDEX(Dls_d,4):INDEX(Dls_d,7))=0,"",WagnerWhitin!H19/SUM(INDEX(Dls_d,4):INDEX(Dls_d,7))) | I36: =IF(SUM(INDEX(Dls_d,4):INDEX(Dls_d,8))=0,"",WagnerWhitin!I19/SUM(INDEX(Dls_d,4):INDEX(Dls_d,8))) | J36: =IF(SUM(INDEX(Dls_d,4):INDEX(Dls_d,9))=0,"",WagnerWhitin!J19/SUM(INDEX(Dls_d,4):INDEX(Dls_d,9))) | K36: =IF(SUM(INDEX(Dls_d,4):INDEX(Dls_d,10))=0,"",WagnerWhitin!K19/SUM(INDEX(Dls_d,4):INDEX(Dls_d,10))) | L36: =IF(SUM(INDEX(Dls_d,4):INDEX(Dls_d,11))=0,"",WagnerWhitin!L19/SUM(INDEX(Dls_d,4):INDEX(Dls_d,11))) | M36: =IF(SUM(INDEX(Dls_d,4):INDEX(Dls_d,12))=0,"",WagnerWhitin!M19/SUM(INDEX(Dls_d,4):INDEX(Dls_d,12))) | R36: =IF(E36="",0,IF(F36="",0,IF(F36>E36+0.000000001,1,0))) | S36: =IF(F36="",0,IF(G36="",0,IF(G36>F36+0.000000001,1,0))) | T36: =IF(G36="",0,IF(H36="",0,IF(H36>G36+0.000000001,1,0))) | U36: =IF(H36="",0,IF(I36="",0,IF(I36>H36+0.000000001,1,0))) | V36: =IF(I36="",0,IF(J36="",0,IF(J36>I36+0.000000001,1,0))) | W36: =IF(J36="",0,IF(K36="",0,IF(K36>J36+0.000000001,1,0))) | X36: =IF(K36="",0,IF(L36="",0,IF(L36>K36+0.000000001,1,0))) | Y36: =IF(L36="",0,IF(M36="",0,IF(M36>L36+0.000000001,1,0))) | Z36: =IF(M36="",0,1) | AA36: =MATCH(1,O36:Z36,0)
A37: 5 | F37: =IF(SUM(INDEX(Dls_d,5):INDEX(Dls_d,5))=0,"",WagnerWhitin!F20/SUM(INDEX(Dls_d,5):INDEX(Dls_d,5))) | G37: =IF(SUM(INDEX(Dls_d,5):INDEX(Dls_d,6))=0,"",WagnerWhitin!G20/SUM(INDEX(Dls_d,5):INDEX(Dls_d,6))) | H37: =IF(SUM(INDEX(Dls_d,5):INDEX(Dls_d,7))=0,"",WagnerWhitin!H20/SUM(INDEX(Dls_d,5):INDEX(Dls_d,7))) | I37: =IF(SUM(INDEX(Dls_d,5):INDEX(Dls_d,8))=0,"",WagnerWhitin!I20/SUM(INDEX(Dls_d,5):INDEX(Dls_d,8))) | J37: =IF(SUM(INDEX(Dls_d,5):INDEX(Dls_d,9))=0,"",WagnerWhitin!J20/SUM(INDEX(Dls_d,5):INDEX(Dls_d,9))) | K37: =IF(SUM(INDEX(Dls_d,5):INDEX(Dls_d,10))=0,"",WagnerWhitin!K20/SUM(INDEX(Dls_d,5):INDEX(Dls_d,10))) | L37: =IF(SUM(INDEX(Dls_d,5):INDEX(Dls_d,11))=0,"",WagnerWhitin!L20/SUM(INDEX(Dls_d,5):INDEX(Dls_d,11))) | M37: =IF(SUM(INDEX(Dls_d,5):INDEX(Dls_d,12))=0,"",WagnerWhitin!M20/SUM(INDEX(Dls_d,5):INDEX(Dls_d,12))) | S37: =IF(F37="",0,IF(G37="",0,IF(G37>F37+0.000000001,1,0))) | T37: =IF(G37="",0,IF(H37="",0,IF(H37>G37+0.000000001,1,0))) | U37: =IF(H37="",0,IF(I37="",0,IF(I37>H37+0.000000001,1,0))) | V37: =IF(I37="",0,IF(J37="",0,IF(J37>I37+0.000000001,1,0))) | W37: =IF(J37="",0,IF(K37="",0,IF(K37>J37+0.000000001,1,0))) | X37: =IF(K37="",0,IF(L37="",0,IF(L37>K37+0.000000001,1,0))) | Y37: =IF(L37="",0,IF(M37="",0,IF(M37>L37+0.000000001,1,0))) | Z37: =IF(M37="",0,1) | AA37: =MATCH(1,O37:Z37,0)
A38: 6 | G38: =IF(SUM(INDEX(Dls_d,6):INDEX(Dls_d,6))=0,"",WagnerWhitin!G21/SUM(INDEX(Dls_d,6):INDEX(Dls_d,6))) | H38: =IF(SUM(INDEX(Dls_d,6):INDEX(Dls_d,7))=0,"",WagnerWhitin!H21/SUM(INDEX(Dls_d,6):INDEX(Dls_d,7))) | I38: =IF(SUM(INDEX(Dls_d,6):INDEX(Dls_d,8))=0,"",WagnerWhitin!I21/SUM(INDEX(Dls_d,6):INDEX(Dls_d,8))) | J38: =IF(SUM(INDEX(Dls_d,6):INDEX(Dls_d,9))=0,"",WagnerWhitin!J21/SUM(INDEX(Dls_d,6):INDEX(Dls_d,9))) | K38: =IF(SUM(INDEX(Dls_d,6):INDEX(Dls_d,10))=0,"",WagnerWhitin!K21/SUM(INDEX(Dls_d,6):INDEX(Dls_d,10))) | L38: =IF(SUM(INDEX(Dls_d,6):INDEX(Dls_d,11))=0,"",WagnerWhitin!L21/SUM(INDEX(Dls_d,6):INDEX(Dls_d,11))) | M38: =IF(SUM(INDEX(Dls_d,6):INDEX(Dls_d,12))=0,"",WagnerWhitin!M21/SUM(INDEX(Dls_d,6):INDEX(Dls_d,12))) | T38: =IF(G38="",0,IF(H38="",0,IF(H38>G38+0.000000001,1,0))) | U38: =IF(H38="",0,IF(I38="",0,IF(I38>H38+0.000000001,1,0))) | V38: =IF(I38="",0,IF(J38="",0,IF(J38>I38+0.000000001,1,0))) | W38: =IF(J38="",0,IF(K38="",0,IF(K38>J38+0.000000001,1,0))) | X38: =IF(K38="",0,IF(L38="",0,IF(L38>K38+0.000000001,1,0))) | Y38: =IF(L38="",0,IF(M38="",0,IF(M38>L38+0.000000001,1,0))) | Z38: =IF(M38="",0,1) | AA38: =MATCH(1,O38:Z38,0)
A39: 7 | H39: =IF(SUM(INDEX(Dls_d,7):INDEX(Dls_d,7))=0,"",WagnerWhitin!H22/SUM(INDEX(Dls_d,7):INDEX(Dls_d,7))) | I39: =IF(SUM(INDEX(Dls_d,7):INDEX(Dls_d,8))=0,"",WagnerWhitin!I22/SUM(INDEX(Dls_d,7):INDEX(Dls_d,8))) | J39: =IF(SUM(INDEX(Dls_d,7):INDEX(Dls_d,9))=0,"",WagnerWhitin!J22/SUM(INDEX(Dls_d,7):INDEX(Dls_d,9))) | K39: =IF(SUM(INDEX(Dls_d,7):INDEX(Dls_d,10))=0,"",WagnerWhitin!K22/SUM(INDEX(Dls_d,7):INDEX(Dls_d,10))) | L39: =IF(SUM(INDEX(Dls_d,7):INDEX(Dls_d,11))=0,"",WagnerWhitin!L22/SUM(INDEX(Dls_d,7):INDEX(Dls_d,11))) | M39: =IF(SUM(INDEX(Dls_d,7):INDEX(Dls_d,12))=0,"",WagnerWhitin!M22/SUM(INDEX(Dls_d,7):INDEX(Dls_d,12))) | U39: =IF(H39="",0,IF(I39="",0,IF(I39>H39+0.000000001,1,0))) | V39: =IF(I39="",0,IF(J39="",0,IF(J39>I39+0.000000001,1,0))) | W39: =IF(J39="",0,IF(K39="",0,IF(K39>J39+0.000000001,1,0))) | X39: =IF(K39="",0,IF(L39="",0,IF(L39>K39+0.000000001,1,0))) | Y39: =IF(L39="",0,IF(M39="",0,IF(M39>L39+0.000000001,1,0))) | Z39: =IF(M39="",0,1) | AA39: =MATCH(1,O39:Z39,0)
A40: 8 | I40: =IF(SUM(INDEX(Dls_d,8):INDEX(Dls_d,8))=0,"",WagnerWhitin!I23/SUM(INDEX(Dls_d,8):INDEX(Dls_d,8))) | J40: =IF(SUM(INDEX(Dls_d,8):INDEX(Dls_d,9))=0,"",WagnerWhitin!J23/SUM(INDEX(Dls_d,8):INDEX(Dls_d,9))) | K40: =IF(SUM(INDEX(Dls_d,8):INDEX(Dls_d,10))=0,"",WagnerWhitin!K23/SUM(INDEX(Dls_d,8):INDEX(Dls_d,10))) | L40: =IF(SUM(INDEX(Dls_d,8):INDEX(Dls_d,11))=0,"",WagnerWhitin!L23/SUM(INDEX(Dls_d,8):INDEX(Dls_d,11))) | M40: =IF(SUM(INDEX(Dls_d,8):INDEX(Dls_d,12))=0,"",WagnerWhitin!M23/SUM(INDEX(Dls_d,8):INDEX(Dls_d,12))) | V40: =IF(I40="",0,IF(J40="",0,IF(J40>I40+0.000000001,1,0))) | W40: =IF(J40="",0,IF(K40="",0,IF(K40>J40+0.000000001,1,0))) | X40: =IF(K40="",0,IF(L40="",0,IF(L40>K40+0.000000001,1,0))) | Y40: =IF(L40="",0,IF(M40="",0,IF(M40>L40+0.000000001,1,0))) | Z40: =IF(M40="",0,1) | AA40: =MATCH(1,O40:Z40,0)
A41: 9 | J41: =IF(SUM(INDEX(Dls_d,9):INDEX(Dls_d,9))=0,"",WagnerWhitin!J24/SUM(INDEX(Dls_d,9):INDEX(Dls_d,9))) | K41: =IF(SUM(INDEX(Dls_d,9):INDEX(Dls_d,10))=0,"",WagnerWhitin!K24/SUM(INDEX(Dls_d,9):INDEX(Dls_d,10))) | L41: =IF(SUM(INDEX(Dls_d,9):INDEX(Dls_d,11))=0,"",WagnerWhitin!L24/SUM(INDEX(Dls_d,9):INDEX(Dls_d,11))) | M41: =IF(SUM(INDEX(Dls_d,9):INDEX(Dls_d,12))=0,"",WagnerWhitin!M24/SUM(INDEX(Dls_d,9):INDEX(Dls_d,12))) | W41: =IF(J41="",0,IF(K41="",0,IF(K41>J41+0.000000001,1,0))) | X41: =IF(K41="",0,IF(L41="",0,IF(L41>K41+0.000000001,1,0))) | Y41: =IF(L41="",0,IF(M41="",0,IF(M41>L41+0.000000001,1,0))) | Z41: =IF(M41="",0,1) | AA41: =MATCH(1,O41:Z41,0)
A42: 10 | K42: =IF(SUM(INDEX(Dls_d,10):INDEX(Dls_d,10))=0,"",WagnerWhitin!K25/SUM(INDEX(Dls_d,10):INDEX(Dls_d,10))) | L42: =IF(SUM(INDEX(Dls_d,10):INDEX(Dls_d,11))=0,"",WagnerWhitin!L25/SUM(INDEX(Dls_d,10):INDEX(Dls_d,11))) | M42: =IF(SUM(INDEX(Dls_d,10):INDEX(Dls_d,12))=0,"",WagnerWhitin!M25/SUM(INDEX(Dls_d,10):INDEX(Dls_d,12))) | X42: =IF(K42="",0,IF(L42="",0,IF(L42>K42+0.000000001,1,0))) | Y42: =IF(L42="",0,IF(M42="",0,IF(M42>L42+0.000000001,1,0))) | Z42: =IF(M42="",0,1) | AA42: =MATCH(1,O42:Z42,0)
A43: 11 | L43: =IF(SUM(INDEX(Dls_d,11):INDEX(Dls_d,11))=0,"",WagnerWhitin!L26/SUM(INDEX(Dls_d,11):INDEX(Dls_d,11))) | M43: =IF(SUM(INDEX(Dls_d,11):INDEX(Dls_d,12))=0,"",WagnerWhitin!M26/SUM(INDEX(Dls_d,11):INDEX(Dls_d,12))) | Y43: =IF(L43="",0,IF(M43="",0,IF(M43>L43+0.000000001,1,0))) | Z43: =IF(M43="",0,1) | AA43: =MATCH(1,O43:Z43,0)
A44: 12 | M44: =IF(SUM(INDEX(Dls_d,12):INDEX(Dls_d,12))=0,"",WagnerWhitin!M27/SUM(INDEX(Dls_d,12):INDEX(Dls_d,12))) | Z44: =IF(M44="",0,1) | AA44: =MATCH(1,O44:Z44,0)
A46: PART-PERIOD BALANCING what the window carries, against the order cost
A47: Carrying only grows as the window grows, so the last month at or under k is found by a lookup.
A48: t \ u | B48: 1 | C48: 2 | D48: 3 | E48: 4 | F48: 5 | G48: 6 | H48: 7 | I48: 8 | J48: 9 | K48: 10 | L48: 11 | M48: 12 | O48: last month at or under k | AA48: stops at
A49: 1 | B49: =WagnerWhitin!B16-INDEX(Dls_k,1) | C49: =WagnerWhitin!C16-INDEX(Dls_k,1) | D49: =WagnerWhitin!D16-INDEX(Dls_k,1) | E49: =WagnerWhitin!E16-INDEX(Dls_k,1) | F49: =WagnerWhitin!F16-INDEX(Dls_k,1) | G49: =WagnerWhitin!G16-INDEX(Dls_k,1) | H49: =WagnerWhitin!H16-INDEX(Dls_k,1) | I49: =WagnerWhitin!I16-INDEX(Dls_k,1) | ... M49: =WagnerWhitin!M16-INDEX(Dls_k,1) | O49: =MATCH(Data!$B$5,B49:M49,1) | AA49: =IF(O49>=12,12,IF(ABS(INDEX(B49:M49,O49+1)-Data!$B$5)<ABS(INDEX(B49:M49,O49)-Data!$B$5),O49+1,O49))
A50: 2 | C50: =WagnerWhitin!C17-INDEX(Dls_k,2) | D50: =WagnerWhitin!D17-INDEX(Dls_k,2) | E50: =WagnerWhitin!E17-INDEX(Dls_k,2) | F50: =WagnerWhitin!F17-INDEX(Dls_k,2) | G50: =WagnerWhitin!G17-INDEX(Dls_k,2) | H50: =WagnerWhitin!H17-INDEX(Dls_k,2) | I50: =WagnerWhitin!I17-INDEX(Dls_k,2) | J50: =WagnerWhitin!J17-INDEX(Dls_k,2) | ... M50: =WagnerWhitin!M17-INDEX(Dls_k,2) | O50: =MATCH(Data!$B$5,B50:M50,1) | AA50: =IF(O50>=12,12,IF(ABS(INDEX(B50:M50,O50+1)-Data!$B$5)<ABS(INDEX(B50:M50,O50)-Data!$B$5),O50+1,O50))
A51: 3 | D51: =WagnerWhitin!D18-INDEX(Dls_k,3) | E51: =WagnerWhitin!E18-INDEX(Dls_k,3) | F51: =WagnerWhitin!F18-INDEX(Dls_k,3) | G51: =WagnerWhitin!G18-INDEX(Dls_k,3) | H51: =WagnerWhitin!H18-INDEX(Dls_k,3) | I51: =WagnerWhitin!I18-INDEX(Dls_k,3) | J51: =WagnerWhitin!J18-INDEX(Dls_k,3) | K51: =WagnerWhitin!K18-INDEX(Dls_k,3) | ... M51: =WagnerWhitin!M18-INDEX(Dls_k,3) | O51: =MATCH(Data!$B$5,B51:M51,1) | AA51: =IF(O51>=12,12,IF(ABS(INDEX(B51:M51,O51+1)-Data!$B$5)<ABS(INDEX(B51:M51,O51)-Data!$B$5),O51+1,O51))
A52: 4 | E52: =WagnerWhitin!E19-INDEX(Dls_k,4) | F52: =WagnerWhitin!F19-INDEX(Dls_k,4) | G52: =WagnerWhitin!G19-INDEX(Dls_k,4) | H52: =WagnerWhitin!H19-INDEX(Dls_k,4) | I52: =WagnerWhitin!I19-INDEX(Dls_k,4) | J52: =WagnerWhitin!J19-INDEX(Dls_k,4) | K52: =WagnerWhitin!K19-INDEX(Dls_k,4) | L52: =WagnerWhitin!L19-INDEX(Dls_k,4) | M52: =WagnerWhitin!M19-INDEX(Dls_k,4) | O52: =MATCH(Data!$B$5,B52:M52,1) | AA52: =IF(O52>=12,12,IF(ABS(INDEX(B52:M52,O52+1)-Data!$B$5)<ABS(INDEX(B52:M52,O52)-Data!$B$5),O52+1,O52))
A53: 5 | F53: =WagnerWhitin!F20-INDEX(Dls_k,5) | G53: =WagnerWhitin!G20-INDEX(Dls_k,5) | H53: =WagnerWhitin!H20-INDEX(Dls_k,5) | I53: =WagnerWhitin!I20-INDEX(Dls_k,5) | J53: =WagnerWhitin!J20-INDEX(Dls_k,5) | K53: =WagnerWhitin!K20-INDEX(Dls_k,5) | L53: =WagnerWhitin!L20-INDEX(Dls_k,5) | M53: =WagnerWhitin!M20-INDEX(Dls_k,5) | O53: =MATCH(Data!$B$5,B53:M53,1) | AA53: =IF(O53>=12,12,IF(ABS(INDEX(B53:M53,O53+1)-Data!$B$5)<ABS(INDEX(B53:M53,O53)-Data!$B$5),O53+1,O53))
A54: 6 | G54: =WagnerWhitin!G21-INDEX(Dls_k,6) | H54: =WagnerWhitin!H21-INDEX(Dls_k,6) | I54: =WagnerWhitin!I21-INDEX(Dls_k,6) | J54: =WagnerWhitin!J21-INDEX(Dls_k,6) | K54: =WagnerWhitin!K21-INDEX(Dls_k,6) | L54: =WagnerWhitin!L21-INDEX(Dls_k,6) | M54: =WagnerWhitin!M21-INDEX(Dls_k,6) | O54: =MATCH(Data!$B$5,B54:M54,1) | AA54: =IF(O54>=12,12,IF(ABS(INDEX(B54:M54,O54+1)-Data!$B$5)<ABS(INDEX(B54:M54,O54)-Data!$B$5),O54+1,O54))
A55: 7 | H55: =WagnerWhitin!H22-INDEX(Dls_k,7) | I55: =WagnerWhitin!I22-INDEX(Dls_k,7) | J55: =WagnerWhitin!J22-INDEX(Dls_k,7) | K55: =WagnerWhitin!K22-INDEX(Dls_k,7) | L55: =WagnerWhitin!L22-INDEX(Dls_k,7) | M55: =WagnerWhitin!M22-INDEX(Dls_k,7) | O55: =MATCH(Data!$B$5,B55:M55,1) | AA55: =IF(O55>=12,12,IF(ABS(INDEX(B55:M55,O55+1)-Data!$B$5)<ABS(INDEX(B55:M55,O55)-Data!$B$5),O55+1,O55))
A56: 8 | I56: =WagnerWhitin!I23-INDEX(Dls_k,8) | J56: =WagnerWhitin!J23-INDEX(Dls_k,8) | K56: =WagnerWhitin!K23-INDEX(Dls_k,8) | L56: =WagnerWhitin!L23-INDEX(Dls_k,8) | M56: =WagnerWhitin!M23-INDEX(Dls_k,8) | O56: =MATCH(Data!$B$5,B56:M56,1) | AA56: =IF(O56>=12,12,IF(ABS(INDEX(B56:M56,O56+1)-Data!$B$5)<ABS(INDEX(B56:M56,O56)-Data!$B$5),O56+1,O56))
A57: 9 | J57: =WagnerWhitin!J24-INDEX(Dls_k,9) | K57: =WagnerWhitin!K24-INDEX(Dls_k,9) | L57: =WagnerWhitin!L24-INDEX(Dls_k,9) | M57: =WagnerWhitin!M24-INDEX(Dls_k,9) | O57: =MATCH(Data!$B$5,B57:M57,1) | AA57: =IF(O57>=12,12,IF(ABS(INDEX(B57:M57,O57+1)-Data!$B$5)<ABS(INDEX(B57:M57,O57)-Data!$B$5),O57+1,O57))
A58: 10 | K58: =WagnerWhitin!K25-INDEX(Dls_k,10) | L58: =WagnerWhitin!L25-INDEX(Dls_k,10) | M58: =WagnerWhitin!M25-INDEX(Dls_k,10) | O58: =MATCH(Data!$B$5,B58:M58,1) | AA58: =IF(O58>=12,12,IF(ABS(INDEX(B58:M58,O58+1)-Data!$B$5)<ABS(INDEX(B58:M58,O58)-Data!$B$5),O58+1,O58))
A59: 11 | L59: =WagnerWhitin!L26-INDEX(Dls_k,11) | M59: =WagnerWhitin!M26-INDEX(Dls_k,11) | O59: =MATCH(Data!$B$5,B59:M59,1) | AA59: =IF(O59>=12,12,IF(ABS(INDEX(B59:M59,O59+1)-Data!$B$5)<ABS(INDEX(B59:M59,O59)-Data!$B$5),O59+1,O59))
A60: 12 | M60: =WagnerWhitin!M27-INDEX(Dls_k,12) | O60: =MATCH(Data!$B$5,B60:M60,1) | AA60: =IF(O60>=12,12,IF(ABS(INDEX(B60:M60,O60+1)-Data!$B$5)<ABS(INDEX(B60:M60,O60)-Data!$B$5),O60+1,O60))
A61: The lookup wants a column that only grows, which carrying does. A score that can fall needs the test above.
A63: THE CHAINS the first order falls in month 1, and each order starts where the last one stopped
A64: Order | B64: 1 | C64: 2 | D64: 3 | E64: 4 | F64: 5 | G64: 6 | H64: 7 | I64: 8 | J64: 9 | K64: 10 | L64: 11 | M64: 12
A65: Silver-Meal | B65: =1 | C65: =IF(B65="","",IF(INDEX($AA$17:$AA$28,B65)>=12,"",INDEX($AA$17:$AA$28,B65)+1)) | D65: =IF(C65="","",IF(INDEX($AA$17:$AA$28,C65)>=12,"",INDEX($AA$17:$AA$28,C65)+1)) | E65: =IF(D65="","",IF(INDEX($AA$17:$AA$28,D65)>=12,"",INDEX($AA$17:$AA$28,D65)+1)) | F65: =IF(E65="","",IF(INDEX($AA$17:$AA$28,E65)>=12,"",INDEX($AA$17:$AA$28,E65)+1)) | G65: =IF(F65="","",IF(INDEX($AA$17:$AA$28,F65)>=12,"",INDEX($AA$17:$AA$28,F65)+1)) | H65: =IF(G65="","",IF(INDEX($AA$17:$AA$28,G65)>=12,"",INDEX($AA$17:$AA$28,G65)+1)) | I65: =IF(H65="","",IF(INDEX($AA$17:$AA$28,H65)>=12,"",INDEX($AA$17:$AA$28,H65)+1)) | J65: =IF(I65="","",IF(INDEX($AA$17:$AA$28,I65)>=12,"",INDEX($AA$17:$AA$28,I65)+1)) | ... M65: =IF(L65="","",IF(INDEX($AA$17:$AA$28,L65)>=12,"",INDEX($AA$17:$AA$28,L65)+1))
A66: Least unit cost | B66: =1 | C66: =IF(B66="","",IF(INDEX($AA$33:$AA$44,B66)>=12,"",INDEX($AA$33:$AA$44,B66)+1)) | D66: =IF(C66="","",IF(INDEX($AA$33:$AA$44,C66)>=12,"",INDEX($AA$33:$AA$44,C66)+1)) | E66: =IF(D66="","",IF(INDEX($AA$33:$AA$44,D66)>=12,"",INDEX($AA$33:$AA$44,D66)+1)) | F66: =IF(E66="","",IF(INDEX($AA$33:$AA$44,E66)>=12,"",INDEX($AA$33:$AA$44,E66)+1)) | G66: =IF(F66="","",IF(INDEX($AA$33:$AA$44,F66)>=12,"",INDEX($AA$33:$AA$44,F66)+1)) | H66: =IF(G66="","",IF(INDEX($AA$33:$AA$44,G66)>=12,"",INDEX($AA$33:$AA$44,G66)+1)) | I66: =IF(H66="","",IF(INDEX($AA$33:$AA$44,H66)>=12,"",INDEX($AA$33:$AA$44,H66)+1)) | J66: =IF(I66="","",IF(INDEX($AA$33:$AA$44,I66)>=12,"",INDEX($AA$33:$AA$44,I66)+1)) | ... M66: =IF(L66="","",IF(INDEX($AA$33:$AA$44,L66)>=12,"",INDEX($AA$33:$AA$44,L66)+1))
A67: Part-period balancing | B67: =1 | C67: =IF(B67="","",IF(INDEX($AA$49:$AA$60,B67)>=12,"",INDEX($AA$49:$AA$60,B67)+1)) | D67: =IF(C67="","",IF(INDEX($AA$49:$AA$60,C67)>=12,"",INDEX($AA$49:$AA$60,C67)+1)) | E67: =IF(D67="","",IF(INDEX($AA$49:$AA$60,D67)>=12,"",INDEX($AA$49:$AA$60,D67)+1)) | F67: =IF(E67="","",IF(INDEX($AA$49:$AA$60,E67)>=12,"",INDEX($AA$49:$AA$60,E67)+1)) | G67: =IF(F67="","",IF(INDEX($AA$49:$AA$60,F67)>=12,"",INDEX($AA$49:$AA$60,F67)+1)) | H67: =IF(G67="","",IF(INDEX($AA$49:$AA$60,G67)>=12,"",INDEX($AA$49:$AA$60,G67)+1)) | I67: =IF(H67="","",IF(INDEX($AA$49:$AA$60,H67)>=12,"",INDEX($AA$49:$AA$60,H67)+1)) | J67: =IF(I67="","",IF(INDEX($AA$49:$AA$60,I67)>=12,"",INDEX($AA$49:$AA$60,I67)+1)) | ... M67: =IF(L67="","",IF(INDEX($AA$49:$AA$60,L67)>=12,"",INDEX($AA$49:$AA$60,L67)+1))
A68: A blank means the previous order already reached month N, so the plan needs no further order.
A70: THE PLANS one row per month, one group of columns per rule
C71: Silver-Meal | G71: Least unit cost | K71: Part-period balancing
A72: Month | B72: Requirement | C72: Order | D72: End | E72: Setup | F72: Carrying | G72: Order | H72: End | I72: Setup | J72: Carrying | K72: Order | L72: End | M72: Setup | N72: Carrying
A73: =INDEX(Dls_t,1) | B73: =INDEX(Dls_d,1) | C73: =IF(COUNTIF($B$65:$M$65,A73)=0,0,SUM(INDEX(Dls_d,A73):INDEX(Dls_d,INDEX($AA$17:$AA$28,A73)))) | D73: =0+C73-$B73 | E73: =IF(C73>0,INDEX(Dls_k,1),0) | F73: =D73*INDEX(Dls_h,1) | G73: =IF(COUNTIF($B$66:$M$66,A73)=0,0,SUM(INDEX(Dls_d,A73):INDEX(Dls_d,INDEX($AA$33:$AA$44,A73)))) | H73: =0+G73-$B73 | I73: =IF(G73>0,INDEX(Dls_k,1),0) | J73: =H73*INDEX(Dls_h,1) | K73: =IF(COUNTIF($B$67:$M$67,A73)=0,0,SUM(INDEX(Dls_d,A73):INDEX(Dls_d,INDEX($AA$49:$AA$60,A73)))) | L73: =0+K73-$B73 | M73: =IF(K73>0,INDEX(Dls_k,1),0) | N73: =L73*INDEX(Dls_h,1)
A74: =INDEX(Dls_t,2) | B74: =INDEX(Dls_d,2) | C74: =IF(COUNTIF($B$65:$M$65,A74)=0,0,SUM(INDEX(Dls_d,A74):INDEX(Dls_d,INDEX($AA$17:$AA$28,A74)))) | D74: =D73+C74-$B74 | E74: =IF(C74>0,INDEX(Dls_k,2),0) | F74: =D74*INDEX(Dls_h,2) | G74: =IF(COUNTIF($B$66:$M$66,A74)=0,0,SUM(INDEX(Dls_d,A74):INDEX(Dls_d,INDEX($AA$33:$AA$44,A74)))) | H74: =H73+G74-$B74 | I74: =IF(G74>0,INDEX(Dls_k,2),0) | J74: =H74*INDEX(Dls_h,2) | K74: =IF(COUNTIF($B$67:$M$67,A74)=0,0,SUM(INDEX(Dls_d,A74):INDEX(Dls_d,INDEX($AA$49:$AA$60,A74)))) | L74: =L73+K74-$B74 | M74: =IF(K74>0,INDEX(Dls_k,2),0) | N74: =L74*INDEX(Dls_h,2)
A75: =INDEX(Dls_t,3) | B75: =INDEX(Dls_d,3) | C75: =IF(COUNTIF($B$65:$M$65,A75)=0,0,SUM(INDEX(Dls_d,A75):INDEX(Dls_d,INDEX($AA$17:$AA$28,A75)))) | D75: =D74+C75-$B75 | E75: =IF(C75>0,INDEX(Dls_k,3),0) | F75: =D75*INDEX(Dls_h,3) | G75: =IF(COUNTIF($B$66:$M$66,A75)=0,0,SUM(INDEX(Dls_d,A75):INDEX(Dls_d,INDEX($AA$33:$AA$44,A75)))) | H75: =H74+G75-$B75 | I75: =IF(G75>0,INDEX(Dls_k,3),0) | J75: =H75*INDEX(Dls_h,3) | K75: =IF(COUNTIF($B$67:$M$67,A75)=0,0,SUM(INDEX(Dls_d,A75):INDEX(Dls_d,INDEX($AA$49:$AA$60,A75)))) | L75: =L74+K75-$B75 | M75: =IF(K75>0,INDEX(Dls_k,3),0) | N75: =L75*INDEX(Dls_h,3)
A76: =INDEX(Dls_t,4) | B76: =INDEX(Dls_d,4) | C76: =IF(COUNTIF($B$65:$M$65,A76)=0,0,SUM(INDEX(Dls_d,A76):INDEX(Dls_d,INDEX($AA$17:$AA$28,A76)))) | D76: =D75+C76-$B76 | E76: =IF(C76>0,INDEX(Dls_k,4),0) | F76: =D76*INDEX(Dls_h,4) | G76: =IF(COUNTIF($B$66:$M$66,A76)=0,0,SUM(INDEX(Dls_d,A76):INDEX(Dls_d,INDEX($AA$33:$AA$44,A76)))) | H76: =H75+G76-$B76 | I76: =IF(G76>0,INDEX(Dls_k,4),0) | J76: =H76*INDEX(Dls_h,4) | K76: =IF(COUNTIF($B$67:$M$67,A76)=0,0,SUM(INDEX(Dls_d,A76):INDEX(Dls_d,INDEX($AA$49:$AA$60,A76)))) | L76: =L75+K76-$B76 | M76: =IF(K76>0,INDEX(Dls_k,4),0) | N76: =L76*INDEX(Dls_h,4)
A77: =INDEX(Dls_t,5) | B77: =INDEX(Dls_d,5) | C77: =IF(COUNTIF($B$65:$M$65,A77)=0,0,SUM(INDEX(Dls_d,A77):INDEX(Dls_d,INDEX($AA$17:$AA$28,A77)))) | D77: =D76+C77-$B77 | E77: =IF(C77>0,INDEX(Dls_k,5),0) | F77: =D77*INDEX(Dls_h,5) | G77: =IF(COUNTIF($B$66:$M$66,A77)=0,0,SUM(INDEX(Dls_d,A77):INDEX(Dls_d,INDEX($AA$33:$AA$44,A77)))) | H77: =H76+G77-$B77 | I77: =IF(G77>0,INDEX(Dls_k,5),0) | J77: =H77*INDEX(Dls_h,5) | K77: =IF(COUNTIF($B$67:$M$67,A77)=0,0,SUM(INDEX(Dls_d,A77):INDEX(Dls_d,INDEX($AA$49:$AA$60,A77)))) | L77: =L76+K77-$B77 | M77: =IF(K77>0,INDEX(Dls_k,5),0) | N77: =L77*INDEX(Dls_h,5)
A78: =INDEX(Dls_t,6) | B78: =INDEX(Dls_d,6) | C78: =IF(COUNTIF($B$65:$M$65,A78)=0,0,SUM(INDEX(Dls_d,A78):INDEX(Dls_d,INDEX($AA$17:$AA$28,A78)))) | D78: =D77+C78-$B78 | E78: =IF(C78>0,INDEX(Dls_k,6),0) | F78: =D78*INDEX(Dls_h,6) | G78: =IF(COUNTIF($B$66:$M$66,A78)=0,0,SUM(INDEX(Dls_d,A78):INDEX(Dls_d,INDEX($AA$33:$AA$44,A78)))) | H78: =H77+G78-$B78 | I78: =IF(G78>0,INDEX(Dls_k,6),0) | J78: =H78*INDEX(Dls_h,6) | K78: =IF(COUNTIF($B$67:$M$67,A78)=0,0,SUM(INDEX(Dls_d,A78):INDEX(Dls_d,INDEX($AA$49:$AA$60,A78)))) | L78: =L77+K78-$B78 | M78: =IF(K78>0,INDEX(Dls_k,6),0) | N78: =L78*INDEX(Dls_h,6)
A79: =INDEX(Dls_t,7) | B79: =INDEX(Dls_d,7) | C79: =IF(COUNTIF($B$65:$M$65,A79)=0,0,SUM(INDEX(Dls_d,A79):INDEX(Dls_d,INDEX($AA$17:$AA$28,A79)))) | D79: =D78+C79-$B79 | E79: =IF(C79>0,INDEX(Dls_k,7),0) | F79: =D79*INDEX(Dls_h,7) | G79: =IF(COUNTIF($B$66:$M$66,A79)=0,0,SUM(INDEX(Dls_d,A79):INDEX(Dls_d,INDEX($AA$33:$AA$44,A79)))) | H79: =H78+G79-$B79 | I79: =IF(G79>0,INDEX(Dls_k,7),0) | J79: =H79*INDEX(Dls_h,7) | K79: =IF(COUNTIF($B$67:$M$67,A79)=0,0,SUM(INDEX(Dls_d,A79):INDEX(Dls_d,INDEX($AA$49:$AA$60,A79)))) | L79: =L78+K79-$B79 | M79: =IF(K79>0,INDEX(Dls_k,7),0) | N79: =L79*INDEX(Dls_h,7)
A80: =INDEX(Dls_t,8) | B80: =INDEX(Dls_d,8) | C80: =IF(COUNTIF($B$65:$M$65,A80)=0,0,SUM(INDEX(Dls_d,A80):INDEX(Dls_d,INDEX($AA$17:$AA$28,A80)))) | D80: =D79+C80-$B80 | E80: =IF(C80>0,INDEX(Dls_k,8),0) | F80: =D80*INDEX(Dls_h,8) | G80: =IF(COUNTIF($B$66:$M$66,A80)=0,0,SUM(INDEX(Dls_d,A80):INDEX(Dls_d,INDEX($AA$33:$AA$44,A80)))) | H80: =H79+G80-$B80 | I80: =IF(G80>0,INDEX(Dls_k,8),0) | J80: =H80*INDEX(Dls_h,8) | K80: =IF(COUNTIF($B$67:$M$67,A80)=0,0,SUM(INDEX(Dls_d,A80):INDEX(Dls_d,INDEX($AA$49:$AA$60,A80)))) | L80: =L79+K80-$B80 | M80: =IF(K80>0,INDEX(Dls_k,8),0) | N80: =L80*INDEX(Dls_h,8)
A81: =INDEX(Dls_t,9) | B81: =INDEX(Dls_d,9) | C81: =IF(COUNTIF($B$65:$M$65,A81)=0,0,SUM(INDEX(Dls_d,A81):INDEX(Dls_d,INDEX($AA$17:$AA$28,A81)))) | D81: =D80+C81-$B81 | E81: =IF(C81>0,INDEX(Dls_k,9),0) | F81: =D81*INDEX(Dls_h,9) | G81: =IF(COUNTIF($B$66:$M$66,A81)=0,0,SUM(INDEX(Dls_d,A81):INDEX(Dls_d,INDEX($AA$33:$AA$44,A81)))) | H81: =H80+G81-$B81 | I81: =IF(G81>0,INDEX(Dls_k,9),0) | J81: =H81*INDEX(Dls_h,9) | K81: =IF(COUNTIF($B$67:$M$67,A81)=0,0,SUM(INDEX(Dls_d,A81):INDEX(Dls_d,INDEX($AA$49:$AA$60,A81)))) | L81: =L80+K81-$B81 | M81: =IF(K81>0,INDEX(Dls_k,9),0) | N81: =L81*INDEX(Dls_h,9)
A82: =INDEX(Dls_t,10) | B82: =INDEX(Dls_d,10) | C82: =IF(COUNTIF($B$65:$M$65,A82)=0,0,SUM(INDEX(Dls_d,A82):INDEX(Dls_d,INDEX($AA$17:$AA$28,A82)))) | D82: =D81+C82-$B82 | E82: =IF(C82>0,INDEX(Dls_k,10),0) | F82: =D82*INDEX(Dls_h,10) | G82: =IF(COUNTIF($B$66:$M$66,A82)=0,0,SUM(INDEX(Dls_d,A82):INDEX(Dls_d,INDEX($AA$33:$AA$44,A82)))) | H82: =H81+G82-$B82 | I82: =IF(G82>0,INDEX(Dls_k,10),0) | J82: =H82*INDEX(Dls_h,10) | K82: =IF(COUNTIF($B$67:$M$67,A82)=0,0,SUM(INDEX(Dls_d,A82):INDEX(Dls_d,INDEX($AA$49:$AA$60,A82)))) | L82: =L81+K82-$B82 | M82: =IF(K82>0,INDEX(Dls_k,10),0) | N82: =L82*INDEX(Dls_h,10)
A83: =INDEX(Dls_t,11) | B83: =INDEX(Dls_d,11) | C83: =IF(COUNTIF($B$65:$M$65,A83)=0,0,SUM(INDEX(Dls_d,A83):INDEX(Dls_d,INDEX($AA$17:$AA$28,A83)))) | D83: =D82+C83-$B83 | E83: =IF(C83>0,INDEX(Dls_k,11),0) | F83: =D83*INDEX(Dls_h,11) | G83: =IF(COUNTIF($B$66:$M$66,A83)=0,0,SUM(INDEX(Dls_d,A83):INDEX(Dls_d,INDEX($AA$33:$AA$44,A83)))) | H83: =H82+G83-$B83 | I83: =IF(G83>0,INDEX(Dls_k,11),0) | J83: =H83*INDEX(Dls_h,11) | K83: =IF(COUNTIF($B$67:$M$67,A83)=0,0,SUM(INDEX(Dls_d,A83):INDEX(Dls_d,INDEX($AA$49:$AA$60,A83)))) | L83: =L82+K83-$B83 | M83: =IF(K83>0,INDEX(Dls_k,11),0) | N83: =L83*INDEX(Dls_h,11)
A84: =INDEX(Dls_t,12) | B84: =INDEX(Dls_d,12) | C84: =IF(COUNTIF($B$65:$M$65,A84)=0,0,SUM(INDEX(Dls_d,A84):INDEX(Dls_d,INDEX($AA$17:$AA$28,A84)))) | D84: =D83+C84-$B84 | E84: =IF(C84>0,INDEX(Dls_k,12),0) | F84: =D84*INDEX(Dls_h,12) | G84: =IF(COUNTIF($B$66:$M$66,A84)=0,0,SUM(INDEX(Dls_d,A84):INDEX(Dls_d,INDEX($AA$33:$AA$44,A84)))) | H84: =H83+G84-$B84 | I84: =IF(G84>0,INDEX(Dls_k,12),0) | J84: =H84*INDEX(Dls_h,12) | K84: =IF(COUNTIF($B$67:$M$67,A84)=0,0,SUM(INDEX(Dls_d,A84):INDEX(Dls_d,INDEX($AA$49:$AA$60,A84)))) | L84: =L83+K84-$B84 | M84: =IF(K84>0,INDEX(Dls_k,12),0) | N84: =L84*INDEX(Dls_h,12)
A85: Total | E85: =SUM(E73:E84) | F85: =SUM(F73:F84) | I85: =SUM(I73:I84) | J85: =SUM(J73:J84) | M85: =SUM(M73:M84) | N85: =SUM(N73:N84)
A86: Setup plus carrying for each rule is the relevant cost reported at the top.

Sheet Solver
A1: The same problem for Solver
A2: Chapter 5, section 5.4.3.
A4: OBJECTIVE
A5: Total relevant cost, minimize this | B5: =SUM(F14:F25)+SUM(G14:G25)
A6: Largest shortage, which must stay at zero | B6: =-MIN(0,MIN(E14:E25))
A8: HOW
A9: Data > Solver. Set objective B5 to a minimum by changing C14:D25.
A10: Subject to: D14:D25 = binary, C14:C25 >= 0, E14:E25 >= 0, H14:H25 <= 0
A11: Choose the Simplex LP engine. Section 5.4.3 explains why the model is linear in these variables.
A13: Month | B13: Requirement | C13: Order Q(t) | D13: Order? y(t) | E13: End I(t) | F13: Setup | G13: Carrying | H13: Q - My
A14: =INDEX(Dls_t,1) | B14: =INDEX(Dls_d,1) | C14: 220 | D14: 1 | E14: =0+C14-B14 | F14: =D14*INDEX(Dls_k,1) | G14: =E14*INDEX(Dls_h,1) | H14: =C14-1840*D14
A15: =INDEX(Dls_t,2) | B15: =INDEX(Dls_d,2) | C15: 0 | D15: 0 | E15: =E14+C15-B15 | F15: =D15*INDEX(Dls_k,2) | G15: =E15*INDEX(Dls_h,2) | H15: =C15-1840*D15
A16: =INDEX(Dls_t,3) | B16: =INDEX(Dls_d,3) | C16: 0 | D16: 0 | E16: =E15+C16-B16 | F16: =D16*INDEX(Dls_k,3) | G16: =E16*INDEX(Dls_h,3) | H16: =C16-1840*D16
A17: =INDEX(Dls_t,4) | B17: =INDEX(Dls_d,4) | C17: 300 | D17: 1 | E17: =E16+C17-B17 | F17: =D17*INDEX(Dls_k,4) | G17: =E17*INDEX(Dls_h,4) | H17: =C17-1840*D17
A18: =INDEX(Dls_t,5) | B18: =INDEX(Dls_d,5) | C18: 420 | D18: 1 | E18: =E17+C18-B18 | F18: =D18*INDEX(Dls_k,5) | G18: =E18*INDEX(Dls_h,5) | H18: =C18-1840*D18
A19: =INDEX(Dls_t,6) | B19: =INDEX(Dls_d,6) | C19: 420 | D19: 1 | E19: =E18+C19-B19 | F19: =D19*INDEX(Dls_k,6) | G19: =E19*INDEX(Dls_h,6) | H19: =C19-1840*D19
A20: =INDEX(Dls_t,7) | B20: =INDEX(Dls_d,7) | C20: 0 | D20: 0 | E20: =E19+C20-B20 | F20: =D20*INDEX(Dls_k,7) | G20: =E20*INDEX(Dls_h,7) | H20: =C20-1840*D20
A21: =INDEX(Dls_t,8) | B21: =INDEX(Dls_d,8) | C21: 0 | D21: 0 | E21: =E20+C21-B21 | F21: =D21*INDEX(Dls_k,8) | G21: =E21*INDEX(Dls_h,8) | H21: =C21-1840*D21
A22: =INDEX(Dls_t,9) | B22: =INDEX(Dls_d,9) | C22: 0 | D22: 0 | E22: =E21+C22-B22 | F22: =D22*INDEX(Dls_k,9) | G22: =E22*INDEX(Dls_h,9) | H22: =C22-1840*D22
A23: =INDEX(Dls_t,10) | B23: =INDEX(Dls_d,10) | C23: 260 | D23: 1 | E23: =E22+C23-B23 | F23: =D23*INDEX(Dls_k,10) | G23: =E23*INDEX(Dls_h,10) | H23: =C23-1840*D23
A24: =INDEX(Dls_t,11) | B24: =INDEX(Dls_d,11) | C24: 0 | D24: 0 | E24: =E23+C24-B24 | F24: =D24*INDEX(Dls_k,11) | G24: =E24*INDEX(Dls_h,11) | H24: =C24-1840*D24
A25: =INDEX(Dls_t,12) | B25: =INDEX(Dls_d,12) | C25: 220 | D25: 1 | E25: =E24+C25-B25 | F25: =D25*INDEX(Dls_k,12) | G25: =E25*INDEX(Dls_h,12) | H25: =C25-1840*D25
A27: Column H is the linking constraint: an order can be positive only in a month whose flag is one.
A28: M is 1840, the whole horizon's requirement, which is the most any single order would ever carry.
A30: CHECK with the data as shipped
A31: The sheet ships holding the optimal plan, so B5 already reads $2,480 and B6 reads zero.
A32: Clear C14:D25 to zero and Solver should find its way back to $2,480.
